{"type": "FeatureCollection", "features": [{"type": "Feature", "properties": {"ssGmStId": 261, "ssGmStNm": "0047-1068 ANP", "cmpnntGmId": 5.0, "ss2dUqLnId": "0047-1068 ANP", "district": "LANDMARK", "project": "NEOGENO_FOZAMAZONAS", "subprj": "ALL_DATA", "owtype": "Seis2DLine", "Shape_Leng": 0.0, "OBJECTID": 1.0, "Interpret": "Nao iniciada"}, "geometry": {"type": "LineString", "coordinates": [[-50.391, 4.28234], [-50.37572, 4.27023], [-50.36397, 4.25844], [-50.34352, 4.2424], [-50.33746, 4.23781], [-50.32302, 4.22626], [-50.29412, 4.19982], [-50.2767, 4.18531], [-50.26757, 4.17787], [-50.23446, 4.14948], [-50.20932, 4.12764], [-50.20135, 4.12003], [-50.19673, 4.11662], [-50.1895, 4.1112], [-50.16392, 4.08895], [-50.1385, 4.06796], [-50.10654, 4.03932], [-50.08882, 4.02497], [-50.02917, 3.9751], [-50.0152, 3.96255], [-49.76329, 3.74847], [-49.72193, 3.71436]]}}, {"type": "Feature", "properties": {"ssGmStId": 262, "ssGmStNm": "0048-0186 ANP", "cmpnntGmId": 5.0, "ss2dUqLnId": "0048-0186 ANP", "district": "LANDMARK", "project": "NEOGENO_FOZAMAZONAS", "subprj": "ALL_DATA", "owtype": "Seis2DLine", "Shape_Leng": 0.0, "OBJECTID": 2.0, "Interpret": "Nao iniciada"}, "geometry": {"type": "LineString", "coordinates": [[-47.32735, 0.34883], [-47.35508, 0.38946], [-47.36041, 0.39731], [-47.56812, 0.70557], [-47.58213, 0.72461], [-47.67523, 0.86362], [-47.68764, 0.88026], [-47.74977, 0.97132], [-47.78474, 1.02321], [-47.8298, 1.09073], [-47.84578, 1.11369], [-47.87769, 1.16117]]}}, {"type": "Feature", "properties": {"ssGmStId": 263, "ssGmStNm": "0048-0194 ANP", "cmpnntGmId": 5.0, "ss2dUqLnId": "0048-0194 ANP", "district": "LANDMARK", "project": "NEOGENO_FOZAMAZONAS", "subprj": "ALL_DATA", "owtype": "Seis2DLine", "Shape_Leng": 0.0, "OBJECTID": 3.0, "Interpret": "Nao iniciada"}, "geometry": {"type": "LineString", "coordinates": [[-47.58302, 0.60322], [-47.56049, 0.62288], [-47.53773, 0.64278], [-47.40975, 0.75627], [-47.36172, 0.80041], [-47.19299, 0.95173], [-47.12842, 1.00888], [-47.08918, 1.04609], [-47.05235, 1.07803], [-46.98059, 1.14236], [-46.92234, 1.1943], [-46.89319, 1.22078], [-46.80079, 1.30324], [-46.65845, 1.43374]]}}, {"type": "Feature", "properties": {"ssGmStId": 264, "ssGmStNm": "0073-0024", "cmpnntGmId": 5.0, "ss2dUqLnId": "0073-0024", "district": "LANDMARK", "project": "NEOGENO_FOZAMAZONAS", "subprj": "ALL_DATA", "owtype": "Seis2DLine", "Shape_Leng": 0.0, "OBJECTID": 4.0, "Interpret": "Nao iniciada"}, "geometry": {"type": "LineString", "coordinates": [[-39.4809, -2.09114], [-38.70353, -2.62693], [-38.37582, -2.85393], [-37.62225, -3.37438]]}}, {"type": "Feature", "properties": {"ssGmStId": 265, "ssGmStNm": "0073-0032", "cmpnntGmId": 5.0, "ss2dUqLnId": "0073-0032", "district": "LANDMARK", "project": "NEOGENO_FOZAMAZONAS", "subprj": "ALL_DATA", "owtype": "Seis2DLine", "Shape_Leng": 0.0, "OBJECTID": 5.0, "Interpret": "Nao iniciada"}, "geometry": {"type": "LineString", "coordinates": [[-37.97279, -1.49412], [-38.59543, -2.17487], [-39.10641, -2.73248]]}}, {"type": "Feature", "properties": {"ssGmStId": 266, "ssGmStNm": "0073-0037", "cmpnntGmId": 5.0, "ss2dUqLnId": "0073-0037", "district": "LANDMARK", "project": "NEOGENO_FOZAMAZONAS", "subprj": "ALL_DATA", "owtype": "Seis2DLine", "Shape_Leng": 0.0, "OBJECTID": 6.0, "Interpret": "Nao iniciada"}, "geometry": {"type": "LineString", "coordinates": [[-38.57964, -3.10389], [-38.13194, -2.49615], [-37.70086, -1.90911]]}}, {"type": "Feature", "properties": {"ssGmStId": 267, "ssGmStNm": "0073-0076", "cmpnntGmId": 5.0, "ss2dUqLnId": "0073-0076", "district": "LANDMARK", "project": "NEOGENO_FOZAMAZONAS", "subprj": "ALL_DATA", "owtype": "Seis2DLine", "Shape_Leng": 0.0, "OBJECTID": 7.0, "Interpret": "Nao iniciada"}, "geometry": {"type": "LineString", "coordinates": [[-49.11399, 4.57534], [-49.15128, 4.54328], [-49.15717, 4.53552], [-49.16499, 4.52832], [-49.1688, 4.5247], [-49.1941, 4.49753], [-49.24819, 4.42979], [-49.27564, 4.39809], [-49.42219, 4.27075], [-49.4596, 4.2359]]}}, {"type": "Feature", "properties": {"ssGmStId": 268, "ssGmStNm": "0073-0080 ANP", "cmpnntGmId": 5.0, "ss2dUqLnId": "0073-0080 ANP", "district": "LANDMARK", "project": "NEOGENO_FOZAMAZONAS", "subprj": "ALL_DATA", "owtype": "Seis2DLine", "Shape_Leng": 0.0, "OBJECTID": 8.0, "Interpret": "Nao iniciada"}, "geometry": {"type": "LineString", "coordinates": [[-48.82592, 3.71393], [-48.54997, 3.9743]]}}, {"type": "Feature", "properties": {"ssGmStId": 269, "ssGmStNm": "0073-0081 ANP", "cmpnntGmId": 5.0, "ss2dUqLnId": "0073-0081 ANP", "district": "LANDMARK", "project": "NEOGENO_FOZAMAZONAS", "subprj": "ALL_DATA", "owtype": "Seis2DLine", "Shape_Leng": 0.0, "OBJECTID": 9.0, "Interpret": "Nao iniciada"}, "geometry": {"type": "LineString", "coordinates": [[-47.75981, 4.27581], [-47.78836, 4.24958], [-47.82149, 4.21859], [-47.85175, 4.19049], [-47.8795, 4.16467], [-47.90459, 4.14146], [-47.92304, 4.12352], [-47.94288, 4.1056], [-47.96173, 4.0876], [-47.98033, 4.07034], [-47.99569, 4.05555], [-48.01142, 4.04114], [-48.02411, 4.02994], [-48.0368, 4.01775], [-48.04885, 4.00638], [-48.06007, 3.99609], [-48.07037, 3.98628], [-48.08, 3.97725], [-48.08919, 3.96868], [-48.10391, 3.95468], [-48.1072, 3.95148], [-48.11049, 3.94827], [-48.11371, 3.94516], [-48.11931, 3.9399], [-48.14541, 3.91606], [-48.19331, 3.87181], [-48.2633, 3.81217], [-48.38463, 3.71351], [-48.43918, 3.68928], [-48.49237, 3.63558], [-48.597, 3.52302]]}}, {"type": "Feature", "properties": {"ssGmStId": 270, "ssGmStNm": "0073-0084 ANP", "cmpnntGmId": 5.0, "ss2dUqLnId": "0073-0084 ANP", "district": "LANDMARK", "project": "NEOGENO_FOZAMAZONAS", "subprj": "ALL_DATA", "owtype": "Seis2DLine", "Shape_Leng": 0.0, "OBJECTID": 10.0, "Interpret": "Nao iniciada"}, "geometry": {"type": "LineString", "coordinates": [[-49.16701, 4.76363], [-49.11505, 4.71733], [-49.08531, 4.69352], [-48.9928, 4.60154], [-48.98542, 4.58268], [-48.98071, 4.57512], [-48.97101, 4.56455], [-48.95599, 4.55139], [-48.79405, 4.41529], [-48.7808, 4.40456], [-48.77529, 4.40145], [-48.76451, 4.39416], [-48.74758, 4.37702], [-48.71117, 4.34579], [-48.63474, 4.28161], [-48.62849, 4.27824], [-48.62195, 4.27087], [-48.53337, 4.19608], [-48.51996, 4.18619], [-48.49319, 4.16353], [-48.47961, 4.15203], [-48.46652, 4.14095], [-48.45415, 4.13047], [-48.44223, 4.12038], [-48.42572, 4.1064], [-48.20164, 3.91744], [-48.16632, 3.88918], [-48.15573, 3.8781], [-48.13984, 3.86601], [-48.08937, 3.82354], [-48.05545, 3.79494], [-48.03851, 3.7804], [-48.00018, 3.74813], [-47.98306, 3.72773], [-47.97535, 3.72033], [-47.96895, 3.71446], [-47.95612, 3.7035], [-47.93992, 3.68924], [-47.83351, 3.60447], [-47.80571, 3.57864], [-47.78588, 3.55156], [-47.78102, 3.54784], [-47.77653, 3.54452], [-47.74922, 3.52544], [-47.73425, 3.51621], [-47.7216, 3.50852], [-47.6865, 3.48619], [-47.63157, 3.42957], [-47.39131, 3.22624], [-47.36948, 3.20968], [-47.31042, 3.14787], [-47.29334, 3.13459], [-47.2665, 3.11766], [-47.24269, 3.08217], [-47.20602, 3.00124], [-47.19405, 2.98423], [-47.18195, 2.97259], [-47.16692, 2.96078], [-47.15664, 2.953], [-47.14918, 2.94732], [-47.14359, 2.94307], [-47.13314, 2.93422], [-47.09192, 2.91531], [-47.07157, 2.91353], [-47.01863, 2.90963], [-47.00979, 2.90861], [-47.00361, 2.90598], [-46.95682, 2.86339], [-46.91445, 2.82725], [-46.89033, 2.80345], [-46.81622, 2.74082]]}}, {"type": "Feature", "properties": {"ssGmStId": 271, "ssGmStNm": "0073-0085 ANP", "cmpnntGmId": 5.0, "ss2dUqLnId": "0073-0085 ANP", "district": "LANDMARK", "project": "NEOGENO_FOZAMAZONAS", "subprj": "ALL_DATA", "owtype": "Seis2DLine", "Shape_Leng": 0.0, "OBJECTID": 11.0, "Interpret": "Nao iniciada"}, "geometry": {"type": "LineString", "coordinates": [[-50.39768, 5.47469], [-50.37244, 5.45376], [-50.34171, 5.43249], [-50.3208, 5.41508], [-50.30978, 5.40732], [-50.28178, 5.39341], [-50.23657, 5.37598], [-50.18141, 5.34663], [-50.16336, 5.32804], [-49.81195, 5.04095], [-49.72268, 4.96681], [-49.71945, 4.9628], [-49.69787, 4.94663], [-49.50545, 4.78835]]}}, {"type": "Feature", "properties": {"ssGmStId": 272, "ssGmStNm": "0073-0089", "cmpnntGmId": 5.0, "ss2dUqLnId": "0073-0089", "district": "LANDMARK", "project": "NEOGENO_FOZAMAZONAS", "subprj": "ALL_DATA", "owtype": "Seis2DLine", "Shape_Leng": 0.0, "OBJECTID": 12.0, "Interpret": "Nao iniciada"}, "geometry": {"type": "LineString", "coordinates": [[-47.04772, 3.18775], [-47.50495, 2.75515]]}}, {"type": "Feature", "properties": {"ssGmStId": 273, "ssGmStNm": "0092-0022_1_5", "cmpnntGmId": 5.0, "ss2dUqLnId": "0092-0022_1_5", "district": "LANDMARK", "project": "NEOGENO_FOZAMAZONAS", "subprj": "ALL_DATA", "owtype": "Seis2DLine", "Shape_Leng": 0.0, "OBJECTID": 13.0, "Interpret": "Nao iniciada"}, "geometry": {"type": "LineString", "coordinates": [[-47.45294, 2.59253], [-47.45849, 2.59788], [-48.51906, 3.50712]]}}, {"type": "Feature", "properties": {"ssGmStId": 274, "ssGmStNm": "0092-0044", "cmpnntGmId": 5.0, "ss2dUqLnId": "0092-0044", "district": "LANDMARK", "project": "NEOGENO_FOZAMAZONAS", "subprj": "ALL_DATA", "owtype": "Seis2DLine", "Shape_Leng": 0.0, "OBJECTID": 14.0, "Interpret": "Nao iniciada"}, "geometry": {"type": "LineString", "coordinates": [[-48.44209, 3.17214], [-48.42727, 3.16758], [-48.42646, 3.16429], [-48.42364, 3.16386], [-48.41903, 3.15831], [-48.41563, 3.15672], [-48.41194, 3.15065], [-48.40615, 3.14902], [-48.40319, 3.14702], [-48.39841, 3.14015], [-48.39601, 3.13962], [-48.3856, 3.12911], [-48.38373, 3.12879], [-48.38174, 3.12475], [-48.37398, 3.12032], [-48.37204, 3.11775], [-48.36744, 3.11503], [-48.36547, 3.11151], [-48.33671, 3.08694], [-48.33054, 3.08148], [-48.32766, 3.08054], [-48.31776, 3.07142], [-48.31134, 3.06446], [-48.30814, 3.06203], [-48.30428, 3.06141], [-48.30372, 3.06069], [-48.29731, 3.05199], [-48.29496, 3.05182], [-48.29048, 3.04664], [-48.28103, 3.04039], [-48.27563, 3.03349], [-48.27069, 3.03173], [-48.26396, 3.02439], [-48.25811, 3.02072], [-48.25386, 3.0142], [-48.24846, 3.01264], [-48.24461, 3.00893], [-48.24214, 3.00448], [-48.23807, 3.00221], [-48.22655, 2.99183], [-48.20695, 2.97543]]}}, {"type": "Feature", "properties": {"ssGmStId": 275, "ssGmStNm": "0092-0247", "cmpnntGmId": 5.0, "ss2dUqLnId": "0092-0247", "district": "LANDMARK", "project": "NEOGENO_FOZAMAZONAS", "subprj": "ALL_DATA", "owtype": "Seis2DLine", "Shape_Leng": 0.0, "OBJECTID": 15.0, "Interpret": "Nao iniciada"}, "geometry": {"type": "LineString", "coordinates": [[-47.8272, 2.46058], [-47.80016, 2.48752], [-47.76951, 2.52376], [-47.75022, 2.54413], [-47.73159, 2.56992], [-47.71504, 2.58886], [-47.70089, 2.60358], [-47.69221, 2.61602], [-47.68275, 2.62488], [-47.67092, 2.6396], [-47.66151, 2.64782], [-47.65506, 2.65904], [-47.64821, 2.66442], [-47.64317, 2.66972], [-47.63578, 2.68124], [-47.62536, 2.69006], [-47.62056, 2.69854], [-47.60969, 2.70966], [-47.60276, 2.72068], [-47.58961, 2.73324], [-47.58316, 2.74259], [-47.57239, 2.75268], [-47.56831, 2.75823], [-47.54807, 2.78222], [-47.52808, 2.80375], [-47.522, 2.80853], [-47.50335, 2.83588], [-47.49204, 2.84692]]}}, {"type": "Feature", "properties": {"ssGmStId": 276, "ssGmStNm": "0093-0025", "cmpnntGmId": 5.0, "ss2dUqLnId": "0093-0025", "district": "LANDMARK", "project": "NEOGENO_FOZAMAZONAS", "subprj": "ALL_DATA", "owtype": "Seis2DLine", "Shape_Leng": 0.0, "OBJECTID": 16.0, "Interpret": "Nao iniciada"}, "geometry": {"type": "LineString", "coordinates": [[-50.00107, 4.04264], [-49.86743, 4.15867], [-49.85114, 4.17199], [-49.8394, 4.18053], [-49.83599, 4.18552], [-49.7573, 4.25153], [-49.74529, 4.26436], [-49.72117, 4.28522], [-49.66555, 4.33127], [-49.65223, 4.34424], [-49.63217, 4.3616], [-49.62842, 4.36347], [-49.62304, 4.37072], [-49.61851, 4.37294], [-49.61231, 4.37915], [-49.60913, 4.3824], [-49.60327, 4.38683], [-49.59461, 4.39373], [-49.58193, 4.40666], [-49.57439, 4.41112], [-49.55411, 4.42975], [-49.54649, 4.43458], [-49.54478, 4.43724], [-49.53651, 4.44395], [-49.52762, 4.45377], [-49.52015, 4.45979], [-49.5161, 4.46065], [-49.4998, 4.47741], [-49.49239, 4.48264]]}}, {"type": "Feature", "properties": {"ssGmStId": 277, "ssGmStNm": "0222-0470", "cmpnntGmId": 5.0, "ss2dUqLnId": "0222-0470", "district": "LANDMARK", "project": "NEOGENO_FOZAMAZONAS", "subprj": "ALL_DATA", "owtype": "Seis2DLine", "Shape_Leng": 0.0, "OBJECTID": 17.0, "Interpret": "Nao iniciada"}, "geometry": {"type": "LineString", "coordinates": [[-38.85114, -2.62626], [-38.85956, -2.64302], [-38.8674, -2.65626], [-39.01636, -2.8814], [-39.05463, -2.93305], [-39.22642, -3.18334]]}}, {"type": "Feature", "properties": {"ssGmStId": 278, "ssGmStNm": "0222-0489", "cmpnntGmId": 5.0, "ss2dUqLnId": "0222-0489", "district": "LANDMARK", "project": "NEOGENO_FOZAMAZONAS", "subprj": "ALL_DATA", "owtype": "Seis2DLine", "Shape_Leng": 0.0, "OBJECTID": 18.0, "Interpret": "Nao iniciada"}, "geometry": {"type": "LineString", "coordinates": [[-38.37101, -3.04946], [-38.94622, -2.66551]]}}, {"type": "Feature", "properties": {"ssGmStId": 279, "ssGmStNm": "0222-0491", "cmpnntGmId": 5.0, "ss2dUqLnId": "0222-0491", "district": "LANDMARK", "project": "NEOGENO_FOZAMAZONAS", "subprj": "ALL_DATA", "owtype": "Seis2DLine", "Shape_Leng": 0.0, "OBJECTID": 19.0, "Interpret": "Nao iniciada"}, "geometry": {"type": "LineString", "coordinates": [[-38.41993, -3.11212], [-38.98947, -2.73451]]}}, {"type": "Feature", "properties": {"ssGmStId": 280, "ssGmStNm": "0222-0493", "cmpnntGmId": 5.0, "ss2dUqLnId": "0222-0493", "district": "LANDMARK", "project": "NEOGENO_FOZAMAZONAS", "subprj": "ALL_DATA", "owtype": "Seis2DLine", "Shape_Leng": 0.0, "OBJECTID": 20.0, "Interpret": "Nao iniciada"}, "geometry": {"type": "LineString", "coordinates": [[-38.44454, -3.18426], [-38.45061, -3.1802], [-38.4566, -3.1762], [-39.02694, -2.7937]]}}, {"type": "Feature", "properties": {"ssGmStId": 281, "ssGmStNm": "0222-0763 ANP", "cmpnntGmId": 5.0, "ss2dUqLnId": "0222-0763 ANP", "district": "LANDMARK", "project": "NEOGENO_FOZAMAZONAS", "subprj": "ALL_DATA", "owtype": "Seis2DLine", "Shape_Leng": 0.0, "OBJECTID": 21.0, "Interpret": "Nao iniciada"}, "geometry": {"type": "LineString", "coordinates": [[-48.52296, 3.33568], [-48.36351, 3.48344], [-48.3605, 3.48747], [-48.35292, 3.49308], [-48.34973, 3.49829], [-48.34625, 3.49926], [-48.30029, 3.54167], [-48.29665, 3.54704], [-48.28927, 3.55145], [-48.2818, 3.5605], [-48.27377, 3.56632], [-48.26745, 3.57386], [-48.26023, 3.57879], [-48.23101, 3.60738], [-48.22778, 3.60919], [-48.21824, 3.61868], [-48.18117, 3.65276]]}}, {"type": "Feature", "properties": {"ssGmStId": 282, "ssGmStNm": "0222-0778", "cmpnntGmId": 5.0, "ss2dUqLnId": "0222-0778", "district": "LANDMARK", "project": "NEOGENO_FOZAMAZONAS", "subprj": "ALL_DATA", "owtype": "Seis2DLine", "Shape_Leng": 0.0, "OBJECTID": 22.0, "Interpret": "Nao iniciada"}, "geometry": {"type": "LineString", "coordinates": [[-48.67434, 3.36037], [-48.69183, 3.37648], [-48.96634, 3.61301]]}}, {"type": "Feature", "properties": {"ssGmStId": 283, "ssGmStNm": "0222-0787 ANP", "cmpnntGmId": 5.0, "ss2dUqLnId": "0222-0787 ANP", "district": "LANDMARK", "project": "NEOGENO_FOZAMAZONAS", "subprj": "ALL_DATA", "owtype": "Seis2DLine", "Shape_Leng": 0.0, "OBJECTID": 23.0, "Interpret": "Nao iniciada"}, "geometry": {"type": "LineString", "coordinates": [[-49.62791, 4.05199], [-49.47736, 3.92146], [-49.38985, 3.84565], [-49.32826, 3.7921], [-49.28304, 3.75304], [-49.25105, 3.72512], [-49.18162, 3.66463], [-49.15719, 3.64511], [-49.14801, 3.63675], [-49.13605, 3.62534], [-49.11599, 3.60772], [-48.97558, 3.48604]]}}, {"type": "Feature", "properties": {"ssGmStId": 284, "ssGmStNm": "0222-0787", "cmpnntGmId": 5.0, "ss2dUqLnId": "0222-0787", "district": "LANDMARK", "project": "NEOGENO_FOZAMAZONAS", "subprj": "ALL_DATA", "owtype": "Seis2DLine", "Shape_Leng": 0.0, "OBJECTID": 24.0, "Interpret": "Nao iniciada"}, "geometry": {"type": "LineString", "coordinates": [[-49.61268, 4.0426], [-49.47897, 3.92671], [-49.39007, 3.84972], [-49.32457, 3.79283], [-49.27904, 3.7534], [-49.24919, 3.72738], [-49.17893, 3.66614], [-49.1562, 3.64809], [-49.14999, 3.64259], [-49.13668, 3.62981], [-49.11497, 3.61066], [-48.97344, 3.48801]]}}, {"type": "Feature", "properties": {"ssGmStId": 285, "ssGmStNm": "0231-1091", "cmpnntGmId": 5.0, "ss2dUqLnId": "0231-1091", "district": "LANDMARK", "project": "NEOGENO_FOZAMAZONAS", "subprj": "ALL_DATA", "owtype": "Seis2DLine", "Shape_Leng": 0.0, "OBJECTID": 25.0, "Interpret": "Nao iniciada"}, "geometry": {"type": "LineString", "coordinates": [[-38.7217, -2.10093], [-39.20867, -2.61635]]}}, {"type": "Feature", "properties": {"ssGmStId": 286, "ssGmStNm": "0231-1098", "cmpnntGmId": 5.0, "ss2dUqLnId": "0231-1098", "district": "LANDMARK", "project": "NEOGENO_FOZAMAZONAS", "subprj": "ALL_DATA", "owtype": "Seis2DLine", "Shape_Leng": 0.0, "OBJECTID": 26.0, "Interpret": "Nao iniciada"}, "geometry": {"type": "LineString", "coordinates": [[-38.87814, -2.6668], [-38.57328, -2.2071]]}}, {"type": "Feature", "properties": {"ssGmStId": 287, "ssGmStNm": "0239-0031", "cmpnntGmId": 5.0, "ss2dUqLnId": "0239-0031", "district": "LANDMARK", "project": "NEOGENO_FOZAMAZONAS", "subprj": "ALL_DATA", "owtype": "Seis2DLine", "Shape_Leng": 0.0, "OBJECTID": 27.0, "Interpret": "Nao iniciada"}, "geometry": {"type": "LineString", "coordinates": [[-50.3747, 4.84321], [-49.73824, 5.41214]]}}, {"type": "Feature", "properties": {"ssGmStId": 288, "ssGmStNm": "0239-0032", "cmpnntGmId": 5.0, "ss2dUqLnId": "0239-0032", "district": "LANDMARK", "project": "NEOGENO_FOZAMAZONAS", "subprj": "ALL_DATA", "owtype": "Seis2DLine", "Shape_Leng": 0.0, "OBJECTID": 28.0, "Interpret": "Nao iniciada"}, "geometry": {"type": "LineString", "coordinates": [[-50.20716, 4.61324], [-49.51223, 5.22671]]}}, {"type": "Feature", "properties": {"ssGmStId": 289, "ssGmStNm": "0239-0033", "cmpnntGmId": 5.0, "ss2dUqLnId": "0239-0033", "district": "LANDMARK", "project": "NEOGENO_FOZAMAZONAS", "subprj": "ALL_DATA", "owtype": "Seis2DLine", "Shape_Leng": 0.0, "OBJECTID": 29.0, "Interpret": "Nao iniciada"}, "geometry": {"type": "LineString", "coordinates": [[-49.91214, 4.25112], [-49.81209, 4.3374], [-49.73752, 4.39707], [-49.70887, 4.42318]]}}, {"type": "Feature", "properties": {"ssGmStId": 290, "ssGmStNm": "0239-00331", "cmpnntGmId": 5.0, "ss2dUqLnId": "0239-00331", "district": "LANDMARK", "project": "NEOGENO_FOZAMAZONAS", "subprj": "ALL_DATA", "owtype": "Seis2DLine", "Shape_Leng": 0.0, "OBJECTID": 30.0, "Interpret": "Nao iniciada"}, "geometry": {"type": "LineString", "coordinates": [[-49.72473, 4.41205], [-49.52583, 4.58246], [-49.45199, 4.64794], [-49.42893, 4.6667], [-49.42651, 4.66722], [-49.41355, 4.67944], [-49.30731, 4.77011], [-49.27329, 4.79809], [-49.25719, 4.81142], [-49.24799, 4.81971], [-49.236, 4.82982], [-49.16178, 4.89168], [-49.06823, 4.97689], [-48.9523, 5.07369], [-48.66045, 5.32444]]}}, {"type": "Feature", "properties": {"ssGmStId": 291, "ssGmStNm": "0239-0034", "cmpnntGmId": 5.0, "ss2dUqLnId": "0239-0034", "district": "LANDMARK", "project": "NEOGENO_FOZAMAZONAS", "subprj": "ALL_DATA", "owtype": "Seis2DLine", "Shape_Leng": 0.0, "OBJECTID": 31.0, "Interpret": "Nao iniciada"}, "geometry": {"type": "LineString", "coordinates": [[-48.23832, 4.99096], [-48.26853, 4.96434], [-48.29268, 4.94696], [-48.33448, 4.91034], [-48.34959, 4.89664], [-48.76634, 4.52788], [-48.77609, 4.51768], [-48.80624, 4.49231], [-49.35701, 4.00378], [-49.36222, 3.99737], [-49.38473, 3.97907], [-49.7184, 3.68247]]}}, {"type": "Feature", "properties": {"ssGmStId": 292, "ssGmStNm": "0239-0035", "cmpnntGmId": 5.0, "ss2dUqLnId": "0239-0035", "district": "LANDMARK", "project": "NEOGENO_FOZAMAZONAS", "subprj": "ALL_DATA", "owtype": "Seis2DLine", "Shape_Leng": 0.0, "OBJECTID": 32.0, "Interpret": "Nao iniciada"}, "geometry": {"type": "LineString", "coordinates": [[-49.26429, 3.88231], [-49.25357, 3.89184], [-49.22645, 3.91968], [-49.19431, 3.94456], [-49.00357, 4.11504], [-48.97327, 4.14042], [-48.86589, 4.23766], [-48.84421, 4.25478], [-48.80777, 4.28585], [-48.73792, 4.35537], [-48.72836, 4.3615], [-48.71252, 4.36898], [-48.70379, 4.3761], [-48.48829, 4.57327], [-48.41357, 4.63906]]}}, {"type": "Feature", "properties": {"ssGmStId": 293, "ssGmStNm": "0239-0036", "cmpnntGmId": 5.0, "ss2dUqLnId": "0239-0036", "district": "LANDMARK", "project": "NEOGENO_FOZAMAZONAS", "subprj": "ALL_DATA", "owtype": "Seis2DLine", "Shape_Leng": 0.0, "OBJECTID": 33.0, "Interpret": "Nao iniciada"}, "geometry": {"type": "LineString", "coordinates": [[-48.39513, 4.59772], [-48.49627, 4.50826], [-48.52213, 4.48583], [-48.54816, 4.46289], [-48.86589, 4.17926]]}}, {"type": "Feature", "properties": {"ssGmStId": 294, "ssGmStNm": "0239-00361", "cmpnntGmId": 5.0, "ss2dUqLnId": "0239-00361", "district": "LANDMARK", "project": "NEOGENO_FOZAMAZONAS", "subprj": "ALL_DATA", "owtype": "Seis2DLine", "Shape_Leng": 0.0, "OBJECTID": 34.0, "Interpret": "Nao iniciada"}, "geometry": {"type": "LineString", "coordinates": [[-48.85268, 4.19135], [-48.89827, 4.1525], [-49.24681, 3.84341]]}}, {"type": "Feature", "properties": {"ssGmStId": 295, "ssGmStNm": "0239-0037", "cmpnntGmId": 5.0, "ss2dUqLnId": "0239-0037", "district": "LANDMARK", "project": "NEOGENO_FOZAMAZONAS", "subprj": "ALL_DATA", "owtype": "Seis2DLine", "Shape_Leng": 0.0, "OBJECTID": 35.0, "Interpret": "Nao iniciada"}, "geometry": {"type": "LineString", "coordinates": [[-49.17019, 3.80507], [-48.32464, 4.56238]]}}, {"type": "Feature", "properties": {"ssGmStId": 296, "ssGmStNm": "0239-0038", "cmpnntGmId": 5.0, "ss2dUqLnId": "0239-0038", "district": "LANDMARK", "project": "NEOGENO_FOZAMAZONAS", "subprj": "ALL_DATA", "owtype": "Seis2DLine", "Shape_Leng": 0.0, "OBJECTID": 36.0, "Interpret": "Nao iniciada"}, "geometry": {"type": "LineString", "coordinates": [[-48.30957, 4.52473], [-48.4189, 4.4258], [-48.52297, 4.33451], [-48.54234, 4.31491], [-48.59742, 4.26797], [-48.61071, 4.25048], [-48.63966, 4.22154], [-48.66249, 4.20508], [-49.11466, 3.79447], [-49.1392, 3.77386]]}}, {"type": "Feature", "properties": {"ssGmStId": 297, "ssGmStNm": "0239-0039", "cmpnntGmId": 5.0, "ss2dUqLnId": "0239-0039", "district": "LANDMARK", "project": "NEOGENO_FOZAMAZONAS", "subprj": "ALL_DATA", "owtype": "Seis2DLine", "Shape_Leng": 0.0, "OBJECTID": 37.0, "Interpret": "Nao iniciada"}, "geometry": {"type": "LineString", "coordinates": [[-48.28038, 4.50112], [-49.12129, 3.73131]]}}, {"type": "Feature", "properties": {"ssGmStId": 298, "ssGmStNm": "0239-0040 ANP", "cmpnntGmId": 5.0, "ss2dUqLnId": "0239-0040 ANP", "district": "LANDMARK", "project": "NEOGENO_FOZAMAZONAS", "subprj": "ALL_DATA", "owtype": "Seis2DLine", "Shape_Leng": 0.0, "OBJECTID": 38.0, "Interpret": "Nao iniciada"}, "geometry": {"type": "LineString", "coordinates": [[-47.86808, 4.70878], [-47.88414, 4.69685], [-47.9891, 4.60078], [-48.04882, 4.54621], [-48.10193, 4.49737], [-48.1409, 4.46177], [-48.16816, 4.43658], [-48.18198, 4.42369], [-48.21326, 4.39606], [-48.23335, 4.37633], [-48.29507, 4.32195], [-48.32166, 4.29401], [-48.33199, 4.2838], [-48.33737, 4.27872], [-48.35134, 4.26494], [-48.35628, 4.26001], [-48.3607, 4.25565], [-48.36592, 4.25052], [-48.37446, 4.24193], [-48.38843, 4.22837], [-48.39683, 4.22192], [-48.40307, 4.21724], [-48.40991, 4.21272], [-48.41588, 4.20875], [-48.4448, 4.18907], [-48.47067, 4.16372], [-48.51689, 4.12432], [-48.5299, 4.11194], [-48.55215, 4.08461], [-48.77512, 3.87982], [-48.81713, 3.83641], [-48.83922, 3.82114], [-49.19686, 3.49195], [-49.54737, 3.17003], [-49.56056, 3.15777]]}}, {"type": "Feature", "properties": {"ssGmStId": 299, "ssGmStNm": "0239-0040", "cmpnntGmId": 5.0, "ss2dUqLnId": "0239-0040", "district": "LANDMARK", "project": "NEOGENO_FOZAMAZONAS", "subprj": "ALL_DATA", "owtype": "Seis2DLine", "Shape_Leng": 0.0, "OBJECTID": 39.0, "Interpret": "Nao iniciada"}, "geometry": {"type": "LineString", "coordinates": [[-47.88427, 4.69427], [-47.98851, 4.59878], [-48.05574, 4.53719], [-48.11655, 4.48156], [-48.15398, 4.44732], [-48.17346, 4.42904], [-48.2137, 4.39316], [-48.23424, 4.373], [-48.29507, 4.31953], [-48.30207, 4.31259], [-48.30928, 4.30515], [-48.31298, 4.30103], [-48.32896, 4.2844], [-48.33386, 4.27954], [-48.33686, 4.27677], [-48.3567, 4.25715], [-48.36192, 4.25203], [-48.36938, 4.24469], [-48.37938, 4.23403], [-48.40187, 4.21545], [-48.4057, 4.21285], [-48.4103, 4.20982], [-48.4448, 4.18655], [-48.47767, 4.15489], [-48.51647, 4.12223], [-48.53053, 4.10887], [-48.55113, 4.08309], [-48.77487, 3.87766], [-48.81711, 3.83396], [-48.83961, 3.81833], [-49.14902, 3.53431], [-49.16789, 3.51552], [-49.18585, 3.50031], [-49.54614, 3.16843], [-49.56231, 3.1539]]}}, {"type": "Feature", "properties": {"ssGmStId": 300, "ssGmStNm": "0239-0041", "cmpnntGmId": 5.0, "ss2dUqLnId": "0239-0041", "district": "LANDMARK", "project": "NEOGENO_FOZAMAZONAS", "subprj": "ALL_DATA", "owtype": "Seis2DLine", "Shape_Leng": 0.0, "OBJECTID": 40.0, "Interpret": "Em interpretacao"}, "geometry": {"type": "LineString", "coordinates": [[-47.48845, 4.4113], [-48.48244, 3.49105], [-49.33735, 2.69715]]}}, {"type": "Feature", "properties": {"ssGmStId": 301, "ssGmStNm": "0239-0042_1", "cmpnntGmId": 5.0, "ss2dUqLnId": "0239-0042_1", "district": "LANDMARK", "project": "NEOGENO_FOZAMAZONAS", "subprj": "ALL_DATA", "owtype": "Seis2DLine", "Shape_Leng": 0.0, "OBJECTID": 41.0, "Interpret": "Em interpretacao"}, "geometry": {"type": "LineString", "coordinates": [[-48.90085, 2.49596], [-48.87127, 2.52584], [-48.27282, 3.08308], [-48.23219, 3.12101], [-48.22884, 3.12559], [-48.22578, 3.12727], [-48.22339, 3.13023], [-48.21958, 3.13359], [-48.20844, 3.14244], [-48.1461, 3.20156], [-47.96507, 3.37012], [-47.88745, 3.43644], [-47.84909, 3.47812], [-47.14633, 4.13102]]}}, {"type": "Feature", "properties": {"ssGmStId": 302, "ssGmStNm": "0239-0043", "cmpnntGmId": 5.0, "ss2dUqLnId": "0239-0043", "district": "LANDMARK", "project": "NEOGENO_FOZAMAZONAS", "subprj": "ALL_DATA", "owtype": "Seis2DLine", "Shape_Leng": 0.0, "OBJECTID": 42.0, "Interpret": "Nao iniciada"}, "geometry": {"type": "LineString", "coordinates": [[-47.42388, 3.81047], [-47.55125, 3.69177], [-47.66447, 3.58634], [-47.76147, 3.49594], [-47.8446, 3.41845], [-47.91556, 3.35237], [-47.97589, 3.29606], [-48.02766, 3.24777], [-48.07155, 3.20691], [-48.1104, 3.17062], [-48.13449, 3.14793], [-48.13827, 3.14428], [-48.14179, 3.14088], [-48.14529, 3.13748], [-48.1488, 3.13408], [-48.30272, 2.99117]]}}, {"type": "Feature", "properties": {"ssGmStId": 303, "ssGmStNm": "0239-0044", "cmpnntGmId": 5.0, "ss2dUqLnId": "0239-0044", "district": "LANDMARK", "project": "NEOGENO_FOZAMAZONAS", "subprj": "ALL_DATA", "owtype": "Seis2DLine", "Shape_Leng": 0.0, "OBJECTID": 43.0, "Interpret": "Nao iniciada"}, "geometry": {"type": "LineString", "coordinates": [[-48.20626, 2.92619], [-47.31688, 3.75078]]}}, {"type": "Feature", "properties": {"ssGmStId": 304, "ssGmStNm": "0239-0045", "cmpnntGmId": 5.0, "ss2dUqLnId": "0239-0045", "district": "LANDMARK", "project": "NEOGENO_FOZAMAZONAS", "subprj": "ALL_DATA", "owtype": "Seis2DLine", "Shape_Leng": 0.0, "OBJECTID": 44.0, "Interpret": "Nao iniciada"}, "geometry": {"type": "LineString", "coordinates": [[-47.60073, 3.39944], [-47.53515, 3.46071], [-47.44654, 3.54132], [-47.38661, 3.59717], [-47.33137, 3.64555], [-47.26922, 3.70854]]}}, {"type": "Feature", "properties": {"ssGmStId": 307, "ssGmStNm": "0239-0046 ANP", "cmpnntGmId": 5.0, "ss2dUqLnId": "0239-0046 ANP", "district": "LANDMARK", "project": "NEOGENO_FOZAMAZONAS", "subprj": "ALL_DATA", "owtype": "Seis2DLine", "Shape_Leng": 0.0, "OBJECTID": 45.0, "Interpret": "Nao iniciada"}, "geometry": {"type": "LineString", "coordinates": [[-47.22544, 3.67252], [-47.90493, 3.04283]]}}, {"type": "Feature", "properties": {"ssGmStId": 308, "ssGmStNm": "0239-0047 ANP", "cmpnntGmId": 5.0, "ss2dUqLnId": "0239-0047 ANP", "district": "LANDMARK", "project": "NEOGENO_FOZAMAZONAS", "subprj": "ALL_DATA", "owtype": "Seis2DLine", "Shape_Leng": 0.0, "OBJECTID": 46.0, "Interpret": "Nao iniciada"}, "geometry": {"type": "LineString", "coordinates": [[-48.03516, 2.762], [-47.14227, 3.59079]]}}, {"type": "Feature", "properties": {"ssGmStId": 309, "ssGmStNm": "0239-0048", "cmpnntGmId": 5.0, "ss2dUqLnId": "0239-0048", "district": "LANDMARK", "project": "NEOGENO_FOZAMAZONAS", "subprj": "ALL_DATA", "owtype": "Seis2DLine", "Shape_Leng": 0.0, "OBJECTID": 47.0, "Interpret": "Nao iniciada"}, "geometry": {"type": "LineString", "coordinates": [[-48.30774, 2.4167], [-47.49915, 3.16944], [-47.37369, 3.29874], [-47.35366, 3.31369], [-47.32909, 3.33208], [-47.30286, 3.35079], [-47.28483, 3.3689], [-47.03392, 3.6008], [-46.99, 3.6428], [-46.79437, 3.82326]]}}, {"type": "Feature", "properties": {"ssGmStId": 310, "ssGmStNm": "0239-0049", "cmpnntGmId": 5.0, "ss2dUqLnId": "0239-0049", "district": "LANDMARK", "project": "NEOGENO_FOZAMAZONAS", "subprj": "ALL_DATA", "owtype": "Seis2DLine", "Shape_Leng": 0.0, "OBJECTID": 48.0, "Interpret": "Nao iniciada"}, "geometry": {"type": "LineString", "coordinates": [[-46.51585, 3.49039], [-47.10776, 2.94284], [-47.20202, 2.861]]}}, {"type": "Feature", "properties": {"ssGmStId": 311, "ssGmStNm": "0239-00491", "cmpnntGmId": 5.0, "ss2dUqLnId": "0239-00491", "district": "LANDMARK", "project": "NEOGENO_FOZAMAZONAS", "subprj": "ALL_DATA", "owtype": "Seis2DLine", "Shape_Leng": 0.0, "OBJECTID": 49.0, "Interpret": "Nao iniciada"}, "geometry": {"type": "LineString", "coordinates": [[-47.18647, 2.87017], [-47.20582, 2.85414], [-47.26814, 2.79448], [-47.70965, 2.38566]]}}, {"type": "Feature", "properties": {"ssGmStId": 312, "ssGmStNm": "0239-0050", "cmpnntGmId": 5.0, "ss2dUqLnId": "0239-0050", "district": "LANDMARK", "project": "NEOGENO_FOZAMAZONAS", "subprj": "ALL_DATA", "owtype": "Seis2DLine", "Shape_Leng": 0.0, "OBJECTID": 50.0, "Interpret": "Nao iniciada"}, "geometry": {"type": "LineString", "coordinates": [[-47.52313, 2.01523], [-46.62839, 2.84072]]}}, {"type": "Feature", "properties": {"ssGmStId": 313, "ssGmStNm": "0239-0051 ANP", "cmpnntGmId": 5.0, "ss2dUqLnId": "0239-0051 ANP", "district": "LANDMARK", "project": "NEOGENO_FOZAMAZONAS", "subprj": "ALL_DATA", "owtype": "Seis2DLine", "Shape_Leng": 0.0, "OBJECTID": 51.0, "Interpret": "Nao iniciada"}, "geometry": {"type": "LineString", "coordinates": [[-46.54117, 2.29316], [-46.9256, 1.93678], [-46.94332, 1.92256], [-46.97384, 1.89199], [-47.11393, 1.76127]]}}, {"type": "Feature", "properties": {"ssGmStId": 314, "ssGmStNm": "0239-0051", "cmpnntGmId": 5.0, "ss2dUqLnId": "0239-0051", "district": "LANDMARK", "project": "NEOGENO_FOZAMAZONAS", "subprj": "ALL_DATA", "owtype": "Seis2DLine", "Shape_Leng": 0.0, "OBJECTID": 52.0, "Interpret": "Nao iniciada"}, "geometry": {"type": "LineString", "coordinates": [[-46.5555, 2.27986], [-46.92785, 1.9347], [-46.94282, 1.92303], [-46.97628, 1.88963], [-47.11393, 1.76127]]}}, {"type": "Feature", "properties": {"ssGmStId": 315, "ssGmStNm": "0239-0052", "cmpnntGmId": 5.0, "ss2dUqLnId": "0239-0052", "district": "LANDMARK", "project": "NEOGENO_FOZAMAZONAS", "subprj": "ALL_DATA", "owtype": "Seis2DLine", "Shape_Leng": 0.0, "OBJECTID": 53.0, "Interpret": "Nao iniciada"}, "geometry": {"type": "LineString", "coordinates": [[-46.43773, 2.15308], [-46.98767, 1.6346]]}}, {"type": "Feature", "properties": {"ssGmStId": 316, "ssGmStNm": "0239-0053", "cmpnntGmId": 5.0, "ss2dUqLnId": "0239-0053", "district": "LANDMARK", "project": "NEOGENO_FOZAMAZONAS", "subprj": "ALL_DATA", "owtype": "Seis2DLine", "Shape_Leng": 0.0, "OBJECTID": 54.0, "Interpret": "Nao iniciada"}, "geometry": {"type": "LineString", "coordinates": [[-46.85009, 1.51529], [-46.53147, 1.81157], [-46.51554, 1.82485], [-46.51108, 1.83143], [-46.29281, 2.02398], [-46.27919, 2.03844]]}}, {"type": "Feature", "properties": {"ssGmStId": 317, "ssGmStNm": "0239-0054", "cmpnntGmId": 5.0, "ss2dUqLnId": "0239-0054", "district": "LANDMARK", "project": "NEOGENO_FOZAMAZONAS", "subprj": "ALL_DATA", "owtype": "Seis2DLine", "Shape_Leng": 0.0, "OBJECTID": 55.0, "Interpret": "Nao iniciada"}, "geometry": {"type": "LineString", "coordinates": [[-47.3571, 2.243], [-47.0449, 1.9758], [-46.90422, 1.85553], [-46.40995, 1.43132]]}}, {"type": "Feature", "properties": {"ssGmStId": 318, "ssGmStNm": "0239-0055", "cmpnntGmId": 5.0, "ss2dUqLnId": "0239-0055", "district": "LANDMARK", "project": "NEOGENO_FOZAMAZONAS", "subprj": "ALL_DATA", "owtype": "Seis2DLine", "Shape_Leng": 0.0, "OBJECTID": 56.0, "Interpret": "Nao iniciada"}, "geometry": {"type": "LineString", "coordinates": [[-47.23204, 2.37683], [-47.22639, 2.37245], [-47.22288, 2.36788], [-47.11195, 2.27737], [-47.07809, 2.2448], [-46.24143, 1.52825]]}}, {"type": "Feature", "properties": {"ssGmStId": 319, "ssGmStNm": "0239-0056 ANP", "cmpnntGmId": 5.0, "ss2dUqLnId": "0239-0056 ANP", "district": "LANDMARK", "project": "NEOGENO_FOZAMAZONAS", "subprj": "ALL_DATA", "owtype": "Seis2DLine", "Shape_Leng": 0.0, "OBJECTID": 57.0, "Interpret": "Nao iniciada"}, "geometry": {"type": "LineString", "coordinates": [[-49.42015, 4.35977], [-48.80414, 3.83897], [-48.53355, 3.6129], [-48.52309, 3.60267], [-48.45718, 3.55418], [-48.44129, 3.53273], [-48.43269, 3.52411], [-48.40139, 3.50449], [-48.38819, 3.48972], [-48.35993, 3.46342], [-48.29697, 3.41009], [-48.24584, 3.36679], [-48.1113, 3.25116]]}}, {"type": "Feature", "properties": {"ssGmStId": 320, "ssGmStNm": "0239-0059", "cmpnntGmId": 5.0, "ss2dUqLnId": "0239-0059", "district": "LANDMARK", "project": "NEOGENO_FOZAMAZONAS", "subprj": "ALL_DATA", "owtype": "Seis2DLine", "Shape_Leng": 0.0, "OBJECTID": 58.0, "Interpret": "Nao iniciada"}, "geometry": {"type": "LineString", "coordinates": [[-48.11155, 3.48712], [-48.00095, 3.39379], [-47.84429, 3.25959], [-47.81828, 3.23992], [-47.53516, 3.0014]]}}, {"type": "Feature", "properties": {"ssGmStId": 321, "ssGmStNm": "0239-0060_2_4", "cmpnntGmId": 5.0, "ss2dUqLnId": "0239-0060_2_4", "district": "LANDMARK", "project": "NEOGENO_FOZAMAZONAS", "subprj": "ALL_DATA", "owtype": "Seis2DLine", "Shape_Leng": 0.0, "OBJECTID": 59.0, "Interpret": "Nao iniciada"}, "geometry": {"type": "LineString", "coordinates": [[-49.88299, 5.42356], [-49.73214, 5.29503], [-48.96471, 4.64216], [-48.94212, 4.62167], [-48.93057, 4.61546], [-48.92012, 4.60393], [-48.87133, 4.56228], [-48.84165, 4.537], [-48.82375, 4.52167], [-48.81471, 4.51401], [-48.81123, 4.51051], [-48.79747, 4.49946], [-48.76027, 4.46605], [-48.71432, 4.42933], [-48.69497, 4.4036], [-48.66192, 4.38449], [-48.63281, 4.3572], [-48.63178, 4.35788], [-48.63036, 4.35675], [-48.55651, 4.29372], [-48.50336, 4.24828], [-48.45572, 4.20596], [-48.43931, 4.19371], [-48.3957, 4.1562], [-48.3691, 4.13367], [-48.34921, 4.11653], [-48.33642, 4.10562], [-48.32781, 4.09835], [-48.32274, 4.09368], [-48.31238, 4.08424], [-48.30513, 4.07842], [-48.1959, 3.9879], [-48.17685, 3.9702], [-48.13804, 3.93817], [-48.13907, 3.93705], [-48.13045, 3.92963], [-47.64309, 3.51244], [-46.93261, 2.90179], [-46.91669, 2.88938], [-46.62408, 2.63824]]}}, {"type": "Feature", "properties": {"ssGmStId": 322, "ssGmStNm": "0239-0062_1", "cmpnntGmId": 5.0, "ss2dUqLnId": "0239-0062_1", "district": "LANDMARK", "project": "NEOGENO_FOZAMAZONAS", "subprj": "ALL_DATA", "owtype": "Seis2DLine", "Shape_Leng": 0.0, "OBJECTID": 60.0, "Interpret": "Nao iniciada"}, "geometry": {"type": "LineString", "coordinates": [[-48.88994, 5.40202], [-48.6322, 5.1855], [-48.55554, 5.12104], [-48.52172, 5.09196], [-48.50744, 5.07876], [-48.47056, 5.04639], [-48.43931, 5.02327], [-48.36687, 4.96129], [-48.30214, 4.91011], [-48.28702, 4.89172], [-48.27453, 4.87993], [-48.23183, 4.84825], [-47.95861, 4.61832], [-47.95363, 4.61493], [-47.93381, 4.59927], [-47.90297, 4.57106], [-47.54616, 4.26916], [-47.4425, 4.18247], [-46.97034, 3.78246], [-46.92633, 3.74747], [-46.49074, 3.37556]]}}, {"type": "Feature", "properties": {"ssGmStId": 323, "ssGmStNm": "0239-0063", "cmpnntGmId": 5.0, "ss2dUqLnId": "0239-0063", "district": "LANDMARK", "project": "NEOGENO_FOZAMAZONAS", "subprj": "ALL_DATA", "owtype": "Seis2DLine", "Shape_Leng": 0.0, "OBJECTID": 61.0, "Interpret": "Nao iniciada"}, "geometry": {"type": "LineString", "coordinates": [[-49.37261, 4.37869], [-48.58326, 3.71089]]}}, {"type": "Feature", "properties": {"ssGmStId": 324, "ssGmStNm": "0239-0064 ANP", "cmpnntGmId": 5.0, "ss2dUqLnId": "0239-0064 ANP", "district": "LANDMARK", "project": "NEOGENO_FOZAMAZONAS", "subprj": "ALL_DATA", "owtype": "Seis2DLine", "Shape_Leng": 0.0, "OBJECTID": 62.0, "Interpret": "Nao iniciada"}, "geometry": {"type": "LineString", "coordinates": [[-48.52524, 3.77815], [-48.70542, 3.93195], [-48.72985, 3.95204], [-48.74715, 3.96852], [-48.76475, 3.98052], [-48.76775, 3.98588], [-48.79051, 4.00368], [-48.98175, 4.16695], [-48.98403, 4.1687], [-49.01354, 4.19258], [-49.01837, 4.19731], [-49.04403, 4.21978], [-49.08325, 4.25306], [-49.12253, 4.28816]]}}, {"type": "Feature", "properties": {"ssGmStId": 325, "ssGmStNm": "0239-0064", "cmpnntGmId": 5.0, "ss2dUqLnId": "0239-0064", "district": "LANDMARK", "project": "NEOGENO_FOZAMAZONAS", "subprj": "ALL_DATA", "owtype": "Seis2DLine", "Shape_Leng": 0.0, "OBJECTID": 63.0, "Interpret": "Nao iniciada"}, "geometry": {"type": "LineString", "coordinates": [[-48.54104, 3.78765], [-49.32912, 4.45929]]}}, {"type": "Feature", "properties": {"ssGmStId": 326, "ssGmStNm": "0239-0065 ANP", "cmpnntGmId": 5.0, "ss2dUqLnId": "0239-0065 ANP", "district": "LANDMARK", "project": "NEOGENO_FOZAMAZONAS", "subprj": "ALL_DATA", "owtype": "Seis2DLine", "Shape_Leng": 0.0, "OBJECTID": 64.0, "Interpret": "Nao iniciada"}, "geometry": {"type": "LineString", "coordinates": [[-49.27068, 4.47705], [-48.48601, 3.80206]]}}, {"type": "Feature", "properties": {"ssGmStId": 327, "ssGmStNm": "0239-0066", "cmpnntGmId": 5.0, "ss2dUqLnId": "0239-0066", "district": "LANDMARK", "project": "NEOGENO_FOZAMAZONAS", "subprj": "ALL_DATA", "owtype": "Seis2DLine", "Shape_Leng": 0.0, "OBJECTID": 65.0, "Interpret": "Nao iniciada"}, "geometry": {"type": "LineString", "coordinates": [[-48.38368, 3.94501], [-49.15922, 4.61686]]}}, {"type": "Feature", "properties": {"ssGmStId": 328, "ssGmStNm": "0239-0067 ANP", "cmpnntGmId": 5.0, "ss2dUqLnId": "0239-0067 ANP", "district": "LANDMARK", "project": "NEOGENO_FOZAMAZONAS", "subprj": "ALL_DATA", "owtype": "Seis2DLine", "Shape_Leng": 0.0, "OBJECTID": 66.0, "Interpret": "Nao iniciada"}, "geometry": {"type": "LineString", "coordinates": [[-49.51951, 4.32465], [-49.9714, 4.70784], [-50.17279, 4.87858], [-50.25344, 4.94678], [-50.28954, 4.97748], [-50.30381, 4.98944], [-50.30938, 4.99389], [-50.31273, 4.99753], [-50.31739, 5.00088], [-50.33058, 5.01077], [-50.54502, 5.19238]]}}, {"type": "Feature", "properties": {"ssGmStId": 329, "ssGmStNm": "0239-0067", "cmpnntGmId": 5.0, "ss2dUqLnId": "0239-0067", "district": "LANDMARK", "project": "NEOGENO_FOZAMAZONAS", "subprj": "ALL_DATA", "owtype": "Seis2DLine", "Shape_Leng": 0.0, "OBJECTID": 67.0, "Interpret": "Nao iniciada"}, "geometry": {"type": "LineString", "coordinates": [[-49.53498, 4.33435], [-49.96423, 4.69834], [-50.17258, 4.87501], [-50.25352, 4.9434], [-50.28962, 4.97411], [-50.30391, 4.98604], [-50.30997, 4.99096], [-50.31332, 4.99461], [-50.31773, 4.99768], [-50.33325, 5.00957], [-50.54562, 5.18946]]}}, {"type": "Feature", "properties": {"ssGmStId": 330, "ssGmStNm": "0239-0121 ANP", "cmpnntGmId": 5.0, "ss2dUqLnId": "0239-0121 ANP", "district": "LANDMARK", "project": "NEOGENO_FOZAMAZONAS", "subprj": "ALL_DATA", "owtype": "Seis2DLine", "Shape_Leng": 0.0, "OBJECTID": 68.0, "Interpret": "Nao iniciada"}, "geometry": {"type": "LineString", "coordinates": [[-48.86247, 5.41566], [-48.90487, 5.38353], [-48.92027, 5.36369], [-49.1571, 5.15533], [-49.21753, 5.10029], [-49.24196, 5.08058], [-49.37283, 4.96167], [-49.41834, 4.92458], [-49.49037, 4.87066], [-49.51192, 4.84768], [-49.52952, 4.83195], [-49.55503, 4.80356], [-49.79407, 4.59369], [-49.86704, 4.52771], [-49.87517, 4.52261], [-49.88524, 4.51218], [-50.69621, 3.79409]]}}, {"type": "Feature", "properties": {"ssGmStId": 305, "ssGmStNm": "0239-00451", "cmpnntGmId": 5.0, "ss2dUqLnId": "0239-00451", "district": "LANDMARK", "project": "NEOGENO_FOZAMAZONAS", "subprj": "ALL_DATA", "owtype": "Seis2DLine", "Shape_Leng": 0.0, "OBJECTID": 69.0, "Interpret": "Nao iniciada"}, "geometry": {"type": "LineString", "coordinates": [[-47.59847, 3.40249], [-47.73693, 3.27192]]}}, {"type": "Feature", "properties": {"ssGmStId": 306, "ssGmStNm": "0239-00452", "cmpnntGmId": 5.0, "ss2dUqLnId": "0239-00452", "district": "LANDMARK", "project": "NEOGENO_FOZAMAZONAS", "subprj": "ALL_DATA", "owtype": "Seis2DLine", "Shape_Leng": 0.0, "OBJECTID": 70.0, "Interpret": "Nao iniciada"}, "geometry": {"type": "LineString", "coordinates": [[-47.72277, 3.28434], [-47.78867, 3.22409], [-48.39507, 2.65531]]}}, {"type": "Feature", "properties": {"ssGmStId": 331, "ssGmStNm": "0239-0121", "cmpnntGmId": 5.0, "ss2dUqLnId": "0239-0121", "district": "LANDMARK", "project": "NEOGENO_FOZAMAZONAS", "subprj": "ALL_DATA", "owtype": "Seis2DLine", "Shape_Leng": 0.0, "OBJECTID": 71.0, "Interpret": "Nao iniciada"}, "geometry": {"type": "LineString", "coordinates": [[-48.89394, 5.38935], [-48.90541, 5.38061], [-48.92048, 5.36104], [-49.1592, 5.15103], [-49.21798, 5.09743], [-49.24278, 5.07739], [-49.37236, 4.95958], [-49.38717, 4.94767], [-49.41752, 4.92269], [-49.49068, 4.86792], [-49.5129, 4.84431], [-49.53022, 4.82885], [-49.55507, 4.80106], [-49.79463, 4.59075], [-49.86767, 4.52472], [-49.87547, 4.51991], [-49.8862, 4.50886], [-50.69816, 3.78994]]}}, {"type": "Feature", "properties": {"ssGmStId": 332, "ssGmStNm": "0239-0122 ANP", "cmpnntGmId": 5.0, "ss2dUqLnId": "0239-0122 ANP", "district": "LANDMARK", "project": "NEOGENO_FOZAMAZONAS", "subprj": "ALL_DATA", "owtype": "Seis2DLine", "Shape_Leng": 0.0, "OBJECTID": 72.0, "Interpret": "Nao iniciada"}, "geometry": {"type": "LineString", "coordinates": [[-49.62985, 2.66622], [-49.54981, 2.73842], [-49.0494, 3.18914], [-49.00559, 3.22678], [-48.98211, 3.25063], [-48.95256, 3.27657], [-48.91509, 3.31009], [-48.82024, 3.39547], [-48.81156, 3.40164], [-48.78201, 3.4363], [-48.76914, 3.44776]]}}, {"type": "Feature", "properties": {"ssGmStId": 333, "ssGmStNm": "0239-0122", "cmpnntGmId": 5.0, "ss2dUqLnId": "0239-0122", "district": "LANDMARK", "project": "NEOGENO_FOZAMAZONAS", "subprj": "ALL_DATA", "owtype": "Seis2DLine", "Shape_Leng": 0.0, "OBJECTID": 73.0, "Interpret": "Nao iniciada"}, "geometry": {"type": "LineString", "coordinates": [[-49.60872, 2.68292], [-49.55104, 2.73483], [-49.05011, 3.18603], [-49.00581, 3.22413], [-48.98414, 3.24634], [-48.95454, 3.27232], [-48.92184, 3.30143], [-48.81799, 3.395], [-48.81216, 3.39863], [-48.78239, 3.43348], [-48.77167, 3.44392], [-48.76772, 3.44571]]}}, {"type": "Feature", "properties": {"ssGmStId": 334, "ssGmStNm": "0239-01222 ANP", "cmpnntGmId": 5.0, "ss2dUqLnId": "0239-01222 ANP", "district": "LANDMARK", "project": "NEOGENO_FOZAMAZONAS", "subprj": "ALL_DATA", "owtype": "Seis2DLine", "Shape_Leng": 0.0, "OBJECTID": 74.0, "Interpret": "Nao iniciada"}, "geometry": {"type": "LineString", "coordinates": [[-48.80383, 3.40904], [-48.41463, 3.75931], [-48.34377, 3.82521], [-48.33676, 3.82977], [-48.33421, 3.83307], [-48.32092, 3.84014], [-48.31273, 3.84709], [-48.29612, 3.8647], [-48.26016, 3.89573], [-48.24253, 3.91413], [-48.19629, 3.95603], [-48.16981, 3.98333], [-48.15075, 3.99818], [-48.13966, 4.00683], [-48.12433, 4.01987], [-48.0659, 4.07212]]}}, {"type": "Feature", "properties": {"ssGmStId": 335, "ssGmStNm": "0239-01222", "cmpnntGmId": 5.0, "ss2dUqLnId": "0239-01222", "district": "LANDMARK", "project": "NEOGENO_FOZAMAZONAS", "subprj": "ALL_DATA", "owtype": "Seis2DLine", "Shape_Leng": 0.0, "OBJECTID": 75.0, "Interpret": "Nao iniciada"}, "geometry": {"type": "LineString", "coordinates": [[-48.78304, 3.42617], [-48.41554, 3.75596], [-48.34424, 3.82228], [-48.33739, 3.82672], [-48.33482, 3.83], [-48.32206, 3.83676], [-48.31547, 3.84211], [-48.29857, 3.85996], [-48.25826, 3.89492], [-48.24189, 3.91227], [-48.19623, 3.95365], [-48.16986, 3.98081], [-48.15057, 3.99571], [-48.12649, 4.01549], [-48.06475, 4.07072]]}}, {"type": "Feature", "properties": {"ssGmStId": 336, "ssGmStNm": "0239-01223 ANP", "cmpnntGmId": 5.0, "ss2dUqLnId": "0239-01223 ANP", "district": "LANDMARK", "project": "NEOGENO_FOZAMAZONAS", "subprj": "ALL_DATA", "owtype": "Seis2DLine", "Shape_Leng": 0.0, "OBJECTID": 76.0, "Interpret": "Nao iniciada"}, "geometry": {"type": "LineString", "coordinates": [[-48.10992, 4.04204], [-48.07694, 4.0627], [-47.97078, 4.15792], [-47.9616, 4.16821], [-47.95367, 4.17492], [-47.93022, 4.19664], [-47.91094, 4.2114], [-47.85723, 4.25965], [-47.80509, 4.3019], [-47.74871, 4.3571], [-47.67144, 4.41848], [-47.64293, 4.45013], [-47.57393, 4.50787], [-47.54768, 4.53462], [-47.51821, 4.55998], [-47.48431, 4.59365], [-47.45884, 4.61662], [-47.43592, 4.6369], [-47.43032, 4.63876], [-47.3903, 4.67603], [-47.37513, 4.68632], [-47.35827, 4.70619], [-47.30178, 4.74978], [-47.25941, 4.78771]]}}, {"type": "Feature", "properties": {"ssGmStId": 337, "ssGmStNm": "0239-01223", "cmpnntGmId": 5.0, "ss2dUqLnId": "0239-01223", "district": "LANDMARK", "project": "NEOGENO_FOZAMAZONAS", "subprj": "ALL_DATA", "owtype": "Seis2DLine", "Shape_Leng": 0.0, "OBJECTID": 77.0, "Interpret": "Nao iniciada"}, "geometry": {"type": "LineString", "coordinates": [[-48.08484, 4.05483], [-48.0776, 4.05961], [-47.97884, 4.1481], [-47.96497, 4.16101], [-47.96223, 4.16512], [-47.95381, 4.17231], [-47.93065, 4.19373], [-47.91253, 4.20747], [-47.8577, 4.25671], [-47.80517, 4.29931], [-47.74922, 4.35413], [-47.672, 4.41544], [-47.64362, 4.44701], [-47.57451, 4.50482], [-47.54871, 4.53117], [-47.51907, 4.55666], [-47.48426, 4.59119], [-47.43664, 4.63384], [-47.43034, 4.6362], [-47.39356, 4.67071], [-47.37558, 4.68339], [-47.35853, 4.70341], [-47.30179, 4.74723], [-47.25822, 4.78632]]}}, {"type": "Feature", "properties": {"ssGmStId": 338, "ssGmStNm": "0239-0123", "cmpnntGmId": 5.0, "ss2dUqLnId": "0239-0123", "district": "LANDMARK", "project": "NEOGENO_FOZAMAZONAS", "subprj": "ALL_DATA", "owtype": "Seis2DLine", "Shape_Leng": 0.0, "OBJECTID": 78.0, "Interpret": "Nao iniciada"}, "geometry": {"type": "LineString", "coordinates": [[-46.56768, 3.18366], [-46.73852, 3.02747], [-46.7551, 3.01263], [-46.83396, 2.94523], [-46.88047, 2.89985], [-46.91292, 2.86805], [-47.00681, 2.7771], [-47.09803, 2.69777], [-47.12647, 2.67103], [-47.43754, 2.38532], [-47.69644, 2.14747], [-48.18455, 1.6991], [-48.21879, 1.66758], [-48.30955, 1.58313], [-48.40206, 1.50006], [-48.46635, 1.43863], [-48.50544, 1.40343]]}}, {"type": "Feature", "properties": {"ssGmStId": 339, "ssGmStNm": "0239-0260 ANP", "cmpnntGmId": 5.0, "ss2dUqLnId": "0239-0260 ANP", "district": "LANDMARK", "project": "NEOGENO_FOZAMAZONAS", "subprj": "ALL_DATA", "owtype": "Seis2DLine", "Shape_Leng": 0.0, "OBJECTID": 79.0, "Interpret": "Nao iniciada"}, "geometry": {"type": "LineString", "coordinates": [[-43.23149, -2.2607], [-42.5844, -1.32863], [-41.9833, -0.46227]]}}, {"type": "Feature", "properties": {"ssGmStId": 340, "ssGmStNm": "0239-0263 ANP", "cmpnntGmId": 5.0, "ss2dUqLnId": "0239-0263 ANP", "district": "LANDMARK", "project": "NEOGENO_FOZAMAZONAS", "subprj": "ALL_DATA", "owtype": "Seis2DLine", "Shape_Leng": 0.0, "OBJECTID": 80.0, "Interpret": "Nao iniciada"}, "geometry": {"type": "LineString", "coordinates": [[-41.0813, -2.47042], [-40.88723, -1.19409]]}}, {"type": "Feature", "properties": {"ssGmStId": 341, "ssGmStNm": "0239-0265", "cmpnntGmId": 5.0, "ss2dUqLnId": "0239-0265", "district": "LANDMARK", "project": "NEOGENO_FOZAMAZONAS", "subprj": "ALL_DATA", "owtype": "Seis2DLine", "Shape_Leng": 0.0, "OBJECTID": 81.0, "Interpret": "Nao iniciada"}, "geometry": {"type": "LineString", "coordinates": [[-38.97133, -3.27332], [-38.95287, -3.24918], [-38.85448, -3.10594], [-38.83754, -3.08937], [-38.82969, -3.07848], [-38.81734, -3.05118], [-38.46779, -2.54274], [-38.11385, -2.0263]]}}, {"type": "Feature", "properties": {"ssGmStId": 342, "ssGmStNm": "0270-1001 ANP", "cmpnntGmId": 5.0, "ss2dUqLnId": "0270-1001 ANP", "district": "LANDMARK", "project": "NEOGENO_FOZAMAZONAS", "subprj": "ALL_DATA", "owtype": "Seis2DLine", "Shape_Leng": 0.0, "OBJECTID": 82.0, "Interpret": "Nao iniciada"}, "geometry": {"type": "LineString", "coordinates": [[-49.58174, 5.60228], [-50.6045, 4.47888]]}}, {"type": "Feature", "properties": {"ssGmStId": 343, "ssGmStNm": "0270-1003 ANP", "cmpnntGmId": 5.0, "ss2dUqLnId": "0270-1003 ANP", "district": "LANDMARK", "project": "NEOGENO_FOZAMAZONAS", "subprj": "ALL_DATA", "owtype": "Seis2DLine", "Shape_Leng": 0.0, "OBJECTID": 83.0, "Interpret": "Nao iniciada"}, "geometry": {"type": "LineString", "coordinates": [[-50.3703, 4.20247], [-49.10392, 5.59355]]}}, {"type": "Feature", "properties": {"ssGmStId": 344, "ssGmStNm": "0270-1008 ANP", "cmpnntGmId": 5.0, "ss2dUqLnId": "0270-1008 ANP", "district": "LANDMARK", "project": "NEOGENO_FOZAMAZONAS", "subprj": "ALL_DATA", "owtype": "Seis2DLine", "Shape_Leng": 0.0, "OBJECTID": 84.0, "Interpret": "Nao iniciada"}, "geometry": {"type": "LineString", "coordinates": [[-48.00715, 5.46245], [-48.4217, 5.00831], [-49.71235, 3.58924]]}}, {"type": "Feature", "properties": {"ssGmStId": 345, "ssGmStNm": "0270-1009-FA", "cmpnntGmId": 5.0, "ss2dUqLnId": "0270-1009-FA", "district": "LANDMARK", "project": "NEOGENO_FOZAMAZONAS", "subprj": "ALL_DATA", "owtype": "Seis2DLine", "Shape_Leng": 0.0, "OBJECTID": 85.0, "Interpret": "Nao iniciada"}, "geometry": {"type": "LineString", "coordinates": [[-49.57975, 3.46798], [-47.84487, 5.37404]]}}, {"type": "Feature", "properties": {"ssGmStId": 346, "ssGmStNm": "0270-1011 ANP", "cmpnntGmId": 5.0, "ss2dUqLnId": "0270-1011 ANP", "district": "LANDMARK", "project": "NEOGENO_FOZAMAZONAS", "subprj": "ALL_DATA", "owtype": "Seis2DLine", "Shape_Leng": 0.0, "OBJECTID": 86.0, "Interpret": "Nao iniciada"}, "geometry": {"type": "LineString", "coordinates": [[-49.30616, 3.23496], [-48.57802, 4.03676], [-47.48953, 5.23125]]}}, {"type": "Feature", "properties": {"ssGmStId": 347, "ssGmStNm": "0270-1015 ANP", "cmpnntGmId": 5.0, "ss2dUqLnId": "0270-1015 ANP", "district": "LANDMARK", "project": "NEOGENO_FOZAMAZONAS", "subprj": "ALL_DATA", "owtype": "Seis2DLine", "Shape_Leng": 0.0, "OBJECTID": 87.0, "Interpret": "Nao iniciada"}, "geometry": {"type": "LineString", "coordinates": [[-48.52379, 3.02667], [-48.22635, 3.35444], [-48.00767, 3.59522], [-47.80981, 3.81297], [-47.63018, 4.01051], [-46.83917, 4.87848]]}}, {"type": "Feature", "properties": {"ssGmStId": 348, "ssGmStNm": "0270-1016 ANP", "cmpnntGmId": 5.0, "ss2dUqLnId": "0270-1016 ANP", "district": "LANDMARK", "project": "NEOGENO_FOZAMAZONAS", "subprj": "ALL_DATA", "owtype": "Seis2DLine", "Shape_Leng": 0.0, "OBJECTID": 88.0, "Interpret": "Nao iniciada"}, "geometry": {"type": "LineString", "coordinates": [[-46.73721, 4.72435], [-47.06706, 4.36241], [-48.41537, 2.8788]]}}, {"type": "Feature", "properties": {"ssGmStId": 350, "ssGmStNm": "0270-1022 ANP", "cmpnntGmId": 5.0, "ss2dUqLnId": "0270-1022 ANP", "district": "LANDMARK", "project": "NEOGENO_FOZAMAZONAS", "subprj": "ALL_DATA", "owtype": "Seis2DLine", "Shape_Leng": 0.0, "OBJECTID": 89.0, "Interpret": "Nao iniciada"}, "geometry": {"type": "LineString", "coordinates": [[-48.29908, 1.3985], [-48.09066, 1.62861], [-48.08127, 1.63742], [-48.06729, 1.65442], [-47.84911, 1.89558], [-47.81141, 1.95558], [-47.75825, 2.01578], [-47.72212, 2.04451], [-47.66725, 2.0767], [-47.57516, 2.17759], [-47.56584, 2.1882], [-47.54057, 2.23374], [-47.52683, 2.25123], [-47.14633, 2.67078], [-46.80489, 3.047], [-46.38307, 3.51128]]}}, {"type": "Feature", "properties": {"ssGmStId": 351, "ssGmStNm": "0270-1025 ANP", "cmpnntGmId": 5.0, "ss2dUqLnId": "0270-1025 ANP", "district": "LANDMARK", "project": "NEOGENO_FOZAMAZONAS", "subprj": "ALL_DATA", "owtype": "Seis2DLine", "Shape_Leng": 0.0, "OBJECTID": 90.0, "Interpret": "Nao iniciada"}, "geometry": {"type": "LineString", "coordinates": [[-47.95556, 0.97286], [-47.56932, 1.39982], [-47.54223, 1.44642], [-47.49544, 1.49871], [-47.43464, 1.55408], [-47.41459, 1.56998], [-47.37649, 1.59612], [-47.36172, 1.60936], [-47.19266, 1.79535], [-47.15875, 1.83298], [-47.12138, 1.89249], [-47.11273, 1.90377], [-46.72326, 2.33351], [-46.4068, 2.68242], [-46.05185, 3.07337]]}}, {"type": "Feature", "properties": {"ssGmStId": 352, "ssGmStNm": "0270-2002 ANP", "cmpnntGmId": 5.0, "ss2dUqLnId": "0270-2002 ANP", "district": "LANDMARK", "project": "NEOGENO_FOZAMAZONAS", "subprj": "ALL_DATA", "owtype": "Seis2DLine", "Shape_Leng": 0.0, "OBJECTID": 91.0, "Interpret": "Nao iniciada"}, "geometry": {"type": "LineString", "coordinates": [[-46.04518, 2.61457], [-47.57539, 4.01353], [-49.29695, 5.57791]]}}, {"type": "Feature", "properties": {"ssGmStId": 353, "ssGmStNm": "0270-2003a ANP", "cmpnntGmId": 5.0, "ss2dUqLnId": "0270-2003a ANP", "district": "LANDMARK", "project": "NEOGENO_FOZAMAZONAS", "subprj": "ALL_DATA", "owtype": "Seis2DLine", "Shape_Leng": 0.0, "OBJECTID": 92.0, "Interpret": "Nao iniciada"}, "geometry": {"type": "LineString", "coordinates": [[-43.42379, -0.03639], [-43.46237, -0.00098]]}}, {"type": "Feature", "properties": {"ssGmStId": 354, "ssGmStNm": "0270-2003b ANP", "cmpnntGmId": 5.0, "ss2dUqLnId": "0270-2003b ANP", "district": "LANDMARK", "project": "NEOGENO_FOZAMAZONAS", "subprj": "ALL_DATA", "owtype": "Seis2DLine", "Shape_Leng": 0.0, "OBJECTID": 93.0, "Interpret": "Nao iniciada"}, "geometry": {"type": "LineString", "coordinates": [[-43.46234, -0.00098], [-44.61279, 1.05601], [-45.12758, 1.52852], [-46.23029, 2.53952], [-46.23824, 2.54837], [-46.26355, 2.56997], [-47.50143, 3.70196], [-49.57384, 5.58585]]}}, {"type": "Feature", "properties": {"ssGmStId": 355, "ssGmStNm": "0270-2004a ANP", "cmpnntGmId": 5.0, "ss2dUqLnId": "0270-2004a ANP", "district": "LANDMARK", "project": "NEOGENO_FOZAMAZONAS", "subprj": "ALL_DATA", "owtype": "Seis2DLine", "Shape_Leng": 0.0, "OBJECTID": 94.0, "Interpret": "Nao iniciada"}, "geometry": {"type": "LineString", "coordinates": [[-43.72995, -6e-05], [-43.52382, -0.18947]]}}, {"type": "Feature", "properties": {"ssGmStId": 356, "ssGmStNm": "0270-2004b ANP", "cmpnntGmId": 5.0, "ss2dUqLnId": "0270-2004b ANP", "district": "LANDMARK", "project": "NEOGENO_FOZAMAZONAS", "subprj": "ALL_DATA", "owtype": "Seis2DLine", "Shape_Leng": 0.0, "OBJECTID": 95.0, "Interpret": "Nao iniciada"}, "geometry": {"type": "LineString", "coordinates": [[-49.86259, 5.60487], [-47.93016, 3.84912], [-46.29837, 2.35744], [-44.89671, 1.07168], [-43.73286, 0.00258]]}}, {"type": "Feature", "properties": {"ssGmStId": 357, "ssGmStNm": "0270-2005a ANP", "cmpnntGmId": 5.0, "ss2dUqLnId": "0270-2005a ANP", "district": "LANDMARK", "project": "NEOGENO_FOZAMAZONAS", "subprj": "ALL_DATA", "owtype": "Seis2DLine", "Shape_Leng": 0.0, "OBJECTID": 96.0, "Interpret": "Nao iniciada"}, "geometry": {"type": "LineString", "coordinates": [[-43.64347, -0.3243], [-43.99585, -0.00071]]}}, {"type": "Feature", "properties": {"ssGmStId": 358, "ssGmStNm": "0270-2005b ANP", "cmpnntGmId": 5.0, "ss2dUqLnId": "0270-2005b ANP", "district": "LANDMARK", "project": "NEOGENO_FOZAMAZONAS", "subprj": "ALL_DATA", "owtype": "Seis2DLine", "Shape_Leng": 0.0, "OBJECTID": 97.0, "Interpret": "Nao iniciada"}, "geometry": {"type": "LineString", "coordinates": [[-43.99645, -0.00016], [-45.21648, 1.12031], [-46.58333, 2.37381], [-47.9787, 3.64951], [-49.9789, 5.46771]]}}, {"type": "Feature", "properties": {"ssGmStId": 359, "ssGmStNm": "0270-2006a ANP", "cmpnntGmId": 5.0, "ss2dUqLnId": "0270-2006a ANP", "district": "LANDMARK", "project": "NEOGENO_FOZAMAZONAS", "subprj": "ALL_DATA", "owtype": "Seis2DLine", "Shape_Leng": 0.0, "OBJECTID": 98.0, "Interpret": "Nao iniciada"}, "geometry": {"type": "LineString", "coordinates": [[-44.26218, 0.00057], [-43.76429, -0.45669]]}}, {"type": "Feature", "properties": {"ssGmStId": 360, "ssGmStNm": "0270-2006b ANP", "cmpnntGmId": 5.0, "ss2dUqLnId": "0270-2006b ANP", "district": "LANDMARK", "project": "NEOGENO_FOZAMAZONAS", "subprj": "ALL_DATA", "owtype": "Seis2DLine", "Shape_Leng": 0.0, "OBJECTID": 99.0, "Interpret": "Nao iniciada"}, "geometry": {"type": "LineString", "coordinates": [[-50.10175, 5.33808], [-48.22099, 3.62806], [-46.89453, 2.4156], [-46.71054, 2.24702], [-46.55783, 2.10708], [-46.42987, 1.98981], [-46.32281, 1.89172], [-46.22831, 1.80504], [-45.57363, 1.20472], [-44.26901, 0.00681]]}}, {"type": "Feature", "properties": {"ssGmStId": 361, "ssGmStNm": "0270-2007a ANP", "cmpnntGmId": 5.0, "ss2dUqLnId": "0270-2007a ANP", "district": "LANDMARK", "project": "NEOGENO_FOZAMAZONAS", "subprj": "ALL_DATA", "owtype": "Seis2DLine", "Shape_Leng": 0.0, "OBJECTID": 100.0, "Interpret": "Nao iniciada"}, "geometry": {"type": "LineString", "coordinates": [[-43.70276, -0.75937], [-44.37315, -0.14385], [-44.41299, -0.09588], [-44.4241, -0.08456], [-44.47453, -0.03857], [-44.52426, -0.0014]]}}, {"type": "Feature", "properties": {"ssGmStId": 362, "ssGmStNm": "0270-2007b ANP", "cmpnntGmId": 5.0, "ss2dUqLnId": "0270-2007b ANP", "district": "LANDMARK", "project": "NEOGENO_FOZAMAZONAS", "subprj": "ALL_DATA", "owtype": "Seis2DLine", "Shape_Leng": 0.0, "OBJECTID": 101.0, "Interpret": "Nao iniciada"}, "geometry": {"type": "LineString", "coordinates": [[-44.52605, -0.0003], [-44.56371, 0.03079], [-45.68494, 1.06056], [-47.01299, 2.27818], [-48.54826, 3.68145], [-50.16099, 5.14789]]}}, {"type": "Feature", "properties": {"ssGmStId": 363, "ssGmStNm": "0270-2015 ANP", "cmpnntGmId": 5.0, "ss2dUqLnId": "0270-2015 ANP", "district": "LANDMARK", "project": "NEOGENO_FOZAMAZONAS", "subprj": "ALL_DATA", "owtype": "Seis2DLine", "Shape_Leng": 0.0, "OBJECTID": 102.0, "Interpret": "Nao iniciada"}, "geometry": {"type": "LineString", "coordinates": [[-46.06292, 3.12138], [-47.22742, 4.18537], [-48.6472, 5.47612]]}}, {"type": "Feature", "properties": {"ssGmStId": 364, "ssGmStNm": "0275-17400 ANP", "cmpnntGmId": 5.0, "ss2dUqLnId": "0275-17400 ANP", "district": "LANDMARK", "project": "NEOGENO_FOZAMAZONAS", "subprj": "ALL_DATA", "owtype": "Seis2DLine", "Shape_Leng": 0.0, "OBJECTID": 103.0, "Interpret": "Nao iniciada"}, "geometry": {"type": "LineString", "coordinates": [[-45.81739, 0.56805], [-46.03663, 0.76014], [-46.11933, 0.84635], [-46.12701, 0.85282], [-46.14054, 0.86038], [-46.25012, 0.96664], [-46.27253, 0.98498], [-46.39651, 1.10299], [-46.43225, 1.13334], [-46.47517, 1.17409], [-46.51503, 1.20957], [-46.6004, 1.28348], [-46.68934, 1.36785], [-46.73023, 1.4041], [-46.79582, 1.46708], [-46.81625, 1.4833], [-46.95421, 1.61015], [-47.14267, 1.78793], [-47.16628, 1.80601], [-47.39785, 2.01873], [-47.85152, 2.44137], [-47.96428, 2.54311], [-47.98777, 2.5611], [-48.541, 3.07307], [-48.62556, 3.14934], [-48.64684, 3.16556], [-48.704, 3.21824]]}}, {"type": "Feature", "properties": {"ssGmStId": 366, "ssGmStNm": "0275-4644 ANP", "cmpnntGmId": 5.0, "ss2dUqLnId": "0275-4644 ANP", "district": "LANDMARK", "project": "NEOGENO_FOZAMAZONAS", "subprj": "ALL_DATA", "owtype": "Seis2DLine", "Shape_Leng": 0.0, "OBJECTID": 105.0, "Interpret": "Nao iniciada"}, "geometry": {"type": "LineString", "coordinates": [[-48.13047, 4.71504], [-48.84919, 4.04708]]}}, {"type": "Feature", "properties": {"ssGmStId": 367, "ssGmStNm": "0278-0129 ANP invertido", "cmpnntGmId": 5.0, "ss2dUqLnId": "0278-0129 ANP invertido", "district": "LANDMARK", "project": "NEOGENO_FOZAMAZONAS", "subprj": "ALL_DATA", "owtype": "Seis2DLine", "Shape_Leng": 0.0, "OBJECTID": 106.0, "Interpret": "Nao iniciada"}, "geometry": {"type": "LineString", "coordinates": [[-47.86094, 2.65063], [-47.83327, 2.67752], [-47.81681, 2.69069], [-47.81433, 2.69535], [-47.80825, 2.69885], [-47.78828, 2.71857], [-47.72032, 2.77985], [-47.51699, 2.96916]]}}, {"type": "Feature", "properties": {"ssGmStId": 368, "ssGmStNm": "0278-0133 ANP", "cmpnntGmId": 5.0, "ss2dUqLnId": "0278-0133 ANP", "district": "LANDMARK", "project": "NEOGENO_FOZAMAZONAS", "subprj": "ALL_DATA", "owtype": "Seis2DLine", "Shape_Leng": 0.0, "OBJECTID": 107.0, "Interpret": "Nao iniciada"}, "geometry": {"type": "LineString", "coordinates": [[-47.18529, 3.37734], [-47.19317, 3.37049], [-47.20116, 3.35859], [-47.22063, 3.3405], [-47.26684, 3.29984], [-47.54581, 3.04103], [-47.56945, 3.01967], [-47.57108, 3.01966], [-47.57409, 3.01524], [-47.58143, 3.01046], [-47.58289, 3.00752], [-47.58616, 3.00613], [-47.59174, 2.99867], [-47.59755, 2.9954], [-47.61107, 2.98127], [-47.62053, 2.97397], [-47.65031, 2.9451], [-47.65276, 2.94448], [-47.66114, 2.93526], [-47.68014, 2.91749], [-47.68154, 2.91756], [-47.68258, 2.91498], [-47.74544, 2.85829], [-47.74659, 2.85583], [-47.75052, 2.85366], [-47.76305, 2.84114], [-47.76375, 2.84177], [-47.76322, 2.84082], [-47.79151, 2.81624], [-47.79141, 2.81492], [-47.79212, 2.81556], [-47.79463, 2.81331], [-47.7962, 2.81032], [-47.7972, 2.81112], [-47.79681, 2.80998], [-47.79756, 2.8093], [-47.79836, 2.81005], [-47.79783, 2.80909], [-47.79923, 2.80762], [-47.80026, 2.80812], [-47.79985, 2.80678], [-47.8045, 2.80426], [-47.8044, 2.80277], [-47.8054, 2.80356], [-47.80464, 2.80251], [-47.80757, 2.80142], [-47.80951, 2.79833], [-47.8103, 2.79907], [-47.81458, 2.79337], [-47.81557, 2.79417], [-47.81567, 2.79256], [-47.82143, 2.78684], [-47.82236, 2.78755], [-47.82156, 2.78648], [-47.82239, 2.78707], [-47.82428, 2.78547], [-47.82412, 2.78409], [-47.8249, 2.78482], [-47.82657, 2.78193], [-47.82753, 2.78269], [-47.82704, 2.78145], [-47.83, 2.78038], [-47.82983, 2.77899], [-47.83055, 2.77966], [-47.83592, 2.77365], [-47.8368, 2.77432], [-47.8385, 2.77115], [-47.84881, 2.76293], [-47.84827, 2.76195], [-47.84929, 2.76297], [-47.84859, 2.76181], [-47.84943, 2.76259], [-47.84921, 2.76115], [-47.85556, 2.75661], [-47.85487, 2.75548], [-47.85589, 2.75648], [-47.8552, 2.75535], [-47.85629, 2.75643], [-47.85729, 2.75534], [-47.85672, 2.75435], [-47.85793, 2.7547], [-47.86236, 2.74884], [-47.86327, 2.74953], [-47.86276, 2.74826], [-47.86378, 2.74926], [-47.8632, 2.74825], [-47.86394, 2.74893], [-47.86465, 2.74682], [-47.86538, 2.74749], [-47.86565, 2.74592], [-47.86654, 2.74659], [-47.86836, 2.74508], [-47.86893, 2.74302], [-47.86985, 2.74373], [-47.86929, 2.7429], [-47.87112, 2.74209], [-47.87147, 2.74027], [-47.87279, 2.7411], [-47.87237, 2.73993], [-47.87365, 2.74019], [-47.87674, 2.73551], [-47.88586, 2.729], [-47.88727, 2.72738], [-47.88672, 2.72642], [-47.88745, 2.72708], [-47.88755, 2.72582], [-47.88837, 2.7266], [-47.88789, 2.72569], [-47.88957, 2.7259], [-47.88848, 2.72449], [-47.88965, 2.72548], [-47.88994, 2.7236], [-47.89137, 2.72403], [-47.89031, 2.72247], [-47.89148, 2.72364], [-47.89222, 2.72159], [-47.89292, 2.72223], [-47.89227, 2.72113], [-47.89331, 2.72214], [-47.8927, 2.7211], [-47.89288, 2.72081], [-47.89387, 2.72177], [-47.89324, 2.72088], [-47.89421, 2.72112], [-47.89391, 2.71993], [-47.89595, 2.71935], [-47.89534, 2.71797], [-47.89658, 2.71905], [-47.89695, 2.71844], [-47.89619, 2.7174], [-47.89669, 2.71696], [-47.89773, 2.7178], [-47.89707, 2.71636], [-47.89834, 2.71747], [-47.89892, 2.71642], [-47.89819, 2.71507], [-47.89955, 2.71645], [-47.89904, 2.7157], [-47.89854, 2.71495], [-47.89987, 2.71632], [-47.89887, 2.71482], [-47.89984, 2.71578], [-47.89952, 2.7142], [-47.90052, 2.715], [-47.89999, 2.71425], [-47.90161, 2.71401], [-47.90096, 2.71294], [-47.90199, 2.71393], [-47.90131, 2.71281], [-47.90233, 2.71331], [-47.90421, 2.71154], [-47.90364, 2.71038], [-47.90471, 2.71142], [-47.90413, 2.71041], [-47.90662, 2.70796], [-47.90743, 2.70872], [-47.90812, 2.70642], [-47.9084, 2.70623], [-47.90932, 2.70712], [-47.90874, 2.70576], [-47.90975, 2.70658], [-47.91024, 2.7044], [-47.91144, 2.70542], [-47.91065, 2.70419], [-47.91115, 2.70373], [-47.91221, 2.70478], [-47.9113, 2.7034], [-47.91244, 2.70451], [-47.91147, 2.70307], [-47.91246, 2.70402], [-47.91189, 2.70303], [-47.91275, 2.70385], [-47.91212, 2.7028], [-47.91307, 2.7037], [-47.91275, 2.70214], [-47.9139, 2.70312], [-47.9135, 2.70215], [-47.91436, 2.70177], [-47.91516, 2.7025], [-47.91381, 2.70079], [-47.91525, 2.7021], [-47.91554, 2.70193], [-47.91445, 2.70049], [-47.91556, 2.70144], [-47.91512, 2.69974], [-47.91633, 2.70093], [-47.91603, 2.69922], [-47.91782, 2.69904], [-47.91701, 2.69794], [-47.91831, 2.69927], [-47.9174, 2.69789], [-47.91847, 2.69894], [-47.91793, 2.69796], [-47.91931, 2.69836], [-47.91804, 2.69656], [-47.91971, 2.69831], [-47.91858, 2.69667], [-47.91951, 2.69758], [-47.91904, 2.69616], [-47.91989, 2.69646], [-47.92095, 2.69751], [-47.9191, 2.69522], [-47.92007, 2.69616], [-47.92104, 2.69709], [-47.92173, 2.69703], [-47.91986, 2.69453], [-47.92187, 2.69666], [-47.9201, 2.69429], [-47.92183, 2.69609], [-47.92081, 2.69459], [-47.92209, 2.69317], [-47.92113, 2.6919], [-47.92224, 2.69282], [-47.92119, 2.69146], [-47.92219, 2.69225], [-47.92132, 2.69109], [-47.92213, 2.69114], [-47.92137, 2.68993], [-47.92218, 2.69053], [-47.92165, 2.68751], [-47.92272, 2.68857], [-47.9215, 2.68686], [-47.92259, 2.68792], [-47.92158, 2.68644], [-47.92263, 2.68745], [-47.92165, 2.68598], [-47.92239, 2.68648], [-47.92289, 2.68398], [-47.92227, 2.68292], [-47.92306, 2.68365], [-47.92238, 2.68252], [-47.92306, 2.68315], [-47.92245, 2.68209], [-47.92307, 2.68264], [-47.92313, 2.67793]]}}, {"type": "Feature", "properties": {"ssGmStId": 369, "ssGmStNm": "0278-0143 ANP", "cmpnntGmId": 5.0, "ss2dUqLnId": "0278-0143 ANP", "district": "LANDMARK", "project": "NEOGENO_FOZAMAZONAS", "subprj": "ALL_DATA", "owtype": "Seis2DLine", "Shape_Leng": 0.0, "OBJECTID": 108.0, "Interpret": "Nao iniciada"}, "geometry": {"type": "LineString", "coordinates": [[-48.06822, 2.81555], [-48.05612, 2.81964], [-48.05191, 2.8195], [-48.04456, 2.82413], [-47.98602, 2.87993], [-47.9821, 2.88179], [-47.9795, 2.88615], [-47.97703, 2.88627], [-47.97487, 2.89026], [-47.96396, 2.89936], [-47.96231, 2.90238], [-47.95916, 2.90327], [-47.94896, 2.91248], [-47.931, 2.9312], [-47.92322, 2.93656], [-47.91678, 2.9442], [-47.89856, 2.95945], [-47.76831, 3.08132], [-47.74776, 3.09904], [-47.73677, 3.11057], [-47.67433, 3.16723], [-47.61171, 3.22654], [-47.61, 3.22684], [-47.5918, 3.24498], [-47.44142, 3.38128], [-47.24791, 3.56233], [-47.2012, 3.60464], [-47.17921, 3.61569]]}}, {"type": "Feature", "properties": {"ssGmStId": 370, "ssGmStNm": "0278-0151 ANP", "cmpnntGmId": 5.0, "ss2dUqLnId": "0278-0151 ANP", "district": "LANDMARK", "project": "NEOGENO_FOZAMAZONAS", "subprj": "ALL_DATA", "owtype": "Seis2DLine", "Shape_Leng": 0.0, "OBJECTID": 109.0, "Interpret": "Nao iniciada"}, "geometry": {"type": "LineString", "coordinates": [[-48.17584, 2.89114], [-48.15423, 2.90693], [-48.08454, 2.97124], [-47.83435, 3.20921], [-47.7363, 3.30054], [-47.6972, 3.33918], [-47.63709, 3.39327], [-47.57696, 3.45211], [-47.54238, 3.48241], [-47.41236, 3.60331], [-47.39066, 3.61564]]}}, {"type": "Feature", "properties": {"ssGmStId": 371, "ssGmStNm": "0278-0167 ANP", "cmpnntGmId": 5.0, "ss2dUqLnId": "0278-0167 ANP", "district": "LANDMARK", "project": "NEOGENO_FOZAMAZONAS", "subprj": "ALL_DATA", "owtype": "Seis2DLine", "Shape_Leng": 0.0, "OBJECTID": 110.0, "Interpret": "Nao iniciada"}, "geometry": {"type": "LineString", "coordinates": [[-48.3792, 3.09359], [-48.25595, 3.21166], [-48.16278, 3.29591], [-47.88567, 3.55617], [-47.7277, 3.70134]]}}, {"type": "Feature", "properties": {"ssGmStId": 372, "ssGmStNm": "0278-0171 ANP", "cmpnntGmId": 5.0, "ss2dUqLnId": "0278-0171 ANP", "district": "LANDMARK", "project": "NEOGENO_FOZAMAZONAS", "subprj": "ALL_DATA", "owtype": "Seis2DLine", "Shape_Leng": 0.0, "OBJECTID": 111.0, "Interpret": "Finalizada"}, "geometry": {"type": "LineString", "coordinates": [[-48.82076, 2.8026], [-48.79911, 2.81416], [-48.74747, 2.86056], [-48.63744, 2.96559], [-48.42298, 3.16411], [-48.34322, 3.24197], [-48.31464, 3.26731], [-48.12226, 3.44754], [-48.01386, 3.54499]]}}, {"type": "Feature", "properties": {"ssGmStId": 373, "ssGmStNm": "0278-0173 ANP", "cmpnntGmId": 5.0, "ss2dUqLnId": "0278-0173 ANP", "district": "LANDMARK", "project": "NEOGENO_FOZAMAZONAS", "subprj": "ALL_DATA", "owtype": "Seis2DLine", "Shape_Leng": 0.0, "OBJECTID": 112.0, "Interpret": "Finalizada"}, "geometry": {"type": "LineString", "coordinates": [[-48.09892, 3.52804], [-48.24665, 3.39147], [-48.4979, 3.15521], [-48.59718, 3.06494], [-48.74171, 2.92765], [-48.79199, 2.88214], [-48.80854, 2.86044]]}}, {"type": "Feature", "properties": {"ssGmStId": 377, "ssGmStNm": "0500-0163A", "cmpnntGmId": 5.0, "ss2dUqLnId": "0500-0163A", "district": "LANDMARK", "project": "NEOGENO_FOZAMAZONAS", "subprj": "ALL_DATA", "owtype": "Seis2DLine", "Shape_Leng": 0.0, "OBJECTID": 116.0, "Interpret": "Nao iniciada"}, "geometry": {"type": "LineString", "coordinates": [[-33.68991, -8.9593], [-33.67657, -8.96046], [-33.60268, -8.96245], [-33.57533, -8.96431], [-33.5431, -8.96404], [-33.53187, -8.96575], [-33.5091, -8.96514], [-33.47593, -8.96722], [-33.4632, -8.96647], [-33.43173, -8.96889], [-33.42116, -8.968], [-33.40311, -8.96959], [-33.38616, -8.9688], [-33.36708, -8.97048], [-33.32846, -8.97077], [-33.31553, -8.97237], [-33.29458, -8.97157], [-33.27901, -8.9731], [-33.21148, -8.97397], [-33.19695, -8.9756], [-33.16986, -8.97562], [-33.13483, -8.97774], [-33.00235, -8.98051], [-32.96431, -8.98252], [-32.93973, -8.98216], [-32.9288, -8.98349], [-32.91619, -8.98291], [-32.8924, -8.98457], [-32.86227, -8.98444], [-32.84673, -8.98601], [-32.75409, -8.98743], [-32.74222, -8.98811], [-32.64496, -8.99168], [-32.52099, -8.99368], [-32.4918, -8.99524], [-32.44037, -8.99512], [-32.41922, -8.99745], [-32.37379, -8.99953], [-32.35035, -8.99905], [-32.32972, -9.00034], [-32.30728, -8.99904], [-32.29897, -9.0011], [-32.26983, -8.99937], [-32.26276, -9.00167], [-32.22837, -9.00415], [-32.16549, -9.00433], [-32.13438, -9.00743], [-32.06137, -9.00934], [-32.03742, -9.01146], [-31.9883, -9.00932], [-31.90044, -9.0118], [-31.88487, -9.01097], [-31.73382, -9.0166], [-31.60982, -9.01852], [-31.57944, -9.02078], [-31.57037, -9.01977], [-31.55638, -9.02127], [-31.52644, -9.02039], [-31.52059, -9.02194], [-31.51533, -9.02135], [-31.51021, -9.02349], [-31.49591, -9.02052], [-31.4913, -9.0215], [-31.47037, -9.02328], [-31.42466, -9.02325], [-31.42011, -9.02458], [-31.41567, -9.02365], [-31.39884, -9.02525]]}}, {"type": "Feature", "properties": {"ssGmStId": 378, "ssGmStNm": "0500-0164", "cmpnntGmId": 5.0, "ss2dUqLnId": "0500-0164", "district": "LANDMARK", "project": "NEOGENO_FOZAMAZONAS", "subprj": "ALL_DATA", "owtype": "Seis2DLine", "Shape_Leng": 0.0, "OBJECTID": 117.0, "Interpret": "Nao iniciada"}, "geometry": {"type": "LineString", "coordinates": [[-30.97588, -7.17638], [-30.99355, -7.17666], [-31.0411, -7.18252], [-31.05222, -7.18229], [-31.06309, -7.18449], [-31.09106, -7.1862], [-31.10631, -7.18897], [-31.11525, -7.18866], [-31.12953, -7.19116], [-31.16647, -7.19471], [-31.17153, -7.19414], [-31.18473, -7.19644], [-31.31122, -7.20775], [-31.33355, -7.21132], [-31.33868, -7.21073], [-31.36624, -7.21302], [-31.39089, -7.21667], [-31.39912, -7.21642], [-31.45509, -7.22293], [-31.50314, -7.22636], [-31.52921, -7.23017], [-31.5672, -7.23262], [-31.59137, -7.23602], [-31.60706, -7.23606], [-31.61647, -7.2383], [-31.70627, -7.24729], [-31.8549, -7.26058], [-31.91999, -7.26811], [-31.93531, -7.26846], [-31.94099, -7.27103], [-31.98708, -7.27345], [-32.17842, -7.29208]]}}, {"type": "Feature", "properties": {"ssGmStId": 379, "ssGmStNm": "0500-0164A", "cmpnntGmId": 5.0, "ss2dUqLnId": "0500-0164A", "district": "LANDMARK", "project": "NEOGENO_FOZAMAZONAS", "subprj": "ALL_DATA", "owtype": "Seis2DLine", "Shape_Leng": 0.0, "OBJECTID": 118.0, "Interpret": "Nao iniciada"}, "geometry": {"type": "LineString", "coordinates": [[-32.17049, -7.29268], [-32.1817, -7.29229], [-32.19194, -7.29418], [-32.21384, -7.29517], [-32.26475, -7.30018], [-32.27664, -7.30328], [-32.39619, -7.31226], [-32.45308, -7.32004], [-32.46105, -7.31913], [-32.4971, -7.32151], [-32.51145, -7.32434], [-32.59822, -7.33131], [-32.60685, -7.33323], [-32.72874, -7.34368], [-32.77433, -7.34895], [-32.80899, -7.35049], [-32.8332, -7.35407], [-32.90905, -7.36028], [-32.92834, -7.36304], [-33.06274, -7.37523], [-33.07067, -7.37776], [-33.08874, -7.3796], [-33.10239, -7.37896], [-33.11881, -7.38124], [-33.12585, -7.38092], [-33.13209, -7.38266], [-33.17101, -7.38507], [-33.21832, -7.3904], [-33.33097, -7.39993], [-33.34138, -7.40188], [-33.45954, -7.41195], [-33.51224, -7.41816], [-33.52232, -7.41783], [-33.56697, -7.42166], [-33.58086, -7.42404], [-33.60297, -7.42501], [-33.62187, -7.42811], [-33.64407, -7.42865], [-33.65321, -7.43096], [-33.72523, -7.43617], [-33.77048, -7.44135], [-33.78843, -7.44186], [-33.95555, -7.45815], [-33.96886, -7.45798], [-34.16058, -7.47696], [-34.22443, -7.48187], [-34.25194, -7.48541], [-34.26563, -7.48543], [-34.28286, -7.48809], [-34.37753, -7.49559], [-34.38683, -7.4976], [-34.4198, -7.49951]]}}, {"type": "Feature", "properties": {"ssGmStId": 380, "ssGmStNm": "0500-0165", "cmpnntGmId": 5.0, "ss2dUqLnId": "0500-0165", "district": "LANDMARK", "project": "NEOGENO_FOZAMAZONAS", "subprj": "ALL_DATA", "owtype": "Seis2DLine", "Shape_Leng": 0.0, "OBJECTID": 119.0, "Interpret": "Nao iniciada"}, "geometry": {"type": "LineString", "coordinates": [[-34.9604, -4.34454], [-34.69878, -4.41184], [-34.68986, -4.4124], [-34.68231, -4.41607], [-34.66147, -4.4214], [-34.6518, -4.42251], [-34.6407, -4.42679], [-34.46294, -4.47077], [-34.45942, -4.47286], [-34.45399, -4.47315], [-34.44737, -4.47571], [-34.44409, -4.47525], [-34.43911, -4.47781], [-34.42665, -4.47995], [-34.42105, -4.48259], [-34.41611, -4.48246], [-34.40379, -4.48589], [-34.39496, -4.48717], [-34.37258, -4.49459], [-34.3129, -4.50968], [-34.29403, -4.51315], [-34.28748, -4.51603], [-34.26176, -4.52187], [-34.25136, -4.52555], [-34.24636, -4.52543], [-34.2397, -4.52816], [-34.22892, -4.52971], [-34.21469, -4.53448], [-34.20017, -4.53725], [-34.19141, -4.54082], [-34.16634, -4.54601], [-34.16227, -4.5485], [-34.14751, -4.54967], [-34.12628, -4.55713], [-33.99264, -4.59008], [-33.96222, -4.59909], [-33.9572, -4.59897], [-33.9013, -4.61415], [-33.89346, -4.61494], [-33.85121, -4.62619], [-33.84627, -4.62862], [-33.83868, -4.62896], [-33.80851, -4.63724], [-33.79243, -4.6391], [-33.77589, -4.64563], [-33.70355, -4.66385]]}}, {"type": "Feature", "properties": {"ssGmStId": 381, "ssGmStNm": "0500-0165A", "cmpnntGmId": 5.0, "ss2dUqLnId": "0500-0165A", "district": "LANDMARK", "project": "NEOGENO_FOZAMAZONAS", "subprj": "ALL_DATA", "owtype": "Seis2DLine", "Shape_Leng": 0.0, "OBJECTID": 120.0, "Interpret": "Nao iniciada"}, "geometry": {"type": "LineString", "coordinates": [[-33.71211, -4.66474], [-33.69786, -4.66508], [-33.66527, -4.67296], [-33.65989, -4.67582], [-33.65233, -4.67631], [-33.63334, -4.68253], [-33.6214, -4.68166], [-33.61907, -4.68338], [-33.6117, -4.68754], [-33.58201, -4.69365], [-33.57605, -4.69361], [-33.55468, -4.70016], [-33.5097, -4.71242]]}}, {"type": "Feature", "properties": {"ssGmStId": 382, "ssGmStNm": "0500-0165B", "cmpnntGmId": 5.0, "ss2dUqLnId": "0500-0165B", "district": "LANDMARK", "project": "NEOGENO_FOZAMAZONAS", "subprj": "ALL_DATA", "owtype": "Seis2DLine", "Shape_Leng": 0.0, "OBJECTID": 121.0, "Interpret": "Nao iniciada"}, "geometry": {"type": "LineString", "coordinates": [[-33.52074, -4.70889], [-33.50776, -4.71347], [-33.41466, -4.73659], [-33.33731, -4.75612], [-33.29842, -4.76575], [-33.1364, -4.80612], [-33.10074, -4.81622], [-33.04692, -4.82831], [-33.03951, -4.83129], [-32.94086, -4.85523], [-32.9237, -4.86064], [-32.89175, -4.86487], [-32.86317, -4.8753], [-32.84235, -4.87967], [-32.79071, -4.89357], [-32.71565, -4.90886], [-32.70174, -4.91292], [-32.68868, -4.91912], [-32.6493, -4.92975], [-32.6267, -4.93406], [-32.50564, -4.96517], [-32.45153, -4.97948], [-32.44613, -4.97979], [-32.42924, -4.98485], [-32.42537, -4.98553], [-32.39602, -4.99213], [-32.37238, -4.99903], [-32.3568, -5.00167], [-32.35255, -5.00403], [-32.30738, -5.01484], [-32.30028, -5.0181], [-32.28039, -5.02131], [-32.26919, -5.02487], [-32.26608, -5.02549], [-32.12904, -5.05912], [-32.10796, -5.0653], [-32.07913, -5.07149], [-31.73143, -5.15814], [-31.67476, -5.17338], [-31.56026, -5.20048], [-31.40275, -5.24078], [-31.37201, -5.24804], [-31.35945, -5.25007], [-31.34236, -5.25616], [-31.28984, -5.2683], [-31.28434, -5.27464], [-31.25126, -5.27769], [-31.17337, -5.29802], [-31.16946, -5.29793], [-31.1516, -5.30336], [-31.09036, -5.31732], [-31.01967, -5.33611], [-30.98051, -5.34434], [-30.93688, -5.35637], [-30.84406, -5.37899], [-30.83325, -5.38043], [-30.80055, -5.38986], [-30.33683, -5.50376], [-30.33257, -5.50597], [-30.31893, -5.50753], [-30.315, -5.50979], [-30.28845, -5.51533], [-30.28457, -5.51757], [-30.27876, -5.51743], [-30.27482, -5.51799], [-30.2707, -5.52071], [-30.25904, -5.52439]]}}, {"type": "Feature", "properties": {"ssGmStId": 383, "ssGmStNm": "0500-0169", "cmpnntGmId": 5.0, "ss2dUqLnId": "0500-0169", "district": "LANDMARK", "project": "NEOGENO_FOZAMAZONAS", "subprj": "ALL_DATA", "owtype": "Seis2DLine", "Shape_Leng": 0.0, "OBJECTID": 122.0, "Interpret": "Nao iniciada"}, "geometry": {"type": "LineString", "coordinates": [[-33.00878, -6.40486], [-33.01679, -6.39251], [-33.01991, -6.38946], [-33.02549, -6.3787], [-33.03581, -6.36598], [-33.05365, -6.34038], [-33.05497, -6.33661], [-33.06564, -6.32304], [-33.07101, -6.31295], [-33.07656, -6.30748], [-33.07845, -6.30245], [-33.08266, -6.29842], [-33.0839, -6.29405], [-33.08848, -6.29054], [-33.0914, -6.28611], [-33.09944, -6.27247], [-33.1487, -6.1998]]}}, {"type": "Feature", "properties": {"ssGmStId": 384, "ssGmStNm": "0500-0169A", "cmpnntGmId": 5.0, "ss2dUqLnId": "0500-0169A", "district": "LANDMARK", "project": "NEOGENO_FOZAMAZONAS", "subprj": "ALL_DATA", "owtype": "Seis2DLine", "Shape_Leng": 0.0, "OBJECTID": 123.0, "Interpret": "Nao iniciada"}, "geometry": {"type": "LineString", "coordinates": [[-33.15289, -6.20755], [-33.15261, -6.19918], [-33.17524, -6.16388], [-33.18213, -6.15599], [-33.18452, -6.15044], [-33.21729, -6.10627], [-33.24152, -6.06816], [-33.27183, -6.02562], [-33.28928, -5.99633], [-33.3243, -5.9474], [-33.3352, -5.9294], [-33.37091, -5.8783], [-33.37995, -5.86278], [-33.38551, -5.85692], [-33.39529, -5.84263], [-33.39782, -5.83681], [-33.42737, -5.79302], [-33.43226, -5.78824], [-33.43459, -5.78352], [-33.44558, -5.76508], [-33.4536, -5.756], [-33.4548, -5.75239], [-33.4715, -5.72987], [-33.48957, -5.6997], [-33.4959, -5.69359], [-33.50685, -5.67333], [-33.54534, -5.61844], [-33.55999, -5.59513], [-33.56302, -5.59238], [-33.56622, -5.58468], [-33.57097, -5.57955], [-33.59167, -5.54761], [-33.59895, -5.53872], [-33.67243, -5.42569], [-33.69577, -5.39326], [-33.70356, -5.37812], [-33.71088, -5.36928], [-33.72472, -5.34691], [-33.73086, -5.33947], [-33.73326, -5.33385], [-33.76107, -5.29257], [-33.76476, -5.28517], [-33.77837, -5.26826], [-33.80527, -5.22826], [-33.80983, -5.22336], [-33.8269, -5.19712], [-33.8285, -5.19216], [-33.8323, -5.18889], [-33.86376, -5.13969], [-33.87332, -5.1263], [-33.9117, -5.0688], [-33.93558, -5.03589], [-33.94118, -5.02595], [-33.95669, -5.00586], [-33.95809, -5.0019], [-33.96651, -4.99326], [-33.97218, -4.98185], [-33.97878, -4.97314], [-33.98527, -4.96133], [-33.9884, -4.9592], [-33.99625, -4.94445], [-34.00697, -4.9319], [-34.01437, -4.92096], [-34.02081, -4.90754], [-34.02827, -4.89874], [-34.06837, -4.83897], [-34.07665, -4.83018], [-34.08406, -4.8165], [-34.11092, -4.77839], [-34.12285, -4.75804], [-34.14263, -4.72981], [-34.1515, -4.71393], [-34.1701, -4.6864], [-34.17236, -4.68118], [-34.20256, -4.637], [-34.20944, -4.62361], [-34.22733, -4.59913], [-34.23573, -4.58373], [-34.24161, -4.57796], [-34.25549, -4.55873], [-34.27864, -4.52261], [-34.30352, -4.4879], [-34.30985, -4.47609], [-34.32575, -4.45166], [-34.34212, -4.4313], [-34.35003, -4.41703], [-34.3596, -4.40293], [-34.3712, -4.3841], [-34.37977, -4.36974], [-34.38431, -4.36509], [-34.38975, -4.35585], [-34.39566, -4.34874], [-34.40945, -4.32553], [-34.4222, -4.3085], [-34.42624, -4.30601], [-34.43394, -4.2918], [-34.43718, -4.28891], [-34.44319, -4.27777], [-34.46186, -4.25122], [-34.50164, -4.19963], [-34.51197, -4.18435], [-34.54411, -4.13307], [-34.553, -4.11297], [-34.56347, -4.10065], [-34.57035, -4.08888], [-34.58547, -4.07134], [-34.59604, -4.04975], [-34.60301, -4.04098], [-34.62154, -4.01352], [-34.63613, -3.98865], [-34.64495, -3.98236], [-34.66095, -3.95797], [-34.67401, -3.93352], [-34.67971, -3.92545], [-34.7071, -3.88494]]}}, {"type": "Feature", "properties": {"ssGmStId": 385, "ssGmStNm": "0500-0170", "cmpnntGmId": 5.0, "ss2dUqLnId": "0500-0170", "district": "LANDMARK", "project": "NEOGENO_FOZAMAZONAS", "subprj": "ALL_DATA", "owtype": "Seis2DLine", "Shape_Leng": 0.0, "OBJECTID": 124.0, "Interpret": "Nao iniciada"}, "geometry": {"type": "LineString", "coordinates": [[-33.01962, -6.38348], [-33.01601, -6.39838], [-33.00942, -6.54524], [-33.00643, -6.574], [-33.00618, -6.60334], [-33.00333, -6.63042], [-33.00194, -6.68036], [-33.00042, -6.68486], [-33.00056, -6.70138], [-32.99843, -6.71609], [-32.99874, -6.7366], [-32.99471, -6.79072], [-32.99343, -6.83573], [-32.99156, -6.84447], [-32.99228, -6.85174], [-32.98914, -6.91494], [-32.98644, -6.94197], [-32.98698, -6.95323], [-32.98489, -6.96739], [-32.98489, -6.98712], [-32.9808, -7.04916], [-32.9814, -7.06599], [-32.97774, -7.0902], [-32.97777, -7.12077], [-32.97449, -7.16017], [-32.9735, -7.19682], [-32.96735, -7.29089], [-32.95202, -7.58576], [-32.94979, -7.60297], [-32.94544, -7.70265], [-32.94742, -7.70745], [-32.94731, -7.71141], [-32.94356, -7.73083], [-32.94098, -7.79342], [-32.93916, -7.79781], [-32.93962, -7.80719], [-32.93483, -7.89039], [-32.93094, -7.97045], [-32.92878, -7.98839], [-32.92957, -8.00544], [-32.92842, -8.01911], [-32.92537, -8.03553], [-32.92648, -8.05727], [-32.92352, -8.08422], [-32.9239, -8.10247], [-32.92283, -8.11855], [-32.92099, -8.12912], [-32.92087, -8.1541], [-32.9189, -8.16544], [-32.9194, -8.17902], [-32.91426, -8.25239], [-32.9121, -8.30976], [-32.91062, -8.31918], [-32.90895, -8.37393], [-32.90655, -8.38853], [-32.90733, -8.40012], [-32.9043, -8.43613], [-32.90498, -8.44548], [-32.90212, -8.46803], [-32.90163, -8.49556], [-32.8974, -8.55711], [-32.88727, -8.76117], [-32.8805, -8.85851], [-32.88082, -8.87408], [-32.8769, -8.92839], [-32.87495, -8.98691], [-32.87332, -8.99585], [-32.87307, -9.02274], [-32.8711, -9.04299], [-32.87005, -9.05943], [-32.87018, -9.06549], [-32.8692, -9.07115], [-32.8694, -9.07408], [-32.86958, -9.07722], [-32.86696, -9.11324], [-32.86562, -9.15274], [-32.86178, -9.20691], [-32.86053, -9.23557], [-32.86158, -9.24065], [-32.85769, -9.27639], [-32.85307, -9.38007], [-32.85063, -9.40731], [-32.85093, -9.41984], [-32.84709, -9.4586], [-32.84665, -9.49216], [-32.84268, -9.54785], [-32.84384, -9.55283]]}}, {"type": "Feature", "properties": {"ssGmStId": 386, "ssGmStNm": "0500-0172A", "cmpnntGmId": 5.0, "ss2dUqLnId": "0500-0172A", "district": "LANDMARK", "project": "NEOGENO_FOZAMAZONAS", "subprj": "ALL_DATA", "owtype": "Seis2DLine", "Shape_Leng": 0.0, "OBJECTID": 125.0, "Interpret": "Nao iniciada"}, "geometry": {"type": "LineString", "coordinates": [[-30.63362, -5.12229], [-30.64169, -5.14835], [-30.64218, -5.15677], [-30.66291, -5.24821], [-30.66256, -5.25301], [-30.67079, -5.28473], [-30.67676, -5.31517], [-30.67907, -5.32112], [-30.68197, -5.33977], [-30.6901, -5.37155], [-30.69593, -5.40452], [-30.6981, -5.40894], [-30.70433, -5.44272], [-30.71413, -5.48518], [-30.71413, -5.49037], [-30.72502, -5.5344], [-30.72573, -5.54197], [-30.74711, -5.63576], [-30.75974, -5.69852], [-30.7662, -5.71568]]}}, {"type": "Feature", "properties": {"ssGmStId": 387, "ssGmStNm": "0500-0172B", "cmpnntGmId": 5.0, "ss2dUqLnId": "0500-0172B", "district": "LANDMARK", "project": "NEOGENO_FOZAMAZONAS", "subprj": "ALL_DATA", "owtype": "Seis2DLine", "Shape_Leng": 0.0, "OBJECTID": 126.0, "Interpret": "Nao iniciada"}, "geometry": {"type": "LineString", "coordinates": [[-30.75828, -5.69259], [-30.76658, -5.72321], [-30.7719, -5.75585], [-30.77562, -5.77285], [-30.77789, -5.77692], [-30.78765, -5.82755], [-30.79365, -5.8496], [-30.79526, -5.86221], [-30.81996, -5.97221], [-30.8201, -5.9786], [-30.85198, -6.11614], [-30.85923, -6.15516], [-30.8768, -6.23266], [-30.87927, -6.25067], [-30.88112, -6.25327], [-30.88092, -6.25804], [-30.88187, -6.26451], [-30.89748, -6.33018], [-30.89744, -6.33886], [-30.90038, -6.34325], [-30.92673, -6.46238], [-30.92663, -6.46705], [-30.92849, -6.47102], [-30.9447, -6.55034], [-30.95106, -6.57391], [-30.96692, -6.65241], [-31.00136, -6.80339], [-31.01475, -6.87446], [-31.01713, -6.87931], [-31.03496, -6.96686], [-31.04216, -6.99463], [-31.05765, -7.06367], [-31.06992, -7.12578], [-31.08652, -7.19574], [-31.09619, -7.24523], [-31.11822, -7.34203], [-31.12558, -7.38287], [-31.13149, -7.40534], [-31.13543, -7.41725], [-31.14369, -7.46254], [-31.1563, -7.5188], [-31.18775, -7.66231], [-31.20118, -7.72688], [-31.20225, -7.73689], [-31.2072, -7.75106], [-31.20865, -7.75962], [-31.21239, -7.77291], [-31.21431, -7.78116], [-31.21596, -7.78719], [-31.21709, -7.79144], [-31.21909, -7.79684], [-31.22589, -7.83486], [-31.23134, -7.85381], [-31.24021, -7.90006], [-31.24782, -7.92937], [-31.2647, -8.00784]]}}, {"type": "Feature", "properties": {"ssGmStId": 388, "ssGmStNm": "0500-0172C", "cmpnntGmId": 5.0, "ss2dUqLnId": "0500-0172C", "district": "LANDMARK", "project": "NEOGENO_FOZAMAZONAS", "subprj": "ALL_DATA", "owtype": "Seis2DLine", "Shape_Leng": 0.0, "OBJECTID": 127.0, "Interpret": "Nao iniciada"}, "geometry": {"type": "LineString", "coordinates": [[-31.26498, -8.00275], [-31.26464, -8.013], [-31.27519, -8.06315], [-31.29636, -8.15446], [-31.29634, -8.15968], [-31.30077, -8.17565], [-31.3024, -8.18974], [-31.30467, -8.19492], [-31.30726, -8.21253], [-31.31893, -8.26005], [-31.33462, -8.33638], [-31.34731, -8.38757], [-31.34721, -8.39346], [-31.35163, -8.4056], [-31.35157, -8.41], [-31.35274, -8.41854], [-31.35545, -8.43439], [-31.35793, -8.43979], [-31.36652, -8.47261], [-31.37993, -8.53029], [-31.38189, -8.54352], [-31.38399, -8.54866], [-31.38532, -8.55924], [-31.39056, -8.57278], [-31.39033, -8.58228], [-31.39988, -8.61763], [-31.40432, -8.64278], [-31.41107, -8.66958], [-31.41596, -8.68753], [-31.41643, -8.69443], [-31.42122, -8.70694], [-31.4216, -8.71362], [-31.42433, -8.71991], [-31.42458, -8.72676], [-31.439, -8.7874], [-31.44285, -8.81326], [-31.44516, -8.81891], [-31.44688, -8.83125], [-31.45174, -8.84921], [-31.45276, -8.85929], [-31.46048, -8.89273], [-31.46892, -8.93155], [-31.47072, -8.94553], [-31.4754, -8.96209], [-31.48429, -9.0061], [-31.48681, -9.01265], [-31.49207, -9.04056], [-31.49398, -9.04467], [-31.49794, -9.07188], [-31.50017, -9.07672], [-31.50193, -9.09074], [-31.50495, -9.09859], [-31.50534, -9.10781], [-31.50826, -9.11308], [-31.50853, -9.12187], [-31.5168, -9.15076], [-31.52282, -9.19189], [-31.53211, -9.22333], [-31.53224, -9.22827], [-31.53813, -9.25289], [-31.54333, -9.27717], [-31.54598, -9.28227], [-31.54592, -9.29159], [-31.56023, -9.36123], [-31.57215, -9.4081], [-31.57698, -9.43689], [-31.57917, -9.44242], [-31.58858, -9.48497]]}}, {"type": "Feature", "properties": {"ssGmStId": 389, "ssGmStNm": "0500-0173", "cmpnntGmId": 5.0, "ss2dUqLnId": "0500-0173", "district": "LANDMARK", "project": "NEOGENO_FOZAMAZONAS", "subprj": "ALL_DATA", "owtype": "Seis2DLine", "Shape_Leng": 0.0, "OBJECTID": 128.0, "Interpret": "Nao iniciada"}, "geometry": {"type": "LineString", "coordinates": [[-31.5806, -9.46076], [-31.58637, -9.47016], [-31.59126, -9.47456], [-31.61852, -9.50816], [-31.6789, -9.57665], [-31.70197, -9.60506], [-31.80424, -9.72329], [-31.80789, -9.72734], [-31.80997, -9.72735], [-31.81257, -9.72949], [-31.82317, -9.74473], [-31.82835, -9.75102], [-31.83582, -9.75911], [-31.83828, -9.76157], [-31.85094, -9.77764], [-31.86372, -9.79066], [-31.88602, -9.81809], [-31.98199, -9.92795], [-31.98532, -9.93342], [-31.99578, -9.94393], [-31.99818, -9.94872], [-32.0053, -9.95479], [-32.01125, -9.96347], [-32.04353, -10.0]]}}, {"type": "Feature", "properties": {"ssGmStId": 390, "ssGmStNm": "0500-0501 ANP", "cmpnntGmId": 5.0, "ss2dUqLnId": "0500-0501 ANP", "district": "LANDMARK", "project": "NEOGENO_FOZAMAZONAS", "subprj": "ALL_DATA", "owtype": "Seis2DLine", "Shape_Leng": 0.0, "OBJECTID": 129.0, "Interpret": "Nao iniciada"}, "geometry": {"type": "LineString", "coordinates": [[-37.92656, -3.67303], [-37.91579, -3.66409], [-37.90811, -3.65526], [-37.90336, -3.64656], [-37.87438, -3.61346], [-37.85536, -3.58663], [-37.8369, -3.5662], [-37.825, -3.54715], [-37.80575, -3.52468], [-37.76892, -3.44521], [-37.75697, -3.43175], [-37.7528, -3.41638], [-37.73459, -3.37103], [-37.73173, -3.35402], [-37.72225, -3.32918], [-37.70714, -3.3142], [-37.66194, -3.29745], [-37.63309, -3.27337], [-37.62283, -3.26053], [-37.61597, -3.25421], [-37.59647, -3.23754], [-37.57931, -3.2236], [-37.5673, -3.20424], [-37.55552, -3.19026], [-37.54045, -3.17634], [-37.52221, -3.15208], [-37.51612, -3.13755], [-37.51282, -3.13379], [-37.50225, -3.11454], [-37.49282, -3.08993], [-37.45263, -3.03255], [-37.42049, -2.987], [-37.41615, -2.98175], [-37.3925, -2.96258], [-37.37334, -2.94615], [-37.34655, -2.90641], [-37.34358, -2.90367], [-37.32104, -2.87128], [-37.28184, -2.82853], [-37.2659, -2.80659], [-37.19153, -2.71381], [-37.16638, -2.67952], [-37.12815, -2.63136], [-37.04539, -2.55502], [-37.02948, -2.53821], [-37.0214, -2.52566], [-37.00383, -2.4862], [-36.9884, -2.47002], [-36.97635, -2.46074], [-36.95219, -2.43022], [-36.9348, -2.416], [-36.92148, -2.39257], [-36.89791, -2.31292], [-36.8437, -2.22056], [-36.83231, -2.2036], [-36.77264, -2.15354], [-36.75263, -2.13878], [-36.74065, -2.1255], [-36.72428, -2.10186], [-36.70729, -2.08948], [-36.67969, -2.05602], [-36.66792, -2.04668], [-36.64069, -2.01658], [-36.6225, -1.98675], [-36.61102, -1.97287], [-36.54493, -1.88746], [-36.52884, -1.87008], [-36.51231, -1.84662], [-36.47753, -1.80502], [-36.37326, -1.66894], [-36.32736, -1.6145], [-36.31349, -1.59523], [-36.29412, -1.57219], [-36.26608, -1.53997], [-36.25397, -1.52248], [-36.2427, -1.50912], [-36.19429, -1.45482], [-36.1827, -1.44388], [-36.17052, -1.42633], [-36.14143, -1.3963], [-36.12592, -1.37929], [-36.10158, -1.34347], [-36.09202, -1.33101], [-36.07282, -1.31128], [-36.06238, -1.28872], [-36.05648, -1.28431], [-36.04494, -1.26813], [-36.02529, -1.23429], [-36.00515, -1.20908], [-35.99869, -1.19895], [-35.98307, -1.18212], [-35.97746, -1.17343], [-35.96958, -1.16495], [-35.96515, -1.15755], [-35.95837, -1.15039], [-35.9477, -1.13456], [-35.94096, -1.12825], [-35.92876, -1.11082], [-35.92121, -1.10276], [-35.91393, -1.09538], [-35.89495, -1.07609], [-35.87733, -1.05258], [-35.79075, -0.96129], [-35.76548, -0.93743], [-35.74202, -0.90289], [-35.73288, -0.88558], [-35.72575, -0.8755], [-35.62339, -0.77889], [-35.6037, -0.76213], [-35.5706, -0.72946], [-35.56547, -0.72149], [-35.549, -0.69301], [-35.52759, -0.66798], [-35.50669, -0.63546], [-35.49489, -0.61916], [-35.4654, -0.57605], [-35.45321, -0.56168], [-35.43858, -0.536], [-35.42171, -0.5131], [-35.38144, -0.46227], [-35.34839, -0.42368], [-35.34058, -0.41231], [-35.32987, -0.39161], [-35.29627, -0.35385], [-35.29462, -0.35017], [-35.28921, -0.34498], [-35.26158, -0.30831], [-35.25259, -0.29983], [-35.23998, -0.28275], [-35.22296, -0.26331], [-35.19747, -0.21897], [-35.16832, -0.18142], [-35.15281, -0.15105], [-35.1363, -0.12287], [-35.11472, -0.09285], [-35.10407, -0.08019], [-35.09267, -0.06208], [-35.06151, -0.03551], [-35.03388, 0.00624], [-35.02684, 0.01782], [-35.00962, 0.04777], [-34.98336, 0.07944], [-34.96405, 0.11499], [-34.95275, 0.136], [-34.94418, 0.15131], [-34.92701, 0.1839], [-34.89542, 0.21625], [-34.8711, 0.23569], [-34.84254, 0.27149], [-34.80126, 0.31623], [-34.75601, 0.36792], [-34.75071, 0.37655], [-34.73376, 0.39412], [-34.73234, 0.39638], [-34.72457, 0.40751], [-34.7236, 0.41168], [-34.69634, 0.44089], [-34.6841, 0.45004], [-34.67946, 0.45532], [-34.62672, 0.52204], [-34.60992, 0.54137], [-34.58988, 0.57719], [-34.55995, 0.60753], [-34.55129, 0.62597], [-34.54562, 0.63402], [-34.47053, 0.71914], [-34.46502, 0.72653], [-34.45047, 0.75714], [-34.4439, 0.76707], [-34.42137, 0.79038], [-34.39208, 0.82486], [-34.3543, 0.8888], [-34.32571, 0.92303], [-34.31639, 0.93626], [-34.30368, 0.95825], [-34.30185, 0.97822], [-34.29979, 0.98425], [-34.28647, 1.00032], [-34.27561, 1.01525], [-34.267, 1.02715], [-34.26103, 1.03517], [-34.25327, 1.0456], [-34.24412, 1.05824]]}}, {"type": "Feature", "properties": {"ssGmStId": 391, "ssGmStNm": "0500-0502 ANP", "cmpnntGmId": 5.0, "ss2dUqLnId": "0500-0502 ANP", "district": "LANDMARK", "project": "NEOGENO_FOZAMAZONAS", "subprj": "ALL_DATA", "owtype": "Seis2DLine", "Shape_Leng": 0.0, "OBJECTID": 130.0, "Interpret": "Nao iniciada"}, "geometry": {"type": "LineString", "coordinates": [[-34.97172, 1.50356], [-34.98605, 1.48408], [-35.00871, 1.44201], [-35.02121, 1.42533], [-35.03066, 1.41316], [-35.0528, 1.38427], [-35.06602, 1.36456], [-35.07784, 1.3406], [-35.08868, 1.32427], [-35.10472, 1.29226], [-35.12874, 1.26002], [-35.14674, 1.23633], [-35.15379, 1.22854], [-35.16813, 1.21061], [-35.2335, 1.10568], [-35.26882, 1.07253], [-35.33653, 1.02063], [-35.39891, 0.95942], [-35.43172, 0.90144], [-35.44664, 0.88172], [-35.45526, 0.86571], [-35.46626, 0.84925], [-35.48679, 0.81961], [-35.49434, 0.80293], [-35.49831, 0.78893], [-35.5063, 0.76995], [-35.51848, 0.7509], [-35.52723, 0.72783], [-35.61317, 0.61749], [-35.61859, 0.60975], [-35.62431, 0.59797], [-35.64052, 0.58191], [-35.71062, 0.49004], [-35.72292, 0.47572], [-35.72723, 0.46975], [-35.73116, 0.46357], [-35.73481, 0.45821], [-35.73885, 0.45318], [-35.74278, 0.44808], [-35.74635, 0.44373], [-35.75871, 0.42679], [-35.76822, 0.41375], [-35.77582, 0.4033], [-35.782, 0.39483], [-35.78722, 0.38765], [-35.7915, 0.38179], [-35.79482, 0.37722], [-35.7972, 0.37395], [-35.80353, 0.36396], [-35.80499, 0.36232], [-35.80664, 0.36091], [-35.80835, 0.35957], [-35.80967, 0.35861], [-35.81274, 0.35654], [-35.82579, 0.34808], [-35.84793, 0.32259], [-35.9247, 0.21973], [-35.94298, 0.19332], [-35.95188, 0.18379], [-35.97559, 0.14795], [-35.99359, 0.12369], [-36.0121, 0.10384], [-36.0414, 0.06656], [-36.06386, 0.04228], [-36.07635, 0.02439], [-36.08461, 0.01599], [-36.09688, -0.00483], [-36.10689, -0.01662], [-36.12167, -0.03767], [-36.15206, -0.07119], [-36.23346, -0.18511], [-36.24119, -0.20144], [-36.2575, -0.22999], [-36.29491, -0.28134], [-36.36455, -0.35852], [-36.38291, -0.38281], [-36.40095, -0.40345], [-36.45905, -0.50824], [-36.47314, -0.52936], [-36.47535, -0.53554], [-36.4905, -0.55948], [-36.49743, -0.57381], [-36.50644, -0.58797], [-36.51957, -0.61293], [-36.52479, -0.62044], [-36.56309, -0.65734], [-36.57448, -0.67501], [-36.58889, -0.69413], [-36.64861, -0.77999], [-36.65188, -0.78796], [-36.6604, -0.79751], [-36.66931, -0.81112], [-36.69528, -0.84293], [-36.71034, -0.85842], [-36.72681, -0.87841], [-36.75473, -0.91901], [-36.79288, -0.96078], [-36.84307, -1.03194], [-36.85288, -1.04137], [-36.87915, -1.07597], [-36.90284, -1.10424], [-36.90979, -1.11642], [-36.94935, -1.16297], [-36.95868, -1.17471], [-36.97036, -1.18858], [-36.98175, -1.2012], [-37.03249, -1.26535], [-37.18131, -1.44643], [-37.21844, -1.49949], [-37.36227, -1.66211], [-37.37237, -1.67509], [-37.37378, -1.68048], [-37.38046, -1.6904], [-37.40733, -1.72783], [-37.42828, -1.75632], [-37.45228, -1.78355], [-37.54557, -1.91399], [-37.57088, -1.94255], [-37.62404, -2.01607], [-37.65803, -2.05265], [-37.66459, -2.06492], [-37.69515, -2.10579], [-37.7391, -2.16169], [-37.7511, -2.17874], [-37.76236, -2.19153], [-37.79023, -2.22987], [-37.84692, -2.30286], [-37.90123, -2.37505], [-37.9168, -2.39951], [-37.92686, -2.40992], [-37.96594, -2.46008], [-37.98664, -2.49034], [-37.997, -2.50178], [-38.02206, -2.53713], [-38.1108, -2.65144], [-38.18765, -2.75298], [-38.20774, -2.78118], [-38.23809, -2.82045], [-38.26151, -2.83804], [-38.28546, -2.87091], [-38.30311, -2.88901], [-38.384, -2.99597], [-38.41417, -3.03095], [-38.52361, -3.17548], [-38.53953, -3.19976]]}}, {"type": "Feature", "properties": {"ssGmStId": 349, "ssGmStNm": "0270-1020 ANP", "cmpnntGmId": 5.0, "ss2dUqLnId": "0270-1020 ANP", "district": "LANDMARK", "project": "NEOGENO_FOZAMAZONAS", "subprj": "ALL_DATA", "owtype": "Seis2DLine", "Shape_Leng": 0.0, "OBJECTID": 131.0, "Interpret": "Nao iniciada"}, "geometry": {"type": "LineString", "coordinates": [[-47.85033, 2.43072], [-47.25785, 3.08376], [-46.45035, 3.97215]]}}, {"type": "Feature", "properties": {"ssGmStId": 392, "ssGmStNm": "0500-0502a ANP", "cmpnntGmId": 5.0, "ss2dUqLnId": "0500-0502a ANP", "district": "LANDMARK", "project": "NEOGENO_FOZAMAZONAS", "subprj": "ALL_DATA", "owtype": "Seis2DLine", "Shape_Leng": 0.0, "OBJECTID": 132.0, "Interpret": "Nao iniciada"}, "geometry": {"type": "LineString", "coordinates": [[-34.98056, 1.49101], [-34.98755, 1.48172], [-34.98795, 1.48094], [-34.98835, 1.48015], [-34.98874, 1.47936], [-34.98913, 1.47858], [-34.98952, 1.47779], [-34.98992, 1.477], [-34.99011, 1.47661], [-35.00875, 1.44196], [-35.01115, 1.4387], [-35.01316, 1.43598], [-35.01516, 1.43326], [-35.01715, 1.43053], [-35.01822, 1.42911], [-35.01923, 1.42779], [-35.02023, 1.42646], [-35.02123, 1.42513], [-35.02223, 1.42381], [-35.02324, 1.42248], [-35.02423, 1.42116], [-35.02524, 1.41983], [-35.02717, 1.41743], [-35.02877, 1.41546], [-35.03038, 1.4135], [-35.03198, 1.41154], [-35.03358, 1.40958], [-35.03517, 1.40762], [-35.03614, 1.40625], [-35.03711, 1.40489], [-35.03808, 1.40353], [-35.03906, 1.40217], [-35.04003, 1.40081], [-35.041, 1.39945], [-35.04197, 1.39809], [-35.04356, 1.39592], [-35.04515, 1.39376], [-35.04674, 1.39159], [-35.04833, 1.38943], [-35.04992, 1.38726], [-35.05151, 1.38509], [-35.05309, 1.38292], [-35.05468, 1.38076], [-35.05627, 1.37859], [-35.05982, 1.37321], [-35.06228, 1.36951], [-35.06655, 1.36364], [-35.07048, 1.35595], [-35.07669, 1.34299], [-35.07706, 1.34234], [-35.07742, 1.34168], [-35.07779, 1.34103], [-35.07815, 1.34037], [-35.07834, 1.34004], [-35.07852, 1.33972], [-35.08243, 1.33452], [-35.08784, 1.3253], [-35.09134, 1.31894], [-35.09235, 1.31695], [-35.09338, 1.31496], [-35.09615, 1.30975], [-35.09771, 1.3065], [-35.09928, 1.30324], [-35.10006, 1.30161], [-35.10084, 1.29998], [-35.10304, 1.29505], [-35.10604, 1.29045], [-35.10875, 1.28695], [-35.11146, 1.28345], [-35.11282, 1.28165], [-35.11417, 1.27985], [-35.11554, 1.27806], [-35.11689, 1.27625], [-35.11825, 1.27445], [-35.11961, 1.27265], [-35.12337, 1.26752], [-35.12713, 1.26239], [-35.13036, 1.25799], [-35.13359, 1.25359], [-35.13628, 1.24993], [-35.14104, 1.24377], [-35.14309, 1.24114], [-35.14515, 1.23851], [-35.14765, 1.23546], [-35.14839, 1.2346], [-35.14913, 1.23373], [-35.14987, 1.23287], [-35.15207, 1.23021], [-35.15426, 1.22755], [-35.15646, 1.22489], [-35.15866, 1.22224], [-35.16086, 1.21958], [-35.16305, 1.21693], [-35.16525, 1.21427], [-35.17045, 1.20702], [-35.17173, 1.20482], [-35.17258, 1.20335], [-35.17343, 1.20188], [-35.17429, 1.20042], [-35.17514, 1.19895], [-35.17599, 1.19748], [-35.17685, 1.19601], [-35.1841, 1.18418], [-35.18507, 1.18262], [-35.18603, 1.18106], [-35.187, 1.1795], [-35.23296, 1.10644], [-35.23344, 1.10594], [-35.23392, 1.10545], [-35.2344, 1.10495], [-35.23472, 1.10462], [-35.23504, 1.10429], [-35.23536, 1.10396], [-35.23568, 1.10363], [-35.236, 1.1033], [-35.23632, 1.10297], [-35.23665, 1.10264], [-35.23697, 1.10231], [-35.23729, 1.10198], [-35.23761, 1.10165], [-35.23793, 1.10132], [-35.24431, 1.09514], [-35.24909, 1.09051], [-35.25308, 1.08665], [-35.25703, 1.08284], [-35.25782, 1.08208], [-35.26008, 1.07991], [-35.26487, 1.07598], [-35.26872, 1.07284], [-35.27484, 1.06807], [-35.2774, 1.06613], [-35.27996, 1.06417], [-35.28253, 1.06222], [-35.28509, 1.06027], [-35.28765, 1.05832], [-35.29022, 1.05637], [-35.29278, 1.05442], [-35.29479, 1.05286], [-35.29679, 1.05131], [-35.29879, 1.04976], [-35.3008, 1.0482], [-35.3028, 1.04665], [-35.30479, 1.04509], [-35.3068, 1.04354], [-35.3088, 1.04199], [-35.3108, 1.04044], [-35.31281, 1.03888], [-35.31524, 1.03698], [-35.31768, 1.03509], [-35.3195, 1.03366], [-35.32133, 1.03224], [-35.32316, 1.03083], [-35.32498, 1.02941], [-35.32681, 1.02799], [-35.32864, 1.02656], [-35.32986, 1.02562], [-35.33107, 1.02467], [-35.33229, 1.02372], [-35.3335, 1.02277], [-35.33473, 1.02182], [-35.33594, 1.02087], [-35.33809, 1.01915], [-35.34062, 1.01668], [-35.34316, 1.01421], [-35.34569, 1.01174], [-35.34823, 1.00927], [-35.35076, 1.00679], [-35.3533, 1.00432], [-35.35584, 1.00184], [-35.35837, 0.99938], [-35.36068, 0.99707], [-35.363, 0.99476], [-35.36485, 0.99292], [-35.3666, 0.99118], [-35.36788, 0.98991], [-35.36918, 0.98863], [-35.37047, 0.98736], [-35.37175, 0.98608], [-35.37299, 0.98486], [-35.37374, 0.98411], [-35.37448, 0.98336], [-35.37523, 0.98261], [-35.37628, 0.98154], [-35.37899, 0.97875], [-35.38102, 0.97665], [-35.38283, 0.97491], [-35.38376, 0.9742], [-35.38421, 0.97384], [-35.38468, 0.97349], [-35.38514, 0.97314], [-35.38561, 0.97278], [-35.38866, 0.96958], [-35.39898, 0.95937], [-35.4009, 0.95614], [-35.40243, 0.95357], [-35.40397, 0.95098], [-35.41018, 0.93969], [-35.41485, 0.93121], [-35.41899, 0.92369], [-35.4221, 0.91804], [-35.43399, 0.89805], [-35.43575, 0.89579], [-35.43751, 0.89353], [-35.43927, 0.89126], [-35.44103, 0.88899], [-35.44191, 0.88786], [-35.44279, 0.88673], [-35.44367, 0.8856], [-35.44455, 0.88447], [-35.4471, 0.88085], [-35.4495, 0.87586], [-35.4511, 0.87253], [-35.45699, 0.86328], [-35.4594, 0.85972], [-35.46183, 0.85616], [-35.46424, 0.85261], [-35.46666, 0.84904], [-35.46908, 0.84549], [-35.4715, 0.84193], [-35.47392, 0.83837], [-35.47529, 0.83636], [-35.47667, 0.83434], [-35.47758, 0.833], [-35.4785, 0.83166], [-35.47942, 0.83032], [-35.48033, 0.82897], [-35.48125, 0.82763], [-35.48217, 0.82628], [-35.48308, 0.82495], [-35.484, 0.8236], [-35.48549, 0.82148], [-35.48577, 0.82109], [-35.48672, 0.81943], [-35.48894, 0.81502], [-35.4903, 0.81214], [-35.49179, 0.80839], [-35.49438, 0.80288], [-35.49749, 0.79172], [-35.49804, 0.79037], [-35.49858, 0.78901], [-35.49913, 0.78764], [-35.49967, 0.78629], [-35.50186, 0.7807], [-35.50721, 0.7683], [-35.50876, 0.76562], [-35.51031, 0.76294], [-35.51806, 0.75168], [-35.51848, 0.75063], [-35.51892, 0.74959], [-35.51912, 0.74907], [-35.51934, 0.74854], [-35.51955, 0.74802], [-35.51976, 0.7475], [-35.51998, 0.74698], [-35.52019, 0.74645], [-35.5204, 0.74593], [-35.52061, 0.74541], [-35.52083, 0.74489], [-35.52104, 0.74437], [-35.52125, 0.74384], [-35.52842, 0.7262], [-35.52931, 0.72504], [-35.53021, 0.72388], [-35.5311, 0.72273], [-35.532, 0.72157], [-35.53288, 0.72041], [-35.53388, 0.71913], [-35.53492, 0.71778], [-35.53597, 0.71643], [-35.53702, 0.71508], [-35.53806, 0.71374], [-35.54049, 0.7106], [-35.54259, 0.7079], [-35.54467, 0.70522], [-35.54675, 0.70253], [-35.54885, 0.69984], [-35.55093, 0.69715], [-35.55356, 0.69381], [-35.55437, 0.69283], [-35.55453, 0.69269], [-35.55469, 0.69255], [-35.55484, 0.6924], [-35.555, 0.69227], [-35.55515, 0.69212], [-35.55531, 0.69199], [-35.55547, 0.69184], [-35.55562, 0.6917], [-35.55577, 0.69156], [-35.55594, 0.69142], [-35.55601, 0.69135], [-35.55609, 0.69127], [-35.55617, 0.69121], [-35.55624, 0.69114], [-35.55632, 0.69107], [-35.56432, 0.6803], [-35.57116, 0.67109], [-35.57687, 0.6634], [-35.58284, 0.65598], [-35.58539, 0.65291], [-35.58733, 0.65047], [-35.58927, 0.64803], [-35.59121, 0.64559], [-35.59315, 0.64315], [-35.59509, 0.6407], [-35.59703, 0.63826], [-35.59897, 0.63582], [-35.5992, 0.63552], [-35.59941, 0.63522], [-35.59964, 0.63494], [-35.59985, 0.63464], [-35.60008, 0.63434], [-35.60019, 0.63419], [-35.60029, 0.63404], [-35.6004, 0.6339], [-35.60052, 0.63374], [-35.60063, 0.6336], [-35.60387, 0.62884], [-35.60552, 0.62639], [-35.60625, 0.6253], [-35.60661, 0.62474], [-35.60697, 0.62419], [-35.61419, 0.61587], [-35.61915, 0.60893], [-35.62332, 0.59948], [-35.63107, 0.59122], [-35.64335, 0.57816], [-35.6462, 0.57422], [-35.64712, 0.57273], [-35.65149, 0.56733], [-35.65585, 0.5619], [-35.65989, 0.5566], [-35.66106, 0.55505], [-35.66223, 0.55349], [-35.66341, 0.55193], [-35.66458, 0.55037], [-35.66575, 0.54882], [-35.66617, 0.54834], [-35.66657, 0.54786], [-35.66698, 0.54738], [-35.66739, 0.5469], [-35.6678, 0.54642], [-35.66821, 0.54594], [-35.68659, 0.52209], [-35.68781, 0.52038], [-35.69013, 0.51746], [-35.69243, 0.51455], [-35.69359, 0.51309], [-35.69475, 0.51163], [-35.69594, 0.51008], [-35.69711, 0.50853], [-35.6983, 0.50698], [-35.69949, 0.50543], [-35.70066, 0.50388], [-35.70185, 0.50233], [-35.70303, 0.50078], [-35.70422, 0.49922], [-35.7054, 0.49768], [-35.70658, 0.49612], [-35.70777, 0.49458], [-35.70894, 0.49302], [-35.71013, 0.49147], [-35.71132, 0.48992], [-35.71249, 0.48837], [-35.71368, 0.48682], [-35.71395, 0.4865], [-35.71413, 0.48628], [-35.71431, 0.48607], [-35.71449, 0.48586], [-35.71468, 0.48565], [-35.71486, 0.48543], [-35.71504, 0.48522], [-35.71522, 0.48501], [-35.71539, 0.4848], [-35.71571, 0.48442], [-35.71615, 0.48388], [-35.71659, 0.48333], [-35.71703, 0.48278], [-35.71725, 0.48251], [-35.71748, 0.48224], [-35.71769, 0.48197], [-35.71792, 0.4817], [-35.72035, 0.47866], [-35.72775, 0.46896], [-35.72909, 0.46695], [-35.73044, 0.46494], [-35.73179, 0.46293], [-35.73313, 0.46092], [-35.73447, 0.45892], [-35.73582, 0.45691], [-35.73825, 0.45375], [-35.74116, 0.45016], [-35.74407, 0.44658], [-35.7464, 0.44371], [-35.75029, 0.43838], [-35.75368, 0.43371], [-35.75708, 0.42905], [-35.76046, 0.42439], [-35.76337, 0.42039], [-35.76628, 0.4164], [-35.76878, 0.41297], [-35.77044, 0.41069], [-35.77211, 0.40841], [-35.77378, 0.40614], [-35.77544, 0.40386], [-35.78417, 0.39183], [-35.78728, 0.38755], [-35.7888, 0.38546], [-35.79033, 0.38336], [-35.79185, 0.38127], [-35.79338, 0.37917], [-35.7949, 0.37708], [-35.79765, 0.37302], [-35.79985, 0.36978], [-35.80462, 0.36277], [-35.80684, 0.36082], [-35.81567, 0.35447], [-35.82585, 0.34801], [-35.82617, 0.34757], [-35.8265, 0.34712], [-35.82682, 0.34668], [-35.82714, 0.34624], [-35.82746, 0.34578], [-35.82778, 0.34534], [-35.82811, 0.3449], [-35.82843, 0.34445], [-35.82875, 0.34401], [-35.82908, 0.34357], [-35.82941, 0.34312], [-35.82973, 0.34268], [-35.84882, 0.32142], [-35.84901, 0.32118], [-35.84919, 0.32092], [-35.84938, 0.32068], [-35.84957, 0.32043], [-35.84976, 0.32019], [-35.84994, 0.31994], [-35.85012, 0.31969], [-35.85031, 0.31945], [-35.8505, 0.3192], [-35.85068, 0.31895], [-35.85087, 0.31871], [-35.85106, 0.31846], [-35.85125, 0.31822], [-35.85357, 0.31514], [-35.85469, 0.31367], [-35.8558, 0.3122], [-35.85692, 0.31073], [-35.85804, 0.30926], [-35.85915, 0.30778], [-35.86027, 0.30631], [-35.86139, 0.30483], [-35.86187, 0.30417], [-35.86236, 0.30352], [-35.86284, 0.30287], [-35.86333, 0.30221], [-35.86381, 0.30156], [-35.8643, 0.3009], [-35.87529, 0.28595], [-35.88626, 0.27101], [-35.89725, 0.25607], [-35.90823, 0.24112], [-35.9192, 0.22618], [-35.93019, 0.21123], [-35.93121, 0.20984], [-35.93222, 0.20845], [-35.93324, 0.20705], [-35.93426, 0.20567], [-35.93502, 0.20462], [-35.93579, 0.20358], [-35.93654, 0.20253], [-35.93731, 0.20149], [-35.93807, 0.20044], [-35.93883, 0.1994], [-35.9396, 0.19836], [-35.94036, 0.19731], [-35.94112, 0.19627], [-35.94189, 0.19523], [-35.94413, 0.19199], [-35.94665, 0.18963], [-35.95294, 0.18235], [-35.95397, 0.18077], [-35.955, 0.17919], [-35.95603, 0.17761], [-35.95705, 0.17603], [-35.95808, 0.17444], [-35.95911, 0.17287], [-35.96014, 0.17129], [-35.96116, 0.1697], [-35.96219, 0.16812], [-35.96322, 0.16655], [-35.96425, 0.16497], [-35.96492, 0.16407], [-35.96559, 0.16317], [-35.96627, 0.16227], [-35.96672, 0.16166], [-35.96717, 0.16107], [-35.96761, 0.16047], [-35.96806, 0.15987], [-35.96851, 0.15927], [-35.96896, 0.15867], [-35.96941, 0.15807], [-35.96964, 0.15777], [-35.96986, 0.15747], [-35.97008, 0.15717], [-35.97031, 0.15687], [-35.97777, 0.14524], [-35.99594, 0.12113], [-36.00556, 0.1114], [-36.00727, 0.10932], [-36.00898, 0.10724], [-36.0107, 0.10517], [-36.01241, 0.10309], [-36.01412, 0.10101], [-36.01584, 0.09893], [-36.01879, 0.09528], [-36.01898, 0.09501], [-36.01917, 0.09475], [-36.01936, 0.09448], [-36.01955, 0.09422], [-36.01973, 0.09395], [-36.01991, 0.09368], [-36.0201, 0.09342], [-36.02029, 0.09315], [-36.02039, 0.09302], [-36.02048, 0.09289], [-36.0233, 0.08937], [-36.02612, 0.08585], [-36.028, 0.0835], [-36.02839, 0.08298], [-36.02878, 0.08247], [-36.02917, 0.08194], [-36.02955, 0.08143], [-36.03261, 0.07776], [-36.03539, 0.07435], [-36.04155, 0.06663], [-36.04215, 0.06596], [-36.04245, 0.06562], [-36.04275, 0.06528], [-36.04305, 0.06494], [-36.04336, 0.06461], [-36.04366, 0.06426], [-36.04396, 0.06393], [-36.04426, 0.06359], [-36.04456, 0.06325], [-36.05275, 0.05352], [-36.06389, 0.04223], [-36.07116, 0.03154], [-36.07308, 0.02927], [-36.07499, 0.02701], [-36.0769, 0.02474], [-36.07819, 0.02323], [-36.07946, 0.02172], [-36.08074, 0.02021], [-36.08201, 0.0187], [-36.08329, 0.01719], [-36.08518, 0.01526], [-36.08628, 0.01319], [-36.08738, 0.01112], [-36.08848, 0.00905], [-36.08958, 0.00698], [-36.0907, 0.00552], [-36.0916, 0.00434], [-36.09428, 0.00035], [-36.09688, -0.00483], [-36.09964, -0.00782], [-36.10301, -0.01179], [-36.10689, -0.01662], [-36.10736, -0.01735], [-36.11275, -0.02525], [-36.11492, -0.02806], [-36.11909, -0.03361], [-36.12043, -0.03605], [-36.12167, -0.03767], [-36.12632, -0.04239], [-36.13355, -0.05045], [-36.14297, -0.0609], [-36.14817, -0.06662], [-36.14832, -0.06683], [-36.1484, -0.06693], [-36.14951, -0.06843], [-36.15231, -0.07156], [-36.15279, -0.07232], [-36.15328, -0.07307], [-36.1549, -0.07587], [-36.16199, -0.08615], [-36.16461, -0.08925], [-36.16582, -0.09069], [-36.16702, -0.09213], [-36.16719, -0.09229], [-36.16736, -0.09244], [-36.16913, -0.09596], [-36.17023, -0.09745], [-36.17132, -0.09893], [-36.1729, -0.10114], [-36.17411, -0.10254], [-36.17857, -0.10937], [-36.18156, -0.1128], [-36.18384, -0.11569], [-36.18566, -0.1176], [-36.18684, -0.12018], [-36.18786, -0.12167], [-36.20219, -0.14159], [-36.20358, -0.14394], [-36.20676, -0.14838], [-36.23392, -0.18585], [-36.23758, -0.19388], [-36.24164, -0.20228], [-36.25207, -0.22045], [-36.25698, -0.22921], [-36.27779, -0.2583], [-36.28299, -0.26521], [-36.28461, -0.26752], [-36.29152, -0.27642], [-36.29491, -0.28134], [-36.30389, -0.29197], [-36.31227, -0.30094], [-36.31454, -0.30337], [-36.31779, -0.30695], [-36.31843, -0.30755], [-36.31907, -0.30814], [-36.32126, -0.3111], [-36.32345, -0.31389], [-36.3258, -0.31628], [-36.32815, -0.31868], [-36.32988, -0.32034], [-36.33065, -0.32143], [-36.33117, -0.32215], [-36.34062, -0.3324], [-36.34385, -0.33667], [-36.34696, -0.33995], [-36.35216, -0.34558], [-36.35766, -0.3513], [-36.35996, -0.35408], [-36.36455, -0.35852], [-36.36746, -0.36307], [-36.37985, -0.37839], [-36.38309, -0.38302], [-36.38555, -0.38594], [-36.38697, -0.38757], [-36.40095, -0.40345], [-36.40128, -0.40408], [-36.40162, -0.4047], [-36.41367, -0.4264], [-36.41506, -0.42844], [-36.42592, -0.4488], [-36.42702, -0.4511], [-36.42864, -0.45395], [-36.42932, -0.45507], [-36.44359, -0.47995], [-36.44486, -0.48209], [-36.44613, -0.48421], [-36.4463, -0.48463], [-36.44647, -0.48504], [-36.44664, -0.48546], [-36.44698, -0.48603], [-36.44934, -0.49077], [-36.45069, -0.49307], [-36.45144, -0.49415], [-36.4586, -0.50741], [-36.47088, -0.52545], [-36.47207, -0.52796], [-36.47493, -0.53482], [-36.47637, -0.53707], [-36.48793, -0.55522], [-36.48838, -0.5568], [-36.4893, -0.55826], [-36.4905, -0.55948], [-36.49324, -0.5649], [-36.49458, -0.56822], [-36.49514, -0.56895], [-36.50243, -0.58211], [-36.50393, -0.58438], [-36.50525, -0.58639], [-36.50649, -0.58792], [-36.50754, -0.58962], [-36.50859, -0.59131], [-36.51077, -0.59584], [-36.51471, -0.6032], [-36.5192, -0.61219], [-36.5201, -0.61371], [-36.52069, -0.61434], [-36.52583, -0.62134], [-36.52921, -0.6245], [-36.53028, -0.62561], [-36.54266, -0.63749], [-36.54428, -0.63927], [-36.54719, -0.64213], [-36.55127, -0.64585], [-36.56101, -0.65541], [-36.56359, -0.65805], [-36.56407, -0.65889], [-36.57263, -0.67204], [-36.57463, -0.67522], [-36.57674, -0.67822], [-36.57725, -0.679], [-36.57905, -0.68107], [-36.5803, -0.6832], [-36.58428, -0.68918], [-36.5864, -0.6913], [-36.58833, -0.69334], [-36.59059, -0.69654], [-36.60474, -0.71791], [-36.60775, -0.7221], [-36.60994, -0.7248], [-36.61186, -0.72787], [-36.61701, -0.73509], [-36.61784, -0.73652], [-36.63541, -0.76119], [-36.63847, -0.76666], [-36.64121, -0.77054], [-36.64294, -0.77267], [-36.64408, -0.77421], [-36.64523, -0.77573], [-36.64637, -0.77727], [-36.64751, -0.7788], [-36.64915, -0.78075], [-36.65164, -0.78756], [-36.6538, -0.79049], [-36.65421, -0.79094], [-36.66066, -0.79786], [-36.67016, -0.81227], [-36.67383, -0.81674], [-36.67498, -0.81809], [-36.67857, -0.82278], [-36.67972, -0.82411], [-36.68453, -0.82973], [-36.69528, -0.84293], [-36.69891, -0.8464], [-36.71036, -0.85841], [-36.71551, -0.86466], [-36.72022, -0.87049], [-36.7249, -0.87654], [-36.7255, -0.87722], [-36.72681, -0.87841], [-36.72854, -0.88165], [-36.73294, -0.88788], [-36.73556, -0.89154], [-36.74264, -0.90156], [-36.75647, -0.92111], [-36.75756, -0.9224], [-36.77169, -0.93757], [-36.79458, -0.96294], [-36.80687, -0.98082], [-36.80731, -0.98168], [-36.81436, -0.99186], [-36.81742, -0.99618], [-36.81786, -0.99679], [-36.82051, -0.99994], [-36.8271, -1.00885], [-36.82998, -1.01331], [-36.83459, -1.01913], [-36.83595, -1.02152], [-36.83745, -1.02377], [-36.83845, -1.02528], [-36.83945, -1.02678], [-36.83995, -1.02753], [-36.84325, -1.03213], [-36.84378, -1.0327], [-36.84829, -1.03718], [-36.85288, -1.04137], [-36.87103, -1.06506], [-36.87915, -1.07597], [-36.8808, -1.07774], [-36.88246, -1.0795], [-36.883, -1.08], [-36.88355, -1.08049], [-36.88734, -1.08565], [-36.88832, -1.08703], [-36.89236, -1.09223], [-36.89426, -1.09436], [-36.89476, -1.0947], [-36.89527, -1.09505], [-36.89582, -1.09559], [-36.90383, -1.10546], [-36.90579, -1.10841], [-36.90677, -1.10988], [-36.908, -1.11255], [-36.90927, -1.11564], [-36.91078, -1.11736], [-36.91836, -1.12653], [-36.92236, -1.13127], [-36.93407, -1.14528], [-36.94048, -1.15312], [-36.95401, -1.16891], [-36.95759, -1.17332], [-36.95857, -1.17461], [-36.96566, -1.1823], [-36.97135, -1.18988], [-36.98205, -1.20156], [-36.99185, -1.21408], [-36.99557, -1.21875], [-36.99701, -1.22063], [-36.9976, -1.22133], [-36.9982, -1.22203], [-36.99878, -1.22272], [-36.99937, -1.22342], [-36.99997, -1.22411], [-37.00321, -1.22769], [-37.00349, -1.22804], [-37.01375, -1.24131], [-37.01675, -1.24507], [-37.01706, -1.24543], [-37.02531, -1.25561], [-37.03028, -1.26179], [-37.04186, -1.27623], [-37.04223, -1.27674], [-37.0443, -1.27921], [-37.04636, -1.28168], [-37.05491, -1.29221], [-37.06603, -1.30555], [-37.06733, -1.30697], [-37.07723, -1.31942], [-37.079, -1.3217], [-37.08015, -1.32305], [-37.08426, -1.32799], [-37.08509, -1.32912], [-37.08765, -1.3327], [-37.08951, -1.3351], [-37.091, -1.3369], [-37.10636, -1.35576], [-37.10775, -1.35747], [-37.10912, -1.35916], [-37.11381, -1.36516], [-37.11832, -1.3708], [-37.12046, -1.3733], [-37.12259, -1.37578], [-37.1232, -1.37648], [-37.12381, -1.37717], [-37.12441, -1.37786], [-37.1351, -1.39084], [-37.13858, -1.3951], [-37.13917, -1.39593], [-37.14117, -1.3984], [-37.14344, -1.40133], [-37.14532, -1.40391], [-37.1478, -1.40664], [-37.1483, -1.40737], [-37.15598, -1.41645], [-37.16012, -1.42179], [-37.16203, -1.42416], [-37.16521, -1.42804], [-37.16644, -1.42955], [-37.16787, -1.43107], [-37.17456, -1.43843], [-37.18107, -1.44608], [-37.18246, -1.44803], [-37.18395, -1.45008], [-37.19549, -1.46643], [-37.19663, -1.46797], [-37.19777, -1.46953], [-37.1989, -1.47107], [-37.19912, -1.47142], [-37.19935, -1.47175], [-37.19957, -1.47209], [-37.20201, -1.47489], [-37.20595, -1.48057], [-37.21058, -1.4876], [-37.21871, -1.4998], [-37.22851, -1.51101], [-37.23018, -1.51299], [-37.23335, -1.51672], [-37.23369, -1.51705], [-37.23575, -1.51933], [-37.23936, -1.5232], [-37.24365, -1.5281], [-37.24607, -1.53073], [-37.24728, -1.53205], [-37.25207, -1.53756], [-37.25573, -1.54168], [-37.26233, -1.54919], [-37.26476, -1.55179], [-37.26882, -1.55678], [-37.26945, -1.55746], [-37.27008, -1.55814], [-37.27198, -1.56031], [-37.27389, -1.56247], [-37.27439, -1.563], [-37.27574, -1.56428], [-37.27709, -1.56556], [-37.27825, -1.56648], [-37.27925, -1.56753], [-37.28419, -1.57414], [-37.28602, -1.57622], [-37.28811, -1.57891], [-37.29697, -1.58875], [-37.30087, -1.59269], [-37.30325, -1.59552], [-37.305, -1.59763], [-37.31805, -1.61227], [-37.32145, -1.61622], [-37.32515, -1.6204], [-37.32634, -1.62172], [-37.3415, -1.63899], [-37.34352, -1.64154], [-37.34434, -1.64234], [-37.34518, -1.64316], [-37.34573, -1.64369], [-37.34628, -1.64423], [-37.3629, -1.66284], [-37.36797, -1.66953], [-37.3693, -1.67121], [-37.37237, -1.67509], [-37.37262, -1.67711], [-37.37339, -1.67971], [-37.37924, -1.68807], [-37.38078, -1.69089], [-37.38171, -1.69218], [-37.38813, -1.70078], [-37.38945, -1.70263], [-37.39264, -1.70702], [-37.40006, -1.71758], [-37.40271, -1.72088], [-37.40617, -1.72619], [-37.40631, -1.72638], [-37.40952, -1.73049], [-37.4103, -1.73147], [-37.4254, -1.75233], [-37.42562, -1.75271], [-37.42781, -1.75572], [-37.43394, -1.76293], [-37.44399, -1.7744], [-37.4491, -1.77975], [-37.4528, -1.78425], [-37.45645, -1.78919], [-37.46741, -1.80466], [-37.47152, -1.81057], [-37.47912, -1.82112], [-37.47927, -1.82138], [-37.48086, -1.82361], [-37.49009, -1.83642], [-37.49188, -1.83869], [-37.49367, -1.84095], [-37.49413, -1.84159], [-37.49459, -1.84223], [-37.49504, -1.84287], [-37.49816, -1.84737], [-37.49983, -1.84981], [-37.50124, -1.85188], [-37.50334, -1.85455], [-37.50741, -1.86053], [-37.50932, -1.86346], [-37.51174, -1.86666], [-37.51416, -1.86985], [-37.51429, -1.87004], [-37.5144, -1.87022], [-37.51574, -1.87203], [-37.51708, -1.87385], [-37.51842, -1.87566], [-37.51976, -1.87746], [-37.52019, -1.878], [-37.52061, -1.87853], [-37.52104, -1.87906], [-37.52161, -1.8798], [-37.52581, -1.88595], [-37.5269, -1.88757], [-37.53301, -1.89628], [-37.53462, -1.8988], [-37.53581, -1.90052], [-37.53952, -1.90549], [-37.53998, -1.9061], [-37.54091, -1.90732], [-37.54578, -1.91425], [-37.54626, -1.91485], [-37.54673, -1.91545], [-37.54721, -1.91604], [-37.55078, -1.92025], [-37.55266, -1.92247], [-37.55313, -1.92294], [-37.5536, -1.92341], [-37.55582, -1.92602], [-37.56529, -1.93604], [-37.56795, -1.93916], [-37.57104, -1.9428], [-37.57136, -1.94328], [-37.57372, -1.9465], [-37.57529, -1.94865], [-37.57686, -1.95079], [-37.57822, -1.95285], [-37.5786, -1.9535], [-37.58136, -1.95742], [-37.58542, -1.96311], [-37.58854, -1.96739], [-37.59177, -1.9718], [-37.59481, -1.97623], [-37.60203, -1.98643], [-37.61094, -1.9987], [-37.61691, -2.00662], [-37.62245, -2.01387], [-37.6234, -2.01528], [-37.62522, -2.01747], [-37.62703, -2.01965], [-37.62829, -2.02112], [-37.62955, -2.02259], [-37.62991, -2.02288], [-37.63026, -2.02319], [-37.63062, -2.02349], [-37.63553, -2.0286], [-37.63789, -2.03108], [-37.63829, -2.03159], [-37.63868, -2.03208], [-37.64448, -2.03825], [-37.65312, -2.04726], [-37.6553, -2.04942], [-37.65803, -2.05265], [-37.65938, -2.05506], [-37.66459, -2.06492], [-37.67249, -2.07471], [-37.67367, -2.07631], [-37.67501, -2.07806], [-37.67573, -2.07921], [-37.6811, -2.0864], [-37.69464, -2.10508], [-37.70602, -2.11899], [-37.71164, -2.12693], [-37.71536, -2.13168], [-37.72149, -2.14035], [-37.72881, -2.1491], [-37.7461, -2.17086], [-37.75072, -2.17797], [-37.7522, -2.17977], [-37.75543, -2.184], [-37.76004, -2.18883], [-37.76443, -2.19441], [-37.76769, -2.1986], [-37.78431, -2.22145], [-37.78977, -2.22915], [-37.79209, -2.23216], [-37.79335, -2.23376], [-37.79415, -2.23494], [-37.79685, -2.23748], [-37.80278, -2.2464], [-37.80579, -2.24995], [-37.807, -2.25127], [-37.82491, -2.27453], [-37.83057, -2.2819], [-37.84046, -2.29495], [-37.84718, -2.30322], [-37.85933, -2.31997], [-37.86265, -2.32455], [-37.87244, -2.33726], [-37.87815, -2.3445], [-37.88757, -2.35732], [-37.89046, -2.36116], [-37.89077, -2.36166], [-37.90123, -2.37505], [-37.90323, -2.37811], [-37.90582, -2.38222], [-37.9084, -2.38632], [-37.91034, -2.3894], [-37.91228, -2.39248], [-37.91358, -2.39453], [-37.91487, -2.39658], [-37.9168, -2.39951], [-37.91894, -2.40166], [-37.92686, -2.40992], [-37.9343, -2.41976], [-37.93693, -2.42321], [-37.9515, -2.44248], [-37.95949, -2.45289], [-37.96104, -2.45454], [-37.96222, -2.45611], [-37.96486, -2.4587], [-37.98155, -2.48192], [-37.98664, -2.49034], [-37.98848, -2.49221], [-37.99561, -2.50017], [-37.997, -2.50178], [-38.00645, -2.51498], [-38.00796, -2.51768], [-38.01452, -2.52671], [-38.01462, -2.52685], [-38.02132, -2.53615], [-38.02147, -2.53633], [-38.02332, -2.53836], [-38.02508, -2.5405], [-38.05164, -2.57468], [-38.05289, -2.57603], [-38.05697, -2.58157], [-38.06092, -2.58712], [-38.06669, -2.59449], [-38.07218, -2.60147], [-38.07727, -2.6082], [-38.0828, -2.61511], [-38.08425, -2.61693], [-38.09731, -2.63415], [-38.09932, -2.63704], [-38.10356, -2.64239], [-38.1058, -2.6452], [-38.11021, -2.65071], [-38.11286, -2.65447], [-38.12216, -2.66765], [-38.12942, -2.67724], [-38.12973, -2.67771], [-38.14184, -2.69376], [-38.14287, -2.69516], [-38.14663, -2.70017], [-38.14789, -2.70186], [-38.14915, -2.70354], [-38.14939, -2.70391], [-38.14964, -2.70427], [-38.14988, -2.70464], [-38.15042, -2.70528], [-38.15324, -2.70892], [-38.1552, -2.71201], [-38.15631, -2.71342], [-38.15743, -2.71484], [-38.15855, -2.71625], [-38.15958, -2.71756], [-38.16331, -2.72149], [-38.16449, -2.72291], [-38.16744, -2.72672], [-38.1698, -2.72983], [-38.17215, -2.73296], [-38.17787, -2.74031], [-38.17874, -2.74129], [-38.18721, -2.75244], [-38.18976, -2.75594], [-38.19245, -2.75964], [-38.19527, -2.76353], [-38.20309, -2.7744], [-38.20774, -2.78118], [-38.22366, -2.80129], [-38.22486, -2.8026], [-38.22566, -2.80374], [-38.22844, -2.80779], [-38.23259, -2.81275], [-38.2342, -2.81508], [-38.23583, -2.81742], [-38.23809, -2.82045], [-38.2472, -2.82748], [-38.24944, -2.829], [-38.25299, -2.83139], [-38.26123, -2.83775], [-38.26437, -2.84229], [-38.2706, -2.85055], [-38.27298, -2.85373], [-38.27686, -2.85881], [-38.2848, -2.86998], [-38.28606, -2.8716], [-38.28935, -2.8754], [-38.30198, -2.88755], [-38.31149, -2.90005], [-38.31282, -2.9018], [-38.31415, -2.90356], [-38.31501, -2.90471], [-38.31586, -2.90587], [-38.31671, -2.90702], [-38.31764, -2.90829], [-38.32281, -2.91473], [-38.32432, -2.91681], [-38.33952, -2.93712], [-38.34349, -2.94227], [-38.34628, -2.94584], [-38.34652, -2.94612], [-38.34893, -2.9493], [-38.34913, -2.94969], [-38.35258, -2.95432], [-38.35464, -2.95706], [-38.3552, -2.95782], [-38.36503, -2.97041], [-38.36708, -2.97334], [-38.37444, -2.98293], [-38.38085, -2.9916], [-38.38432, -2.99635], [-38.38712, -2.99962], [-38.39232, -3.00521], [-38.39258, -3.00556], [-38.3969, -3.0102], [-38.40153, -3.01537], [-38.40643, -3.02117], [-38.41, -3.02565], [-38.41251, -3.02881], [-38.41383, -3.03046], [-38.41417, -3.03095], [-38.41596, -3.03354], [-38.41697, -3.03491], [-38.4186, -3.0371], [-38.4199, -3.03885], [-38.4212, -3.04058], [-38.4225, -3.04232], [-38.42456, -3.04501], [-38.4249, -3.04552], [-38.42524, -3.04603], [-38.42881, -3.05061], [-38.4305, -3.05277], [-38.43135, -3.05396], [-38.43219, -3.05515], [-38.43367, -3.05721], [-38.43605, -3.06021], [-38.4388, -3.06374], [-38.4623, -3.09474], [-38.46558, -3.099], [-38.46919, -3.10408], [-38.4712, -3.10654], [-38.47173, -3.10728], [-38.47645, -3.11384], [-38.47743, -3.11538], [-38.48017, -3.1189], [-38.48108, -3.12], [-38.4813, -3.12023], [-38.4842, -3.12388], [-38.48623, -3.1265], [-38.48642, -3.12671], [-38.48848, -3.12932], [-38.50024, -3.14451], [-38.50308, -3.14835], [-38.508, -3.15473], [-38.50974, -3.15698], [-38.51245, -3.16061], [-38.51397, -3.16266], [-38.51548, -3.1647], [-38.517, -3.16675], [-38.51852, -3.16879], [-38.52055, -3.17156], [-38.52078, -3.1719], [-38.52308, -3.17474], [-38.53952, -3.19976]]}}, {"type": "Feature", "properties": {"ssGmStId": 393, "ssGmStNm": "0500-0503 ANP", "cmpnntGmId": 5.0, "ss2dUqLnId": "0500-0503 ANP", "district": "LANDMARK", "project": "NEOGENO_FOZAMAZONAS", "subprj": "ALL_DATA", "owtype": "Seis2DLine", "Shape_Leng": 0.0, "OBJECTID": 133.0, "Interpret": "Nao iniciada"}, "geometry": {"type": "LineString", "coordinates": [[-39.2563, -2.75913], [-39.22376, -2.72874], [-39.20935, -2.71341], [-39.18088, -2.67334], [-39.17103, -2.65212], [-39.14919, -2.62027], [-39.12646, -2.59114], [-39.1005, -2.55074], [-39.06451, -2.5043], [-39.0552, -2.49735], [-39.03983, -2.47068], [-39.02815, -2.46258], [-38.72727, -2.06789], [-38.68301, -2.03568], [-38.66303, -2.01319], [-38.58923, -1.87603], [-38.50128, -1.79093], [-38.42108, -1.66716], [-38.33214, -1.55066], [-38.15973, -1.32024], [-38.11306, -1.27121], [-38.06204, -1.19172], [-38.03739, -1.16655], [-37.93715, -1.03252], [-37.92923, -1.02365], [-37.89884, -0.99949], [-37.89276, -0.993], [-37.88565, -0.98118], [-37.87458, -0.96829], [-37.80215, -0.85611], [-37.78982, -0.84198], [-37.76951, -0.81614], [-37.75836, -0.79775], [-37.67199, -0.6806], [-37.62358, -0.61815], [-37.60259, -0.59539], [-37.57782, -0.5628], [-37.55743, -0.53549], [-37.48676, -0.4432], [-37.40458, -0.34536], [-37.3827, -0.31653], [-37.36365, -0.2813], [-37.31436, -0.21667], [-37.31188, -0.2118], [-37.30043, -0.19922], [-37.25792, -0.14301], [-37.20581, -0.07923], [-37.17445, -0.02464], [-37.12954, 0.04384], [-37.05659, 0.1312], [-37.03225, 0.15664], [-37.01388, 0.17989], [-36.98632, 0.21973], [-36.96714, 0.23859], [-36.90389, 0.32434], [-36.89461, 0.33434], [-36.81902, 0.43787], [-36.80565, 0.45392], [-36.79129, 0.46558], [-36.78479, 0.4733], [-36.77328, 0.49115], [-36.76584, 0.50715], [-36.72838, 0.56436], [-36.70176, 0.604], [-36.69433, 0.61092], [-36.66038, 0.63999], [-36.64582, 0.65434], [-36.58683, 0.72481], [-36.5344, 0.79014], [-36.48212, 0.85175], [-36.47187, 0.86661], [-36.44359, 0.90169], [-36.41639, 0.94693], [-36.39242, 0.9934], [-36.32978, 1.08041], [-36.30887, 1.1073], [-36.27449, 1.14327], [-36.20012, 1.24279], [-36.17848, 1.27054], [-36.16559, 1.28375], [-36.15224, 1.30319], [-36.13496, 1.32469], [-36.0973, 1.37566], [-36.06776, 1.41755], [-36.04323, 1.44836], [-36.01865, 1.48345], [-35.9904, 1.51744], [-35.97763, 1.53555], [-35.97022, 1.5431], [-35.93417, 1.59258], [-35.84287, 1.71129], [-35.78668, 1.78961], [-35.77602, 1.80277], [-35.74608, 1.83448], [-35.7297, 1.85491], [-35.71505, 1.87542]]}}, {"type": "Feature", "properties": {"ssGmStId": 394, "ssGmStNm": "0500-0504 ANP", "cmpnntGmId": 5.0, "ss2dUqLnId": "0500-0504 ANP", "district": "LANDMARK", "project": "NEOGENO_FOZAMAZONAS", "subprj": "ALL_DATA", "owtype": "Seis2DLine", "Shape_Leng": 0.0, "OBJECTID": 134.0, "Interpret": "Nao iniciada"}, "geometry": {"type": "LineString", "coordinates": [[-36.51524, 2.16119], [-36.54514, 2.11406], [-36.55553, 2.10222], [-36.56555, 2.09021], [-36.57398, 2.07994], [-36.58181, 2.07071], [-36.58812, 2.06328], [-36.59348, 2.05663], [-36.59837, 2.05123], [-36.60316, 2.04569], [-36.60717, 2.04111], [-36.61038, 2.03744], [-36.61365, 2.03381], [-36.61732, 2.02962], [-36.63095, 2.01277], [-36.64593, 1.98572], [-36.68974, 1.93147], [-36.70674, 1.91056], [-36.73761, 1.87229], [-36.76278, 1.83223], [-36.78132, 1.81132], [-36.86981, 1.70282], [-36.87717, 1.69045], [-36.88574, 1.68242], [-36.90806, 1.66161], [-37.00312, 1.53872], [-37.0298, 1.50892], [-37.13379, 1.38292], [-37.18067, 1.322], [-37.24892, 1.23687], [-37.28216, 1.19652], [-37.3047, 1.16883], [-37.326, 1.14263], [-37.34044, 1.12506], [-37.35133, 1.11174], [-37.36718, 1.09204], [-37.37955, 1.07661], [-37.38964, 1.06407], [-37.39958, 1.05155], [-37.41032, 1.03856], [-37.4907, 0.93977], [-37.5854, 0.81957], [-37.84138, 0.49563], [-38.02653, 0.26352], [-38.04193, 0.24503], [-38.06703, 0.22763], [-38.14762, 0.12934], [-38.16103, 0.1101], [-38.16724, 0.09785], [-38.22532, 0.01428], [-38.24307, -0.00873], [-38.30582, -0.07011], [-38.32105, -0.08869], [-38.33406, -0.10748], [-38.40106, -0.18044], [-38.43924, -0.23041], [-38.4569, -0.24866], [-38.49307, -0.28317], [-38.52514, -0.32634], [-38.53685, -0.34011], [-38.56695, -0.3781], [-38.72537, -0.58597], [-38.88882, -0.79634], [-38.9082, -0.81979], [-38.93283, -0.84579], [-39.02225, -0.95629], [-39.08422, -1.02996], [-39.12326, -1.07812], [-39.13565, -1.09874], [-39.21482, -1.19564]]}}, {"type": "Feature", "properties": {"ssGmStId": 395, "ssGmStNm": "0500-0504A ANP", "cmpnntGmId": 5.0, "ss2dUqLnId": "0500-0504A ANP", "district": "LANDMARK", "project": "NEOGENO_FOZAMAZONAS", "subprj": "ALL_DATA", "owtype": "Seis2DLine", "Shape_Leng": 0.0, "OBJECTID": 135.0, "Interpret": "Nao iniciada"}, "geometry": {"type": "LineString", "coordinates": [[-40.00923, -2.1724], [-39.98175, -2.14298], [-39.94887, -2.10355], [-39.92002, -2.04474], [-39.91049, -2.02137], [-39.89906, -1.9983], [-39.8954, -1.99339], [-39.88451, -1.98149], [-39.85981, -1.95819], [-39.82702, -1.92465], [-39.78448, -1.8823], [-39.75574, -1.85636], [-39.71846, -1.81892], [-39.64139, -1.72402], [-39.54538, -1.61952], [-39.47708, -1.51487], [-39.45081, -1.4836], [-39.43569, -1.4703], [-39.33009, -1.35162], [-39.28067, -1.28073], [-39.22458, -1.21711], [-39.20588, -1.18921], [-39.19353, -1.17495]]}}, {"type": "Feature", "properties": {"ssGmStId": 396, "ssGmStNm": "0500-0505 ANP", "cmpnntGmId": 5.0, "ss2dUqLnId": "0500-0505 ANP", "district": "LANDMARK", "project": "NEOGENO_FOZAMAZONAS", "subprj": "ALL_DATA", "owtype": "Seis2DLine", "Shape_Leng": 0.0, "OBJECTID": 136.0, "Interpret": "Nao iniciada"}, "geometry": {"type": "LineString", "coordinates": [[-41.07498, -2.18661], [-41.06833, -2.14838], [-41.00995, -2.07501], [-41.00132, -2.05678], [-40.9946, -2.04208], [-40.98952, -2.0311], [-40.98518, -2.02259], [-40.98217, -2.01601], [-40.97539, -2.00001], [-40.93764, -1.94382], [-40.92601, -1.92256], [-40.91918, -1.90798], [-40.91505, -1.89852], [-40.90432, -1.87638], [-40.82997, -1.77397], [-40.81461, -1.75793], [-40.7932, -1.73998], [-40.7859, -1.73281], [-40.77788, -1.72513], [-40.76984, -1.71736], [-40.76632, -1.71459], [-40.76237, -1.71126], [-40.75888, -1.70841], [-40.74442, -1.69447], [-40.7137, -1.66569], [-40.69706, -1.64978], [-40.67104, -1.6266], [-40.6317, -1.59233], [-40.59118, -1.56338], [-40.5764, -1.55105], [-40.49169, -1.4461], [-40.4745, -1.42288], [-40.46318, -1.41011], [-40.44716, -1.38955], [-40.37773, -1.30485], [-40.35558, -1.27282], [-40.33879, -1.25448], [-40.32838, -1.23757], [-40.30403, -1.20401], [-40.28619, -1.18665], [-40.25116, -1.13638], [-40.22722, -1.11234], [-40.1381, -1.00128], [-40.11646, -0.98557], [-40.0972, -0.9635], [-40.06478, -0.90987], [-39.99375, -0.82275], [-39.97854, -0.79623], [-39.9345, -0.73304], [-39.91758, -0.7113], [-39.88383, -0.68025], [-39.83546, -0.61918], [-39.78732, -0.56189], [-39.75805, -0.5203], [-39.63359, -0.35113], [-39.61029, -0.32967], [-39.56722, -0.29959], [-39.55344, -0.28815], [-39.53124, -0.24444], [-39.52086, -0.22734], [-39.47104, -0.17359], [-39.43701, -0.11849], [-39.42821, -0.10975], [-39.40078, -0.07633], [-39.3831, -0.0489], [-39.33666, 0.00786]]}}, {"type": "Feature", "properties": {"ssGmStId": 397, "ssGmStNm": "0500-0505B ANP", "cmpnntGmId": 5.0, "ss2dUqLnId": "0500-0505B ANP", "district": "LANDMARK", "project": "NEOGENO_FOZAMAZONAS", "subprj": "ALL_DATA", "owtype": "Seis2DLine", "Shape_Leng": 0.0, "OBJECTID": 137.0, "Interpret": "Nao iniciada"}, "geometry": {"type": "LineString", "coordinates": [[-39.34469, -0.00255], [-39.33596, 0.00771], [-39.27759, 0.0784], [-39.18026, 0.20154], [-39.17425, 0.20927], [-39.13434, 0.26632], [-39.12022, 0.28128], [-39.0874, 0.32544], [-39.06739, 0.34695], [-39.0361, 0.38652], [-38.92607, 0.53233], [-38.89506, 0.56115], [-38.84666, 0.61885], [-38.81383, 0.66477], [-38.74584, 0.75056], [-38.5744, 0.95596], [-38.54733, 0.99101], [-38.52627, 1.02201], [-38.51566, 1.03572], [-38.48714, 1.06982], [-38.48247, 1.07539], [-38.45434, 1.10774], [-38.43651, 1.14119], [-38.4224, 1.16071], [-38.40697, 1.17461], [-38.37876, 1.21201], [-38.36065, 1.23461], [-38.35662, 1.23979], [-38.28281, 1.3316], [-38.22997, 1.40206], [-38.19074, 1.44754], [-38.11486, 1.54456], [-38.09375, 1.566], [-38.01856, 1.66331], [-37.99046, 1.69642], [-37.89841, 1.81481], [-37.84035, 1.88274], [-37.82269, 1.90926], [-37.81135, 1.92327], [-37.79864, 1.93856], [-37.73082, 2.02057]]}}, {"type": "Feature", "properties": {"ssGmStId": 398, "ssGmStNm": "0500-0506 ANP", "cmpnntGmId": 5.0, "ss2dUqLnId": "0500-0506 ANP", "district": "LANDMARK", "project": "NEOGENO_FOZAMAZONAS", "subprj": "ALL_DATA", "owtype": "Seis2DLine", "Shape_Leng": 0.0, "OBJECTID": 138.0, "Interpret": "Nao iniciada"}, "geometry": {"type": "LineString", "coordinates": [[-38.75817, 2.15986], [-38.81486, 2.09], [-38.85117, 2.03687], [-38.88455, 1.99302], [-38.90525, 1.97032], [-38.93241, 1.93334], [-38.97489, 1.8872], [-39.06553, 1.77341], [-39.08754, 1.75135], [-39.12381, 1.7107], [-39.13047, 1.70301], [-39.15773, 1.66785], [-39.18744, 1.63673], [-39.19929, 1.61821], [-39.21105, 1.59595], [-39.30631, 1.47877], [-39.32343, 1.45674], [-39.45317, 1.28072], [-39.46172, 1.27148], [-39.49044, 1.24347], [-39.53808, 1.18991], [-39.6262, 1.08299], [-39.66502, 1.03556], [-39.7499, 0.94214], [-39.7944, 0.88395], [-39.85247, 0.82296]]}}, {"type": "Feature", "properties": {"ssGmStId": 399, "ssGmStNm": "0500-0506A ANP", "cmpnntGmId": 5.0, "ss2dUqLnId": "0500-0506A ANP", "district": "LANDMARK", "project": "NEOGENO_FOZAMAZONAS", "subprj": "ALL_DATA", "owtype": "Seis2DLine", "Shape_Leng": 0.0, "OBJECTID": 139.0, "Interpret": "Nao iniciada"}, "geometry": {"type": "LineString", "coordinates": [[-39.85592, 0.82168], [-39.88734, 0.78787], [-39.91798, 0.73625], [-39.94427, 0.71089], [-39.994, 0.65314], [-40.02571, 0.60891], [-40.11439, 0.50263], [-40.13925, 0.46663], [-40.17695, 0.42161], [-40.18856, 0.4024], [-40.24083, 0.33446], [-40.32665, 0.21405], [-40.36361, 0.17576], [-40.39677, 0.14586], [-40.40554, 0.13315], [-40.50295, 0.01212], [-40.56165, -0.0488], [-40.577, -0.07993], [-40.58812, -0.09878], [-40.61238, -0.12376], [-40.67459, -0.19934], [-40.7427, -0.27434], [-40.78174, -0.32705], [-40.85732, -0.4067], [-40.87429, -0.4335], [-40.91693, -0.49544], [-40.94325, -0.53975], [-40.95558, -0.5579], [-40.96955, -0.57501], [-41.04604, -0.67903], [-41.09773, -0.7236], [-41.17304, -0.80479], [-41.21633, -0.86558], [-41.24585, -0.89913], [-41.25674, -0.9166], [-41.31011, -0.99003], [-41.32062, -1.00673], [-41.32834, -1.01657], [-41.33358, -1.02273], [-41.3645, -1.06443], [-41.38341, -1.08775], [-41.3974, -1.10644], [-41.41334, -1.12387], [-41.4672, -1.19046], [-41.50171, -1.23583], [-41.54024, -1.2816], [-41.55339, -1.29974], [-41.58936, -1.3436], [-41.60427, -1.36434], [-41.62614, -1.38904], [-41.64599, -1.41502], [-41.65581, -1.42489], [-41.6919, -1.47036], [-41.70089, -1.48306], [-41.71208, -1.49288], [-41.72631, -1.51707], [-41.7423, -1.53105], [-41.74746, -1.5376], [-41.79669, -1.58536], [-41.82571, -1.62797], [-41.84294, -1.64352], [-41.91628, -1.71602], [-41.94893, -1.75942], [-41.97189, -1.79611], [-42.01175, -1.85207], [-42.04793, -1.8917], [-42.10001, -1.98605], [-42.12384, -2.01666], [-42.15268, -2.0539], [-42.15848, -2.0632], [-42.17006, -2.07519]]}}, {"type": "Feature", "properties": {"ssGmStId": 400, "ssGmStNm": "0500-0507 ANP", "cmpnntGmId": 5.0, "ss2dUqLnId": "0500-0507 ANP", "district": "LANDMARK", "project": "NEOGENO_FOZAMAZONAS", "subprj": "ALL_DATA", "owtype": "Seis2DLine", "Shape_Leng": 0.0, "OBJECTID": 140.0, "Interpret": "Nao iniciada"}, "geometry": {"type": "LineString", "coordinates": [[-42.97454, -1.6953], [-42.96694, -1.68781], [-42.95351, -1.67785], [-42.91606, -1.65258], [-42.90871, -1.64454], [-42.88308, -1.61307], [-42.84891, -1.55781], [-42.82526, -1.52215], [-42.79865, -1.48085], [-42.70098, -1.35852], [-42.68424, -1.34248], [-42.62935, -1.27802], [-42.62257, -1.26849], [-42.60741, -1.25275], [-42.59598, -1.23954], [-42.57233, -1.20637], [-42.55509, -1.18462], [-42.52208, -1.13378], [-42.4973, -1.105], [-42.47442, -1.08424], [-42.42614, -1.03289], [-42.41253, -1.01467], [-42.39145, -0.99029], [-42.38896, -0.98396], [-42.37971, -0.97635], [-42.31598, -0.89799], [-42.29954, -0.87429], [-42.28043, -0.85338], [-42.13589, -0.67161], [-42.11393, -0.64982], [-42.05611, -0.57348], [-42.04237, -0.56205], [-42.02822, -0.55291], [-42.02429, -0.54802], [-42.00133, -0.52071], [-41.93785, -0.45897], [-41.92782, -0.44587], [-41.85999, -0.36194], [-41.84147, -0.3278], [-41.81653, -0.28875], [-41.80422, -0.27376], [-41.79408, -0.26085], [-41.78384, -0.248], [-41.77677, -0.24056], [-41.76769, -0.22933], [-41.52423, 0.0704], [-41.4934, 0.13099], [-41.47603, 0.14701], [-41.469, 0.15425], [-41.46503, 0.15834], [-41.45908, 0.16287], [-41.42489, 0.18304], [-41.39599, 0.19798], [-41.36223, 0.2248], [-41.34844, 0.24568], [-41.31721, 0.31363], [-41.29957, 0.34231], [-41.07627, 0.6141], [-41.05499, 0.64198], [-40.96363, 0.75174], [-40.94053, 0.78693], [-40.93, 0.80155], [-40.92254, 0.81222], [-40.91616, 0.82159], [-40.91029, 0.83015], [-40.90468, 0.83778], [-40.90097, 0.84373], [-40.89766, 0.84888], [-40.89408, 0.85372], [-40.89112, 0.85794], [-40.88876, 0.8616], [-40.87722, 0.87703], [-40.84159, 0.93199], [-40.82008, 0.96663], [-40.79466, 1.0177], [-40.7782, 1.03814], [-40.75437, 1.06158], [-40.72313, 1.10501], [-40.62562, 1.18139], [-40.57996, 1.22158], [-40.51664, 1.29927], [-40.50956, 1.30589], [-40.41412, 1.41423], [-40.37701, 1.46419], [-40.21919, 1.64169], [-40.21972, 1.65427], [-40.20837, 1.67347], [-40.18889, 1.69987], [-40.17232, 1.71785], [-40.14709, 1.75011], [-40.13912, 1.76593], [-40.12947, 1.78952], [-40.10028, 1.81629], [-40.08875, 1.82616], [-40.07433, 1.83985], [-40.06075, 1.85876], [-40.03046, 1.88997], [-39.88843, 2.06373], [-39.87868, 2.07452], [-39.8747, 2.07812], [-39.87267, 2.08192], [-39.86559, 2.10225], [-39.79365, 2.15197], [-39.71446, 2.21521], [-39.65424, 2.26541], [-39.63826, 2.28775], [-39.60937, 2.33255]]}}, {"type": "Feature", "properties": {"ssGmStId": 401, "ssGmStNm": "0500-0508 ANP", "cmpnntGmId": 5.0, "ss2dUqLnId": "0500-0508 ANP", "district": "LANDMARK", "project": "NEOGENO_FOZAMAZONAS", "subprj": "ALL_DATA", "owtype": "Seis2DLine", "Shape_Leng": 0.0, "OBJECTID": 141.0, "Interpret": "Nao iniciada"}, "geometry": {"type": "LineString", "coordinates": [[-40.61061, 2.68695], [-40.61482, 2.68177], [-40.61832, 2.67746], [-40.65165, 2.63701], [-40.70195, 2.56962], [-40.72339, 2.54501], [-40.75905, 2.50755], [-40.77296, 2.47136], [-40.79915, 2.41573], [-40.81957, 2.39349], [-40.8576, 2.35283], [-40.87366, 2.33857], [-40.88111, 2.32651], [-40.91153, 2.26674], [-40.93968, 2.22028], [-41.1164, 2.01423], [-41.13882, 1.97707], [-41.16011, 1.94589], [-41.18778, 1.91242], [-41.22551, 1.87353], [-41.26931, 1.81274], [-41.31231, 1.76139], [-41.33857, 1.72054], [-41.38394, 1.65883], [-41.39696, 1.64828], [-41.40484, 1.64171], [-41.40968, 1.63738], [-41.42193, 1.62045], [-41.56425, 1.45748], [-41.59828, 1.40282], [-41.62701, 1.36957], [-41.63478, 1.3586], [-41.66076, 1.32987], [-41.67172, 1.31455], [-41.69296, 1.27551], [-41.74575, 1.20178], [-41.76126, 1.18586], [-41.78667, 1.16357], [-41.80073, 1.14595], [-41.85923, 1.07377], [-41.87066, 1.05668], [-41.88517, 1.04066], [-41.93372, 0.98326], [-41.94455, 0.96339], [-41.9915, 0.89448], [-41.9986, 0.88456], [-42.019, 0.86397], [-42.04234, 0.82985], [-42.05499, 0.81062], [-42.06389, 0.79799], [-42.0714, 0.78764], [-42.09968, 0.75329], [-42.10375, 0.74893], [-42.11451, 0.73763], [-42.15278, 0.69447], [-42.15914, 0.68812], [-42.16405, 0.68273], [-42.22353, 0.62082], [-42.2633, 0.57556], [-42.28983, 0.53272], [-42.30336, 0.51533], [-42.33078, 0.48893], [-42.37193, 0.4458], [-42.3841, 0.42906], [-42.40199, 0.40085], [-42.44616, 0.35243], [-42.45267, 0.343], [-42.47915, 0.30273], [-42.49802, 0.28286], [-42.50375, 0.27536], [-42.50961, 0.26904], [-42.52258, 0.25376], [-42.54424, 0.22661], [-42.55063, 0.22061], [-42.56795, 0.18463], [-42.61566, 0.12163], [-42.62184, 0.11442], [-42.64123, 0.10161], [-42.66188, 0.08291], [-42.67396, 0.06475], [-42.68284, 0.05149], [-42.69033, 0.04083], [-42.69667, 0.03183], [-42.70125, 0.02634], [-42.71956, -0.00103], [-42.7275, -0.00809], [-42.78051, -0.06561], [-42.79788, -0.10518], [-42.82155, -0.12543], [-42.87962, -0.1843], [-42.90166, -0.21119], [-42.94266, -0.27033], [-42.9841, -0.3124], [-43.00081, -0.34336], [-43.02513, -0.37926], [-43.03853, -0.39594], [-43.07824, -0.43968], [-43.08899, -0.45611], [-43.10236, -0.48217], [-43.16409, -0.54254], [-43.19856, -0.59631], [-43.21757, -0.61689], [-43.23441, -0.64144], [-43.25293, -0.65924], [-43.27022, -0.68782], [-43.31929, -0.73879], [-43.34444, -0.77168], [-43.38838, -0.82416], [-43.46694, -0.9077], [-43.50029, -0.96637], [-43.52844, -1.0086]]}}, {"type": "Feature", "properties": {"ssGmStId": 402, "ssGmStNm": "0500-0513 ANP", "cmpnntGmId": 5.0, "ss2dUqLnId": "0500-0513 ANP", "district": "LANDMARK", "project": "NEOGENO_FOZAMAZONAS", "subprj": "ALL_DATA", "owtype": "Seis2DLine", "Shape_Leng": 0.0, "OBJECTID": 142.0, "Interpret": "Nao iniciada"}, "geometry": {"type": "LineString", "coordinates": [[-39.20147, -1.15711], [-39.18109, -1.16383], [-39.13192, -1.18423], [-39.06625, -1.22642], [-39.0454, -1.23809], [-38.96968, -1.27243], [-38.87456, -1.32549], [-38.86624, -1.33273], [-38.82779, -1.35375], [-38.79704, -1.37265], [-38.74835, -1.39857], [-38.73567, -1.4017], [-38.71821, -1.40932], [-38.69384, -1.42841], [-38.68169, -1.43425], [-38.65001, -1.45267], [-38.5973, -1.48783], [-38.54547, -1.51702], [-38.50745, -1.54364], [-38.41295, -1.6019], [-38.38024, -1.6146], [-38.27728, -1.67866], [-38.25461, -1.68895], [-38.16453, -1.74098], [-38.08322, -1.78883], [-37.98872, -1.84304], [-37.95952, -1.85895], [-37.91022, -1.88892], [-37.81821, -1.94139], [-37.66641, -2.03082], [-37.61086, -2.05766], [-37.58576, -2.06963], [-37.56722, -2.07846], [-37.53439, -2.09501], [-37.51655, -2.11181], [-37.48801, -2.13244], [-37.48052, -2.13987], [-37.42764, -2.17227], [-37.39402, -2.19192], [-37.37747, -2.19848], [-37.3695, -2.20325], [-37.36212, -2.20739], [-37.35622, -2.21074], [-37.35114, -2.21374], [-37.34604, -2.21676], [-37.34164, -2.21932], [-37.33802, -2.22138], [-37.33514, -2.22313], [-37.33222, -2.22492], [-37.32924, -2.22657], [-37.32706, -2.22793], [-37.31901, -2.23258], [-37.30597, -2.24027], [-37.1548, -2.31809], [-37.14171, -2.32652], [-37.13263, -2.33274], [-37.12555, -2.33928], [-37.12111, -2.34386], [-37.11768, -2.34723], [-37.11229, -2.35214], [-37.10127, -2.36122], [-36.99638, -2.42757], [-36.97135, -2.44102], [-36.95968, -2.44471], [-36.93993, -2.4514], [-36.90711, -2.47191]]}}, {"type": "Feature", "properties": {"ssGmStId": 403, "ssGmStNm": "0500-0535 ANP", "cmpnntGmId": 5.0, "ss2dUqLnId": "0500-0535 ANP", "district": "LANDMARK", "project": "NEOGENO_FOZAMAZONAS", "subprj": "ALL_DATA", "owtype": "Seis2DLine", "Shape_Leng": 0.0, "OBJECTID": 143.0, "Interpret": "Nao iniciada"}, "geometry": {"type": "LineString", "coordinates": [[-48.04926, 2.42299], [-48.03973, 2.43349], [-48.0327, 2.44255], [-47.98294, 2.50942], [-47.95069, 2.54954], [-47.94225, 2.56182], [-47.91246, 2.59816], [-47.89783, 2.61742], [-47.89309, 2.62605], [-47.88116, 2.64174], [-47.86974, 2.655], [-47.86463, 2.66263], [-47.86063, 2.66467], [-47.8491, 2.68276], [-47.84145, 2.69084], [-47.80504, 2.73889], [-47.79673, 2.75343], [-47.7986, 2.77033], [-47.79455, 2.77903], [-47.78007, 2.78407], [-47.7746, 2.78829], [-47.75322, 2.80202], [-47.74671, 2.80955], [-47.74458, 2.8184], [-47.74036, 2.82433], [-47.7377, 2.82745], [-47.73131, 2.82841], [-47.72788, 2.83202], [-47.72222, 2.84431], [-47.71428, 2.85171], [-47.70309, 2.86852], [-47.68474, 2.88978], [-47.68115, 2.89496], [-47.67282, 2.90526], [-47.667, 2.91224], [-47.66392, 2.91728], [-47.65662, 2.92652], [-47.61729, 2.97603], [-47.60342, 2.99017], [-47.59001, 3.01252], [-47.56538, 3.0473], [-47.56279, 3.05043], [-47.54811, 3.06276], [-47.53572, 3.07631], [-47.5119, 3.11488], [-47.50055, 3.12967], [-47.46402, 3.17885], [-47.44535, 3.20081], [-47.42889, 3.22402], [-47.39786, 3.26382], [-47.3667, 3.29968], [-47.35133, 3.3208], [-47.33719, 3.33753], [-47.31125, 3.37127], [-47.28759, 3.40039], [-47.27252, 3.41837], [-47.26779, 3.42607], [-47.24154, 3.45893], [-47.23196, 3.47377], [-47.19305, 3.52265], [-47.17491, 3.54798], [-47.16665, 3.55722], [-47.15896, 3.5666], [-47.13749, 3.59406], [-47.13357, 3.5973], [-47.12408, 3.61259], [-47.10302, 3.63641], [-47.09869, 3.64405], [-47.05682, 3.69988], [-47.04091, 3.71648], [-47.03546, 3.72548], [-46.98345, 3.79221], [-46.96402, 3.81927], [-46.91937, 3.87474], [-46.89519, 3.9074], [-46.87706, 3.92838], [-46.86399, 3.94789], [-46.84305, 3.97407]]}}, {"type": "Feature", "properties": {"ssGmStId": 404, "ssGmStNm": "0500-0535A ANP", "cmpnntGmId": 5.0, "ss2dUqLnId": "0500-0535A ANP", "district": "LANDMARK", "project": "NEOGENO_FOZAMAZONAS", "subprj": "ALL_DATA", "owtype": "Seis2DLine", "Shape_Leng": 0.0, "OBJECTID": 144.0, "Interpret": "Nao iniciada"}, "geometry": {"type": "LineString", "coordinates": [[-46.84193, 3.95636], [-46.83454, 3.97034], [-46.79883, 4.01976], [-46.77249, 4.05118], [-46.72886, 4.11074], [-46.71411, 4.12774], [-46.68195, 4.17163], [-46.61363, 4.25851], [-46.58029, 4.3087], [-46.56393, 4.32742], [-46.54463, 4.35488], [-46.53121, 4.3709], [-46.5163, 4.39101], [-46.46743, 4.45165], [-46.38358, 4.5612], [-46.32194, 4.63624], [-46.25453, 4.72642], [-46.23125, 4.75445], [-46.20691, 4.7868], [-46.18609, 4.811], [-46.12597, 4.88991], [-46.0363, 5.00127], [-46.01735, 5.02796], [-45.97043, 5.08606], [-45.95365, 5.10899], [-45.8934, 5.18246], [-45.87109, 5.21257], [-45.85172, 5.23547], [-45.82119, 5.27692], [-45.71371, 5.40999], [-45.69396, 5.43565], [-45.68545, 5.44868], [-45.68202, 5.458], [-45.67607, 5.46827], [-45.66785, 5.47977], [-45.5778, 5.59442], [-45.49599, 5.70269], [-45.47426, 5.72284], [-45.40986, 5.80696], [-45.37535, 5.84768], [-45.36123, 5.86759], [-45.35021, 5.87984], [-45.27761, 5.97707], [-45.18388, 6.09895], [-45.17771, 6.11132], [-45.16679, 6.12147], [-45.15608, 6.13545], [-45.13988, 6.15059], [-45.07758, 6.23677], [-45.04976, 6.27906], [-45.03012, 6.3032], [-44.94482, 6.42111], [-44.93539, 6.43086], [-44.92915, 6.44089], [-44.91319, 6.45512], [-44.89588, 6.47766], [-44.86924, 6.50851], [-44.85214, 6.52456], [-44.83501, 6.5379], [-44.80011, 6.58106], [-44.7814, 6.60656], [-44.76661, 6.62281], [-44.7406, 6.65574]]}}, {"type": "Feature", "properties": {"ssGmStId": 405, "ssGmStNm": "0500-0536 ANP", "cmpnntGmId": 5.0, "ss2dUqLnId": "0500-0536 ANP", "district": "LANDMARK", "project": "NEOGENO_FOZAMAZONAS", "subprj": "ALL_DATA", "owtype": "Seis2DLine", "Shape_Leng": 0.0, "OBJECTID": 145.0, "Interpret": "Nao iniciada"}, "geometry": {"type": "LineString", "coordinates": [[-44.23869, 6.47024], [-44.25657, 6.44456], [-44.35554, 6.32011], [-44.37299, 6.30148], [-44.40888, 6.25788], [-44.41664, 6.24654], [-44.43736, 6.22345], [-44.43996, 6.21841], [-44.46407, 6.18888], [-44.48527, 6.16112], [-44.53641, 6.10004], [-44.60553, 6.00916], [-44.62613, 5.98611], [-44.63881, 5.96635], [-44.67584, 5.91727], [-44.69592, 5.89798], [-44.71566, 5.87597], [-44.76177, 5.81812], [-44.78461, 5.79002], [-44.8079, 5.75875], [-44.81787, 5.74772], [-44.86261, 5.68744]]}}, {"type": "Feature", "properties": {"ssGmStId": 406, "ssGmStNm": "0500-0536A ANP", "cmpnntGmId": 5.0, "ss2dUqLnId": "0500-0536A ANP", "district": "LANDMARK", "project": "NEOGENO_FOZAMAZONAS", "subprj": "ALL_DATA", "owtype": "Seis2DLine", "Shape_Leng": 0.0, "OBJECTID": 146.0, "Interpret": "Nao iniciada"}, "geometry": {"type": "LineString", "coordinates": [[-44.85385, 5.69999], [-44.87591, 5.67099], [-44.88555, 5.66192], [-44.92839, 5.6109], [-45.00761, 5.50974], [-45.01699, 5.49971], [-45.05485, 5.45182], [-45.11337, 5.38131], [-45.12393, 5.3632], [-45.14028, 5.34625], [-45.17832, 5.29955], [-45.1881, 5.28361], [-45.20861, 5.25874], [-45.23079, 5.22945], [-45.24532, 5.21359], [-45.28528, 5.16438], [-45.29961, 5.1458], [-45.31319, 5.13252], [-45.33667, 5.10224], [-45.35753, 5.07932], [-45.37434, 5.05667], [-45.38272, 5.04872], [-45.39129, 5.03779], [-45.40279, 5.02115], [-45.42408, 4.99754], [-45.42976, 4.99107], [-45.44727, 4.9689], [-45.47738, 4.92971], [-45.50465, 4.89797], [-45.53169, 4.86147], [-45.57111, 4.81235], [-45.58276, 4.79141], [-45.58787, 4.78452], [-45.64185, 4.7157], [-45.64654, 4.71157], [-45.65516, 4.69864], [-45.66934, 4.68174], [-45.67548, 4.67062], [-45.68611, 4.6584], [-45.69375, 4.64602], [-45.74002, 4.5888]]}}, {"type": "Feature", "properties": {"ssGmStId": 407, "ssGmStNm": "0500-0538 ANP", "cmpnntGmId": 5.0, "ss2dUqLnId": "0500-0538 ANP", "district": "LANDMARK", "project": "NEOGENO_FOZAMAZONAS", "subprj": "ALL_DATA", "owtype": "Seis2DLine", "Shape_Leng": 0.0, "OBJECTID": 147.0, "Interpret": "Nao iniciada"}, "geometry": {"type": "LineString", "coordinates": [[-48.47924, 8.40484], [-48.47147, 8.3951], [-48.38826, 8.27397], [-48.35762, 8.21307], [-48.29829, 8.1173], [-48.25608, 8.05325], [-48.23873, 8.02377]]}}, {"type": "Feature", "properties": {"ssGmStId": 408, "ssGmStNm": "0500-0538A ANP", "cmpnntGmId": 5.0, "ss2dUqLnId": "0500-0538A ANP", "district": "LANDMARK", "project": "NEOGENO_FOZAMAZONAS", "subprj": "ALL_DATA", "owtype": "Seis2DLine", "Shape_Leng": 0.0, "OBJECTID": 148.0, "Interpret": "Nao iniciada"}, "geometry": {"type": "LineString", "coordinates": [[-48.24321, 8.03181], [-48.21492, 7.9837], [-48.19577, 7.95628], [-48.16538, 7.90597], [-48.15631, 7.89405], [-48.12167, 7.83526], [-48.09195, 7.79025], [-48.08597, 7.77799], [-48.07502, 7.76126], [-48.02939, 7.68681], [-48.00263, 7.64519], [-47.96854, 7.59596], [-47.95827, 7.57693], [-47.90671, 7.49617], [-47.81788, 7.35026], [-47.78915, 7.30821], [-47.78219, 7.29516], [-47.76933, 7.27731], [-47.7591, 7.26045], [-47.75074, 7.2462], [-47.72532, 7.21447], [-47.71298, 7.18244], [-47.70492, 7.16868], [-47.60943, 7.01605], [-47.56811, 6.9522], [-47.52994, 6.88773], [-47.47939, 6.8082], [-47.42781, 6.72528], [-47.32283, 6.5647], [-47.29841, 6.51432], [-47.25901, 6.45064], [-47.24788, 6.4345], [-47.2428, 6.42942]]}}, {"type": "Feature", "properties": {"ssGmStId": 409, "ssGmStNm": "0500-0539 ANP", "cmpnntGmId": 5.0, "ss2dUqLnId": "0500-0539 ANP", "district": "LANDMARK", "project": "NEOGENO_FOZAMAZONAS", "subprj": "ALL_DATA", "owtype": "Seis2DLine", "Shape_Leng": 0.0, "OBJECTID": 149.0, "Interpret": "Nao iniciada"}, "geometry": {"type": "LineString", "coordinates": [[-47.49938, 6.71817], [-47.48349, 6.70729], [-47.47033, 6.69474], [-47.42763, 6.66274], [-47.40289, 6.63475], [-47.3701, 6.60917], [-47.35807, 6.59816], [-47.34291, 6.58675], [-47.32267, 6.57508], [-47.28253, 6.54719], [-47.26563, 6.53089], [-47.23259, 6.50569], [-47.1494, 6.43473], [-47.13178, 6.42218], [-47.09642, 6.39278], [-47.05843, 6.36613], [-46.97892, 6.29795], [-46.95729, 6.28077], [-46.93643, 6.26185], [-46.86775, 6.20856], [-46.84792, 6.19053], [-46.78408, 6.139], [-46.76018, 6.12287], [-46.69678, 6.06917], [-46.65919, 6.04118], [-46.60983, 5.9997], [-46.5497, 5.95163], [-46.5155, 5.92449], [-46.49298, 5.90413], [-46.44782, 5.87052], [-46.40972, 5.83504], [-46.40048, 5.82935], [-46.37367, 5.80526], [-46.35481, 5.79334], [-46.3367, 5.7773], [-46.32748, 5.77122], [-46.27053, 5.72204], [-46.17953, 5.65412], [-46.11765, 5.60199], [-46.08028, 5.57351], [-46.02017, 5.5228], [-45.9752, 5.48885], [-45.92005, 5.44034], [-45.84625, 5.38237], [-45.78863, 5.33392], [-45.76328, 5.31502], [-45.72991, 5.2877], [-45.71679, 5.27557], [-45.68411, 5.2517], [-45.60829, 5.18928], [-45.5369, 5.14183], [-45.49158, 5.09325], [-45.419, 5.03202], [-45.39303, 5.01474], [-45.34443, 4.97509], [-45.31216, 4.95026], [-45.2931, 4.93277], [-45.21992, 4.87379], [-45.14019, 4.80704], [-45.09632, 4.77324], [-45.09101, 4.77075], [-45.0604, 4.74917], [-45.04785, 4.73713], [-45.04274, 4.73427], [-45.00763, 4.70579], [-44.98999, 4.68973], [-44.93433, 4.64663], [-44.91547, 4.62557], [-44.8607, 4.58041]]}}, {"type": "Feature", "properties": {"ssGmStId": 410, "ssGmStNm": "0500-0539A", "cmpnntGmId": 5.0, "ss2dUqLnId": "0500-0539A", "district": "LANDMARK", "project": "NEOGENO_FOZAMAZONAS", "subprj": "ALL_DATA", "owtype": "Seis2DLine", "Shape_Leng": 0.0, "OBJECTID": 150.0, "Interpret": "Nao iniciada"}, "geometry": {"type": "LineString", "coordinates": [[-44.87483, 4.5838], [-44.85865, 4.57907], [-44.85184, 4.57414], [-44.80232, 4.53315], [-44.74476, 4.48859], [-44.69321, 4.44367], [-44.6529, 4.41324], [-44.63585, 4.39755], [-44.60669, 4.37439], [-44.57614, 4.34637], [-44.55492, 4.33042], [-44.54336, 4.31984], [-44.53049, 4.30886], [-44.52009, 4.30063], [-44.51369, 4.29738], [-44.47249, 4.26514], [-44.46177, 4.26151], [-44.4434, 4.24159], [-44.38138, 4.18958], [-44.37714, 4.18394], [-44.36475, 4.17786], [-44.3414, 4.15588], [-44.33416, 4.15154], [-44.32661, 4.14415], [-44.26525, 4.09572], [-44.23647, 4.07074], [-44.14911, 4.0006]]}}, {"type": "Feature", "properties": {"ssGmStId": 411, "ssGmStNm": "0500-0539B", "cmpnntGmId": 5.0, "ss2dUqLnId": "0500-0539B", "district": "LANDMARK", "project": "NEOGENO_FOZAMAZONAS", "subprj": "ALL_DATA", "owtype": "Seis2DLine", "Shape_Leng": 0.0, "OBJECTID": 151.0, "Interpret": "Nao iniciada"}, "geometry": {"type": "LineString", "coordinates": [[-44.1565, 4.0068], [-44.13858, 3.99062], [-44.02526, 3.89835], [-43.93969, 3.82464], [-43.88529, 3.78038], [-43.87166, 3.76715], [-43.82473, 3.72928], [-43.81937, 3.72354], [-43.80183, 3.71504], [-43.77725, 3.69742], [-43.69745, 3.63154], [-43.67654, 3.6161], [-43.59262, 3.5464], [-43.53122, 3.48913], [-43.52274, 3.48441], [-43.5031, 3.46674], [-43.48945, 3.4567], [-43.4692, 3.44785], [-43.4546, 3.43692], [-43.44697, 3.4261], [-43.42546, 3.40548], [-43.38189, 3.37464], [-43.35559, 3.35267], [-43.3403, 3.33767], [-43.32288, 3.32334], [-43.24225, 3.25663]]}}, {"type": "Feature", "properties": {"ssGmStId": 412, "ssGmStNm": "0500-0540", "cmpnntGmId": 5.0, "ss2dUqLnId": "0500-0540", "district": "LANDMARK", "project": "NEOGENO_FOZAMAZONAS", "subprj": "ALL_DATA", "owtype": "Seis2DLine", "Shape_Leng": 0.0, "OBJECTID": 152.0, "Interpret": "Nao iniciada"}, "geometry": {"type": "LineString", "coordinates": [[-43.55432, 3.47496], [-43.54589, 3.46806], [-43.47962, 3.43076], [-43.44939, 3.41149], [-43.41843, 3.394], [-43.41619, 3.39132], [-43.40942, 3.38895], [-43.35456, 3.35815], [-43.32158, 3.33909], [-43.20636, 3.27124], [-43.1861, 3.26086], [-43.16647, 3.24893], [-43.16063, 3.24783], [-43.14912, 3.2389], [-43.11469, 3.21929], [-43.06059, 3.18802], [-43.02577, 3.16697], [-42.97546, 3.1369], [-42.93569, 3.11561], [-42.91942, 3.10537], [-42.87894, 3.08346], [-42.80214, 3.03814], [-42.78254, 3.02919], [-42.68757, 2.97491], [-42.62788, 2.93931], [-42.54467, 2.89267], [-42.51171, 2.86979], [-42.44568, 2.83524], [-42.37835, 2.79383], [-42.35927, 2.7849], [-42.31578, 2.75754], [-42.30589, 2.75384], [-42.2827, 2.74148], [-42.27522, 2.73606], [-42.22471, 2.70974], [-42.21482, 2.70128], [-42.18858, 2.6855], [-42.14151, 2.662], [-42.12672, 2.65185], [-42.08782, 2.6325], [-42.07648, 2.62379], [-42.07378, 2.62019], [-42.03209, 2.59647], [-42.00506, 2.58158], [-41.99722, 2.57579], [-41.96532, 2.55846], [-41.94264, 2.54398], [-41.91555, 2.52989], [-41.79124, 2.45524]]}}, {"type": "Feature", "properties": {"ssGmStId": 413, "ssGmStNm": "0500-0540A", "cmpnntGmId": 5.0, "ss2dUqLnId": "0500-0540A", "district": "LANDMARK", "project": "NEOGENO_FOZAMAZONAS", "subprj": "ALL_DATA", "owtype": "Seis2DLine", "Shape_Leng": 0.0, "OBJECTID": 153.0, "Interpret": "Nao iniciada"}, "geometry": {"type": "LineString", "coordinates": [[-41.80041, 2.46608], [-41.78904, 2.45638], [-41.6968, 2.39996], [-41.6726, 2.38608], [-41.65841, 2.38093], [-41.60775, 2.34962], [-41.58558, 2.33921], [-41.55271, 2.32027]]}}, {"type": "Feature", "properties": {"ssGmStId": 414, "ssGmStNm": "0500-0540B", "cmpnntGmId": 5.0, "ss2dUqLnId": "0500-0540B", "district": "LANDMARK", "project": "NEOGENO_FOZAMAZONAS", "subprj": "ALL_DATA", "owtype": "Seis2DLine", "Shape_Leng": 0.0, "OBJECTID": 154.0, "Interpret": "Nao iniciada"}, "geometry": {"type": "LineString", "coordinates": [[-41.56025, 2.32182], [-41.55031, 2.31855], [-41.49777, 2.28764], [-41.48317, 2.28064], [-41.46966, 2.27094], [-41.46098, 2.26704], [-41.32937, 2.1911], [-41.23993, 2.1365], [-41.21551, 2.12372], [-41.20219, 2.115], [-41.18918, 2.10899], [-41.14197, 2.07827], [-41.09808, 2.05788], [-41.08769, 2.05026], [-41.0814, 2.04879], [-41.07115, 2.04122], [-41.03756, 2.02293], [-40.99914, 1.99995], [-40.88233, 1.93265]]}}, {"type": "Feature", "properties": {"ssGmStId": 415, "ssGmStNm": "0500-0546", "cmpnntGmId": 5.0, "ss2dUqLnId": "0500-0546", "district": "LANDMARK", "project": "NEOGENO_FOZAMAZONAS", "subprj": "ALL_DATA", "owtype": "Seis2DLine", "Shape_Leng": 0.0, "OBJECTID": 155.0, "Interpret": "Nao iniciada"}, "geometry": {"type": "LineString", "coordinates": [[-39.81674, 1.05919], [-39.80334, 1.05513], [-39.7846, 1.05168], [-39.67822, 1.03503], [-39.61117, 1.02255], [-39.55348, 1.01403], [-39.51847, 1.00994], [-39.50236, 1.00634], [-39.48263, 0.99948], [-39.4267, 0.99194], [-39.38434, 0.98245], [-39.31978, 0.97144], [-39.08633, 0.93552], [-39.04906, 0.92397], [-39.03115, 0.92207], [-38.86576, 0.89498], [-38.80322, 0.8814], [-38.68325, 0.86239], [-38.63539, 0.8495], [-38.51766, 0.8293], [-38.4927, 0.82547], [-38.48269, 0.82558], [-38.38914, 0.80921]]}}, {"type": "Feature", "properties": {"ssGmStId": 416, "ssGmStNm": "0500-0547", "cmpnntGmId": 5.0, "ss2dUqLnId": "0500-0547", "district": "LANDMARK", "project": "NEOGENO_FOZAMAZONAS", "subprj": "ALL_DATA", "owtype": "Seis2DLine", "Shape_Leng": 0.0, "OBJECTID": 156.0, "Interpret": "Nao iniciada"}, "geometry": {"type": "LineString", "coordinates": [[-38.04893, -0.05166], [-38.11822, 0.06037]]}}, {"type": "Feature", "properties": {"ssGmStId": 417, "ssGmStNm": "0500-0547A", "cmpnntGmId": 5.0, "ss2dUqLnId": "0500-0547A", "district": "LANDMARK", "project": "NEOGENO_FOZAMAZONAS", "subprj": "ALL_DATA", "owtype": "Seis2DLine", "Shape_Leng": 0.0, "OBJECTID": 157.0, "Interpret": "Nao iniciada"}, "geometry": {"type": "LineString", "coordinates": [[-38.11291, 0.05096], [-38.11894, 0.06305], [-38.12739, 0.07459], [-38.1824, 0.16344]]}}, {"type": "Feature", "properties": {"ssGmStId": 418, "ssGmStNm": "0500-0547B", "cmpnntGmId": 5.0, "ss2dUqLnId": "0500-0547B", "district": "LANDMARK", "project": "NEOGENO_FOZAMAZONAS", "subprj": "ALL_DATA", "owtype": "Seis2DLine", "Shape_Leng": 0.0, "OBJECTID": 158.0, "Interpret": "Nao iniciada"}, "geometry": {"type": "LineString", "coordinates": [[-38.17829, 0.15467], [-38.18444, 0.16724], [-38.26836, 0.30084]]}}, {"type": "Feature", "properties": {"ssGmStId": 419, "ssGmStNm": "0500-0547C", "cmpnntGmId": 5.0, "ss2dUqLnId": "0500-0547C", "district": "LANDMARK", "project": "NEOGENO_FOZAMAZONAS", "subprj": "ALL_DATA", "owtype": "Seis2DLine", "Shape_Leng": 0.0, "OBJECTID": 159.0, "Interpret": "Nao iniciada"}, "geometry": {"type": "LineString", "coordinates": [[-38.77503, 1.1119], [-38.75756, 1.08372], [-38.7354, 1.04257], [-38.71758, 1.01422], [-38.71464, 1.00422], [-38.71047, 0.99663], [-38.70104, 0.98419], [-38.69293, 0.96966], [-38.68305, 0.95713], [-38.67666, 0.94604], [-38.67521, 0.94012], [-38.66187, 0.91598], [-38.65688, 0.89938], [-38.64533, 0.87505], [-38.63142, 0.85542], [-38.61912, 0.8279], [-38.6061, 0.81418], [-38.60533, 0.81111], [-38.59421, 0.79463], [-38.55328, 0.71986], [-38.54101, 0.70097], [-38.51906, 0.66055], [-38.51252, 0.64602], [-38.50021, 0.62756], [-38.45217, 0.54182], [-38.44422, 0.53247], [-38.43592, 0.51292], [-38.42361, 0.49252]]}}, {"type": "Feature", "properties": {"ssGmStId": 420, "ssGmStNm": "0500-0547D", "cmpnntGmId": 5.0, "ss2dUqLnId": "0500-0547D", "district": "LANDMARK", "project": "NEOGENO_FOZAMAZONAS", "subprj": "ALL_DATA", "owtype": "Seis2DLine", "Shape_Leng": 0.0, "OBJECTID": 160.0, "Interpret": "Nao iniciada"}, "geometry": {"type": "LineString", "coordinates": [[-38.4267, 0.49902], [-38.41853, 0.48338], [-38.4115, 0.47627], [-38.2885, 0.32474], [-38.26156, 0.29319]]}}, {"type": "Feature", "properties": {"ssGmStId": 421, "ssGmStNm": "0500-0548", "cmpnntGmId": 5.0, "ss2dUqLnId": "0500-0548", "district": "LANDMARK", "project": "NEOGENO_FOZAMAZONAS", "subprj": "ALL_DATA", "owtype": "Seis2DLine", "Shape_Leng": 0.0, "OBJECTID": 161.0, "Interpret": "Nao iniciada"}, "geometry": {"type": "LineString", "coordinates": [[-34.6705, 0.14475], [-34.68444, 0.13972], [-34.70032, 0.14061], [-35.01163, 0.13786]]}}, {"type": "Feature", "properties": {"ssGmStId": 422, "ssGmStNm": "0500-0548A ANP", "cmpnntGmId": 5.0, "ss2dUqLnId": "0500-0548A ANP", "district": "LANDMARK", "project": "NEOGENO_FOZAMAZONAS", "subprj": "ALL_DATA", "owtype": "Seis2DLine", "Shape_Leng": 0.0, "OBJECTID": 162.0, "Interpret": "Nao iniciada"}, "geometry": {"type": "LineString", "coordinates": [[-35.0017, 0.14994], [-35.0715, 0.1402], [-35.10558, 0.13717], [-35.60325, 0.13298], [-36.00745, 0.13086], [-36.01981, 0.12954], [-36.03421, 0.13067], [-36.06251, 0.12939], [-36.07282, 0.13043], [-36.18126, 0.12906], [-36.20823, 0.13326], [-36.22751, 0.12859], [-37.1907, 0.12149], [-37.19645, 0.11983], [-37.21693, 0.12128], [-37.39053, 0.11909], [-37.40374, 0.12015], [-37.42748, 0.11889], [-37.63001, 0.11795], [-37.63252, 0.11697], [-37.66464, 0.11803], [-37.7545, 0.11664], [-37.75698, 0.11752], [-37.76421, 0.11639], [-38.34466, 0.11239]]}}, {"type": "Feature", "properties": {"ssGmStId": 423, "ssGmStNm": "0500-0549 ANP", "cmpnntGmId": 5.0, "ss2dUqLnId": "0500-0549 ANP", "district": "LANDMARK", "project": "NEOGENO_FOZAMAZONAS", "subprj": "ALL_DATA", "owtype": "Seis2DLine", "Shape_Leng": 0.0, "OBJECTID": 163.0, "Interpret": "Nao iniciada"}, "geometry": {"type": "LineString", "coordinates": [[-42.37607, -1.27383], [-42.3878, -1.26592], [-42.40671, -1.2492], [-42.45646, -1.21309], [-42.49938, -1.16454], [-42.53469, -1.13265], [-42.54842, -1.12188], [-42.57963, -1.09127], [-42.59584, -1.07891], [-42.66601, -1.01733], [-42.8347, -0.86378], [-42.84665, -0.85467], [-42.87058, -0.83257], [-42.87565, -0.82914], [-42.88496, -0.82291], [-42.9048, -0.80247], [-43.23362, -0.50861], [-43.23821, -0.50634], [-43.24108, -0.50177], [-43.47899, -0.29]]}}, {"type": "Feature", "properties": {"ssGmStId": 424, "ssGmStNm": "0500-0549A", "cmpnntGmId": 5.0, "ss2dUqLnId": "0500-0549A", "district": "LANDMARK", "project": "NEOGENO_FOZAMAZONAS", "subprj": "ALL_DATA", "owtype": "Seis2DLine", "Shape_Leng": 0.0, "OBJECTID": 164.0, "Interpret": "Nao iniciada"}, "geometry": {"type": "LineString", "coordinates": [[-43.47418, -0.29876], [-43.49222, -0.2826], [-43.50266, -0.27221], [-43.51986, -0.25799], [-43.55535, -0.22584], [-43.58056, -0.19965], [-43.62904, -0.15815], [-43.64243, -0.14382], [-43.66247, -0.12772], [-43.71849, -0.07507], [-43.75209, -0.04758], [-43.85094, 0.04063], [-43.85617, 0.04403], [-43.86609, 0.05409], [-43.88867, 0.0716], [-43.90991, 0.09212], [-43.96641, 0.14128], [-44.00809, 0.17972]]}}, {"type": "Feature", "properties": {"ssGmStId": 425, "ssGmStNm": "0500-0550 ANP", "cmpnntGmId": 5.0, "ss2dUqLnId": "0500-0550 ANP", "district": "LANDMARK", "project": "NEOGENO_FOZAMAZONAS", "subprj": "ALL_DATA", "owtype": "Seis2DLine", "Shape_Leng": 0.0, "OBJECTID": 165.0, "Interpret": "Nao iniciada"}, "geometry": {"type": "LineString", "coordinates": [[-39.32945, -1.61574], [-39.34389, -1.612], [-39.40615, -1.60431], [-39.45121, -1.59567], [-39.50639, -1.59002], [-39.52864, -1.58531], [-39.57192, -1.58002], [-39.64058, -1.56777], [-39.6613, -1.56581], [-39.69065, -1.56213], [-39.69667, -1.56268], [-39.70754, -1.56138], [-39.72076, -1.56037], [-39.76209, -1.55139], [-39.80865, -1.54672], [-39.83086, -1.54179], [-39.87879, -1.53583], [-39.90005, -1.53108], [-39.96523, -1.52302], [-40.03072, -1.51278], [-40.0712, -1.50784], [-40.09162, -1.50325], [-40.12826, -1.49935], [-40.20123, -1.48725], [-40.22651, -1.48394], [-40.35192, -1.46471], [-40.42211, -1.45612], [-40.50794, -1.44256], [-40.51478, -1.44323], [-40.52377, -1.44069], [-40.55546, -1.43702], [-40.6504, -1.42204], [-40.71197, -1.41472], [-40.72161, -1.41255], [-40.78878, -1.40456], [-40.84876, -1.39499], [-41.00511, -1.3707], [-41.06555, -1.36208], [-41.1406, -1.35033], [-41.16551, -1.34834], [-41.19962, -1.34273], [-41.24995, -1.33695], [-41.32941, -1.3248], [-41.51464, -1.29975], [-41.57855, -1.28906], [-41.67408, -1.2774], [-41.72643, -1.268], [-41.80715, -1.25641], [-41.81526, -1.25493], [-41.83041, -1.24879], [-41.9337, -1.23307], [-41.97402, -1.22539], [-42.09349, -1.20911], [-42.10115, -1.20676], [-42.12458, -1.20431], [-42.21857, -1.18898], [-42.27979, -1.18051], [-42.3061, -1.17839], [-42.36651, -1.16784], [-42.45761, -1.1557], [-42.47772, -1.15106], [-42.48535, -1.1508], [-42.52007, -1.14463], [-42.54501, -1.14215], [-42.57078, -1.1375], [-42.62096, -1.13111], [-42.63413, -1.13043], [-42.65487, -1.12609], [-42.68022, -1.12373], [-42.7062, -1.11904], [-42.71964, -1.11823]]}}, {"type": "Feature", "properties": {"ssGmStId": 426, "ssGmStNm": "0500-535A", "cmpnntGmId": 5.0, "ss2dUqLnId": "0500-535A", "district": "LANDMARK", "project": "NEOGENO_FOZAMAZONAS", "subprj": "ALL_DATA", "owtype": "Seis2DLine", "Shape_Leng": 0.0, "OBJECTID": 166.0, "Interpret": "Nao iniciada"}, "geometry": {"type": "LineString", "coordinates": [[-46.84193, 3.95636], [-46.83454, 3.97034], [-46.79883, 4.01976], [-46.77249, 4.05118], [-46.72886, 4.11074], [-46.71411, 4.12774], [-46.68195, 4.17163], [-46.61363, 4.25851], [-46.58029, 4.3087], [-46.56393, 4.32742], [-46.54463, 4.35488], [-46.53121, 4.3709], [-46.5163, 4.39101], [-46.46743, 4.45165], [-46.38358, 4.5612], [-46.32194, 4.63624], [-46.25453, 4.72642], [-46.23125, 4.75445], [-46.20691, 4.7868], [-46.18609, 4.811], [-46.12597, 4.88991], [-46.0363, 5.00127], [-46.01735, 5.02796], [-45.97043, 5.08606], [-45.95365, 5.10899], [-45.8934, 5.18246], [-45.87109, 5.21257], [-45.85172, 5.23547], [-45.82119, 5.27692], [-45.71371, 5.40999], [-45.69396, 5.43565], [-45.68545, 5.44868], [-45.68202, 5.458], [-45.67607, 5.46827], [-45.66785, 5.47977], [-45.5778, 5.59442], [-45.49599, 5.70269], [-45.47426, 5.72284], [-45.40986, 5.80696], [-45.37535, 5.84768], [-45.36123, 5.86759], [-45.35021, 5.87984], [-45.27761, 5.97707], [-45.18388, 6.09895], [-45.17771, 6.11132], [-45.16679, 6.12147], [-45.15608, 6.13545], [-45.13988, 6.15059], [-45.07758, 6.23677], [-45.04976, 6.27906], [-45.03012, 6.3032], [-44.94482, 6.42111], [-44.93539, 6.43086], [-44.92915, 6.44089], [-44.91319, 6.45512], [-44.89588, 6.47766], [-44.86924, 6.50851], [-44.85214, 6.52456], [-44.83501, 6.5379], [-44.80011, 6.58106], [-44.7814, 6.60656], [-44.76661, 6.62281], [-44.7406, 6.65574]]}}, {"type": "Feature", "properties": {"ssGmStId": 427, "ssGmStNm": "0501-0021 ANP", "cmpnntGmId": 5.0, "ss2dUqLnId": "0501-0021 ANP", "district": "LANDMARK", "project": "NEOGENO_FOZAMAZONAS", "subprj": "ALL_DATA", "owtype": "Seis2DLine", "Shape_Leng": 0.0, "OBJECTID": 167.0, "Interpret": "Nao iniciada"}, "geometry": {"type": "LineString", "coordinates": [[-47.05312, 1.51696], [-46.99297, 1.59862], [-46.98209, 1.61866], [-46.97391, 1.62654], [-46.90624, 1.7546], [-46.89427, 1.76355], [-46.87989, 1.77386], [-46.85233, 1.80237], [-46.84648, 1.81277], [-46.83296, 1.84814], [-46.82694, 1.85627], [-46.79883, 1.88933], [-46.77602, 1.90454], [-46.76684, 1.91423], [-46.7235, 1.93487], [-46.70716, 1.94691], [-46.69494, 1.95023], [-46.68271, 1.9561], [-46.66529, 1.97539], [-46.65924, 1.98034], [-46.63055, 2.01512], [-46.61371, 2.03781], [-46.55613, 2.10941], [-46.54554, 2.12278], [-46.52692, 2.14572], [-46.51473, 2.16549], [-46.49896, 2.19835], [-46.48135, 2.21957], [-46.47443, 2.22996], [-46.44466, 2.25895], [-46.42627, 2.28044], [-46.40677, 2.29408], [-46.39354, 2.30624], [-46.32982, 2.38713], [-46.30494, 2.41482], [-46.27063, 2.45771]]}}, {"type": "Feature", "properties": {"ssGmStId": 428, "ssGmStNm": "0501-0021A ANP", "cmpnntGmId": 5.0, "ss2dUqLnId": "0501-0021A ANP", "district": "LANDMARK", "project": "NEOGENO_FOZAMAZONAS", "subprj": "ALL_DATA", "owtype": "Seis2DLine", "Shape_Leng": 0.0, "OBJECTID": 168.0, "Interpret": "Nao iniciada"}, "geometry": {"type": "LineString", "coordinates": [[-46.28101, 2.47788], [-46.24792, 2.51665], [-46.23181, 2.53881], [-46.17173, 2.60783], [-46.16368, 2.61851], [-46.15619, 2.63241], [-46.14381, 2.64797], [-46.14514, 2.64938], [-46.13997, 2.65318], [-46.09602, 2.70767], [-46.09364, 2.70822], [-46.0578, 2.748], [-46.05154, 2.75982], [-46.02067, 2.79333], [-46.00488, 2.81578], [-45.91193, 2.91508], [-45.87846, 2.95251], [-45.87186, 2.96555], [-45.85971, 3.00024], [-45.80422, 3.06057], [-45.7843, 3.09094], [-45.70272, 3.1824], [-45.68686, 3.20607], [-45.67701, 3.22532], [-45.67474, 3.22807], [-45.67401, 3.22921], [-45.67362, 3.22974], [-45.67178, 3.23059], [-45.6648, 3.24113], [-45.65067, 3.25781], [-45.62558, 3.28889], [-45.61199, 3.3049], [-45.58831, 3.33538], [-45.56225, 3.36608], [-45.54932, 3.38333], [-45.53977, 3.39527], [-45.52479, 3.41498], [-45.49119, 3.45394], [-45.48654, 3.46188], [-45.47605, 3.47386], [-45.43904, 3.51935], [-45.41164, 3.55672], [-45.23597, 3.77372], [-45.2084, 3.81019], [-45.19951, 3.81887], [-45.15679, 3.87295], [-45.13261, 3.89707], [-45.12086, 3.9131], [-45.11689, 3.9232], [-45.10234, 3.94254], [-45.09606, 3.95094], [-45.08449, 3.96674], [-45.07348, 3.98143], [-45.05896, 4.0006], [-45.0492, 4.0153], [-45.02247, 4.04189], [-45.00651, 4.06232], [-44.96307, 4.12213], [-44.95151, 4.14258], [-44.93363, 4.16236], [-44.91487, 4.1951], [-44.90215, 4.21017], [-44.89738, 4.21543], [-44.88404, 4.23287], [-44.8689, 4.24339], [-44.85015, 4.25974], [-44.83457, 4.27383], [-44.79461, 4.32508], [-44.75684, 4.37454], [-44.74182, 4.39295], [-44.7243, 4.40887], [-44.63569, 4.52035], [-44.58959, 4.57958], [-44.58217, 4.59904], [-44.57078, 4.60929]]}}, {"type": "Feature", "properties": {"ssGmStId": 429, "ssGmStNm": "0501-0022 ANP", "cmpnntGmId": 5.0, "ss2dUqLnId": "0501-0022 ANP", "district": "LANDMARK", "project": "NEOGENO_FOZAMAZONAS", "subprj": "ALL_DATA", "owtype": "Seis2DLine", "Shape_Leng": 0.0, "OBJECTID": 169.0, "Interpret": "Nao iniciada"}, "geometry": {"type": "LineString", "coordinates": [[-47.5428, 2.31393], [-47.51729, 2.34973], [-47.50049, 2.37666], [-47.49507, 2.38261], [-47.47201, 2.40157], [-47.46903, 2.40599], [-47.43498, 2.43962], [-47.42937, 2.4489], [-47.418, 2.4649], [-47.40392, 2.47892], [-47.37754, 2.51283], [-47.33359, 2.55877], [-47.31913, 2.57758], [-47.2195, 2.6739], [-47.20407, 2.69272], [-47.17958, 2.7266], [-47.09995, 2.80228], [-47.09398, 2.82062], [-47.09003, 2.82603], [-47.08883, 2.85307], [-47.0915, 2.95105], [-47.0858, 2.96165], [-47.04015, 3.00492], [-47.02557, 3.01631], [-46.98648, 3.04039], [-46.93917, 3.066], [-46.92769, 3.07533], [-46.91067, 3.09749], [-46.87598, 3.14149], [-46.84584, 3.18278], [-46.80389, 3.23553], [-46.7745, 3.27717], [-46.76319, 3.29026], [-46.75657, 3.30314], [-46.7343, 3.33277], [-46.72363, 3.35028], [-46.69767, 3.38323]]}}, {"type": "Feature", "properties": {"ssGmStId": 430, "ssGmStNm": "0501-0022A ANP", "cmpnntGmId": 5.0, "ss2dUqLnId": "0501-0022A ANP", "district": "LANDMARK", "project": "NEOGENO_FOZAMAZONAS", "subprj": "ALL_DATA", "owtype": "Seis2DLine", "Shape_Leng": 0.0, "OBJECTID": 170.0, "Interpret": "Nao iniciada"}, "geometry": {"type": "LineString", "coordinates": [[-46.69446, 3.38272], [-46.64225, 3.44955], [-46.60454, 3.49093], [-46.58687, 3.51499], [-46.57897, 3.52907], [-46.54863, 3.56565], [-46.5371, 3.57719], [-46.49717, 3.62955], [-46.42151, 3.70675], [-46.39744, 3.73905], [-46.3799, 3.77168], [-46.36516, 3.78662], [-46.35854, 3.80875], [-46.27909, 3.9024], [-46.24227, 3.94371], [-46.10707, 4.06858], [-46.09722, 4.08098], [-46.09284, 4.10388], [-46.07674, 4.13993], [-46.03082, 4.17929], [-46.013, 4.20642], [-45.95354, 4.2578], [-45.93226, 4.30753], [-45.93022, 4.31629], [-45.92906, 4.32618], [-45.93002, 4.35331], [-45.92689, 4.35893], [-45.90972, 4.37972], [-45.90132, 4.39298], [-45.8766, 4.42169], [-45.86075, 4.44266], [-45.84088, 4.46733], [-45.73778, 4.59867]]}}, {"type": "Feature", "properties": {"ssGmStId": 431, "ssGmStNm": "0501-0022B ANP", "cmpnntGmId": 5.0, "ss2dUqLnId": "0501-0022B ANP", "district": "LANDMARK", "project": "NEOGENO_FOZAMAZONAS", "subprj": "ALL_DATA", "owtype": "Seis2DLine", "Shape_Leng": 0.0, "OBJECTID": 171.0, "Interpret": "Nao iniciada"}, "geometry": {"type": "LineString", "coordinates": [[-47.51646, 2.33297], [-47.54709, 2.30307], [-47.55588, 2.28456], [-47.56853, 2.26795], [-47.57225, 2.25999], [-47.58662, 2.24015], [-47.60201, 2.22202], [-47.63797, 2.16764]]}}, {"type": "Feature", "properties": {"ssGmStId": 432, "ssGmStNm": "0501-0023 ANP", "cmpnntGmId": 5.0, "ss2dUqLnId": "0501-0023 ANP", "district": "LANDMARK", "project": "NEOGENO_FOZAMAZONAS", "subprj": "ALL_DATA", "owtype": "Seis2DLine", "Shape_Leng": 0.0, "OBJECTID": 172.0, "Interpret": "Nao iniciada"}, "geometry": {"type": "LineString", "coordinates": [[-45.9155, 6.00244], [-45.92313, 5.99366], [-45.93093, 5.98087], [-45.94329, 5.96497], [-45.95556, 5.94211], [-45.96326, 5.93164], [-45.96725, 5.9271], [-45.97035, 5.92414], [-45.97279, 5.9227], [-45.97477, 5.92134], [-45.97634, 5.91879], [-45.98683, 5.90837], [-46.08016, 5.78666], [-46.18477, 5.65072], [-46.22522, 5.59749], [-46.22656, 5.59366], [-46.23914, 5.5795], [-46.2773, 5.52983], [-46.32123, 5.45954], [-46.34102, 5.43672], [-46.351, 5.42798], [-46.36226, 5.41872], [-46.37233, 5.40707], [-46.37528, 5.40246], [-46.38219, 5.38902], [-46.411, 5.3391], [-46.41701, 5.32623], [-46.42908, 5.30629], [-46.43828, 5.29403], [-46.48897, 5.25041], [-46.50601, 5.22783], [-46.52117, 5.20692], [-46.53053, 5.18956], [-46.54077, 5.17532], [-46.56198, 5.1352], [-46.57886, 5.10352], [-46.58418, 5.09751], [-46.61576, 5.06785], [-46.64164, 5.01659], [-46.64426, 5.00207], [-46.64939, 4.99235], [-46.68664, 4.94663], [-46.71665, 4.90135], [-46.72962, 4.88887], [-46.7429, 4.87696], [-46.74835, 4.87198], [-46.75721, 4.86668], [-46.77202, 4.85431], [-46.80713, 4.83689], [-46.81423, 4.81988], [-46.83237, 4.80261], [-46.85189, 4.77879], [-46.88648, 4.733], [-46.90721, 4.70535], [-46.91865, 4.69147], [-46.92119, 4.68791], [-46.92484, 4.68295], [-47.00562, 4.57641], [-47.00949, 4.57411], [-47.01461, 4.56486], [-47.01776, 4.56275], [-47.02165, 4.558], [-47.02655, 4.54819], [-47.03593, 4.53808], [-47.05195, 4.50844], [-47.06077, 4.49749], [-47.08028, 4.47991], [-47.10658, 4.44477], [-47.11569, 4.43573]]}}, {"type": "Feature", "properties": {"ssGmStId": 433, "ssGmStNm": "0501-0023A ANP", "cmpnntGmId": 5.0, "ss2dUqLnId": "0501-0023A ANP", "district": "LANDMARK", "project": "NEOGENO_FOZAMAZONAS", "subprj": "ALL_DATA", "owtype": "Seis2DLine", "Shape_Leng": 0.0, "OBJECTID": 173.0, "Interpret": "Nao iniciada"}, "geometry": {"type": "LineString", "coordinates": [[-47.09282, 4.42627], [-47.12849, 4.40646], [-47.1326, 4.40188], [-47.17263, 4.33756], [-47.19526, 4.32291], [-47.21374, 4.30456], [-47.2351, 4.27674], [-47.25619, 4.24449], [-47.26759, 4.23022], [-47.28212, 4.21592], [-47.35444, 4.12424], [-47.36337, 4.10803], [-47.3934, 4.07694], [-47.42966, 4.02974]]}}, {"type": "Feature", "properties": {"ssGmStId": 434, "ssGmStNm": "0501-0023B ANP", "cmpnntGmId": 5.0, "ss2dUqLnId": "0501-0023B ANP", "district": "LANDMARK", "project": "NEOGENO_FOZAMAZONAS", "subprj": "ALL_DATA", "owtype": "Seis2DLine", "Shape_Leng": 0.0, "OBJECTID": 174.0, "Interpret": "Nao iniciada"}, "geometry": {"type": "LineString", "coordinates": [[-47.4709, 4.05847], [-47.54698, 3.95119], [-47.57618, 3.90994], [-47.5843, 3.89852], [-47.6391, 3.82038], [-47.74089, 3.67888], [-47.78191, 3.61888], [-47.9691, 3.35767], [-47.98519, 3.33109], [-47.99461, 3.31202], [-48.00328, 3.29904], [-48.01776, 3.2789], [-48.02901, 3.26326], [-48.03922, 3.24919], [-48.0489, 3.23565], [-48.05737, 3.22412], [-48.06446, 3.21414], [-48.07139, 3.20415], [-48.08212, 3.18942], [-48.13451, 3.117], [-48.14945, 3.09551], [-48.16654, 3.06775], [-48.18045, 3.03841], [-48.18367, 3.02589], [-48.20454, 2.98026], [-48.2264, 2.96262], [-48.25285, 2.94974], [-48.25537, 2.94674], [-48.26538, 2.92965], [-48.30345, 2.87626], [-48.31579, 2.85239], [-48.32834, 2.81786], [-48.36198, 2.76931]]}}, {"type": "Feature", "properties": {"ssGmStId": 435, "ssGmStNm": "0501-0024 ANP", "cmpnntGmId": 5.0, "ss2dUqLnId": "0501-0024 ANP", "district": "LANDMARK", "project": "NEOGENO_FOZAMAZONAS", "subprj": "ALL_DATA", "owtype": "Seis2DLine", "Shape_Leng": 0.0, "OBJECTID": 175.0, "Interpret": "Nao iniciada"}, "geometry": {"type": "LineString", "coordinates": [[-48.92527, 3.38181], [-48.91196, 3.39909], [-48.85173, 3.47895], [-48.83998, 3.4888], [-48.82592, 3.50558], [-48.80454, 3.53438], [-48.78853, 3.55592], [-48.7593, 3.59355], [-48.70681, 3.68709], [-48.69796, 3.70558], [-48.68439, 3.72238], [-48.67519, 3.7456], [-48.6432, 3.80156], [-48.61813, 3.82176], [-48.56794, 3.85607], [-48.55835, 3.86526], [-48.54971, 3.87517], [-48.47706, 3.98198], [-48.4542, 4.00806], [-48.44923, 4.01318], [-48.43054, 4.02464], [-48.41433, 4.03114], [-48.40399, 4.04146], [-48.38056, 4.06583], [-48.37466, 4.0796], [-48.36989, 4.08376], [-48.36074, 4.09825], [-48.35098, 4.10741], [-48.33632, 4.12763], [-48.31823, 4.14367], [-48.30716, 4.16138], [-48.29382, 4.18724], [-48.25141, 4.23925], [-48.22333, 4.27708], [-48.16995, 4.34196], [-48.10322, 4.42773], [-48.03348, 4.51777], [-47.96801, 4.59943], [-47.96567, 4.60427], [-47.93886, 4.639], [-47.93341, 4.64559], [-47.92661, 4.65194], [-47.90406, 4.68245], [-47.89286, 4.69569], [-47.82605, 4.77647], [-47.81394, 4.79829], [-47.79892, 4.81539], [-47.782, 4.8359], [-47.70408, 4.93658], [-47.68075, 4.95931], [-47.6659, 4.9838], [-47.62916, 5.0311], [-47.60975, 5.05501], [-47.54191, 5.11461], [-47.52703, 5.13906], [-47.50525, 5.18645], [-47.4832, 5.20713], [-47.45782, 5.23818], [-47.4437, 5.26081], [-47.42431, 5.28053], [-47.41216, 5.30237], [-47.37653, 5.33476], [-47.37194, 5.34328], [-47.36012, 5.37081], [-47.30956, 5.43442], [-47.29467, 5.45027], [-47.28208, 5.47204], [-47.27484, 5.48399], [-47.25449, 5.50906], [-47.22333, 5.54287], [-47.19729, 5.57743], [-47.14757, 5.63785], [-47.11299, 5.68293], [-47.07884, 5.72758], [-47.06728, 5.74215], [-47.04533, 5.76958], [-47.04481, 5.77176], [-46.99055, 5.83664], [-46.95569, 5.88549], [-46.92051, 5.93115], [-46.91611, 5.93631], [-46.89374, 5.95536], [-46.83787, 6.02899], [-46.81641, 6.04991], [-46.8053, 6.06801], [-46.76268, 6.1227], [-46.7583, 6.12955], [-46.75046, 6.14107], [-46.71594, 6.18975], [-46.70901, 6.20237], [-46.69781, 6.21151], [-46.68898, 6.22345], [-46.68403, 6.23362], [-46.66033, 6.25459], [-46.59814, 6.33383], [-46.54578, 6.42085], [-46.53476, 6.43151], [-46.49729, 6.45714], [-46.47156, 6.48838], [-46.46601, 6.50394], [-46.45795, 6.51722], [-46.4261, 6.54574], [-46.38641, 6.59058], [-46.37628, 6.61366], [-46.34975, 6.63697], [-46.31529, 6.67066]]}}, {"type": "Feature", "properties": {"ssGmStId": 217, "ssGmStNm": "0033-0002 ANP", "cmpnntGmId": 5.0, "ss2dUqLnId": "0033-0002 ANP", "district": "LANDMARK", "project": "NEOGENO_FOZAMAZONAS", "subprj": "ALL_DATA", "owtype": "Seis2DLine", "Shape_Leng": 0.0, "OBJECTID": 176.0, "Interpret": "Nao iniciada"}, "geometry": {"type": "LineString", "coordinates": [[-48.50297, 2.15288], [-48.49295, 2.14447], [-48.48147, 2.12549], [-48.47183, 2.11266], [-48.45239, 2.08285], [-48.43796, 2.06424], [-48.41801, 2.03236], [-48.36369, 1.95231], [-48.35065, 1.93452], [-48.34426, 1.92386], [-48.22248, 1.74304], [-48.18333, 1.6849], [-48.16069, 1.65333], [-48.12856, 1.60372], [-48.11675, 1.58817], [-48.10389, 1.5665], [-48.08998, 1.54849], [-48.0788, 1.53033], [-48.04704, 1.4829], [-48.02679, 1.45526], [-47.99444, 1.40536], [-47.98331, 1.39088], [-47.97641, 1.3795], [-47.73833, 1.02729]]}}, {"type": "Feature", "properties": {"ssGmStId": 218, "ssGmStNm": "0033-0027 ANP", "cmpnntGmId": 5.0, "ss2dUqLnId": "0033-0027 ANP", "district": "LANDMARK", "project": "NEOGENO_FOZAMAZONAS", "subprj": "ALL_DATA", "owtype": "Seis2DLine", "Shape_Leng": 0.0, "OBJECTID": 177.0, "Interpret": "Nao iniciada"}, "geometry": {"type": "LineString", "coordinates": [[-47.93676, 0.83657], [-48.3242, 1.41237], [-48.43977, 1.58551], [-48.46997, 1.62677], [-48.48276, 1.64919], [-48.65832, 1.91094], [-48.69784, 1.96836], [-48.70954, 1.97886], [-48.72428, 1.98924], [-48.74776, 2.01141], [-48.76383, 2.02253], [-48.88577, 2.12745], [-48.92301, 2.15743], [-48.9387, 2.17239], [-48.95428, 2.18454], [-48.97692, 2.20436], [-49.07626, 2.28677], [-49.12415, 2.32854], [-49.14484, 2.34425], [-49.16969, 2.36689], [-49.18548, 2.37854]]}}, {"type": "Feature", "properties": {"ssGmStId": 219, "ssGmStNm": "0034-0363 ANP", "cmpnntGmId": 5.0, "ss2dUqLnId": "0034-0363 ANP", "district": "LANDMARK", "project": "NEOGENO_FOZAMAZONAS", "subprj": "ALL_DATA", "owtype": "Seis2DLine", "Shape_Leng": 0.0, "OBJECTID": 178.0, "Interpret": "Nao iniciada"}, "geometry": {"type": "LineString", "coordinates": [[-48.74181, 2.84453], [-48.73871, 2.84193], [-48.7398, 2.84284], [-48.73776, 2.84111], [-48.42221, 2.57433], [-48.40788, 2.56147], [-48.018, 2.23101]]}}, {"type": "Feature", "properties": {"ssGmStId": 220, "ssGmStNm": "0034-0363 TOTAL", "cmpnntGmId": 5.0, "ss2dUqLnId": "0034-0363 TOTAL", "district": "LANDMARK", "project": "NEOGENO_FOZAMAZONAS", "subprj": "ALL_DATA", "owtype": "Seis2DLine", "Shape_Leng": 0.0, "OBJECTID": 179.0, "Interpret": "Nao iniciada"}, "geometry": {"type": "LineString", "coordinates": [[-48.73218, 2.83637], [-48.52419, 2.65952], [-48.42481, 2.57607], [-48.41989, 2.57259], [-48.41071, 2.56407], [-48.22668, 2.40721], [-48.18256, 2.37071], [-48.17212, 2.36104], [-48.018, 2.23093]]}}, {"type": "Feature", "properties": {"ssGmStId": 221, "ssGmStNm": "0034-0365 ANP", "cmpnntGmId": 5.0, "ss2dUqLnId": "0034-0365 ANP", "district": "LANDMARK", "project": "NEOGENO_FOZAMAZONAS", "subprj": "ALL_DATA", "owtype": "Seis2DLine", "Shape_Leng": 0.0, "OBJECTID": 180.0, "Interpret": "Nao iniciada"}, "geometry": {"type": "LineString", "coordinates": [[-48.78396, 2.35018], [-48.78096, 2.35288], [-48.78193, 2.35199], [-48.78026, 2.35345], [-48.72697, 2.39923], [-48.7072, 2.41767], [-48.56359, 2.5428], [-48.53342, 2.57058], [-48.52165, 2.57968], [-48.50941, 2.59172], [-48.49281, 2.60466], [-48.43641, 2.65611], [-48.40865, 2.67897], [-48.38272, 2.70363], [-48.36847, 2.71461], [-48.34818, 2.73382], [-48.32833, 2.75032], [-48.31111, 2.76693], [-48.28659, 2.78654], [-48.25366, 2.81761], [-48.22056, 2.84434], [-48.20815, 2.85696], [-48.09852, 2.95199]]}}, {"type": "Feature", "properties": {"ssGmStId": 222, "ssGmStNm": "0034-0366 ANP", "cmpnntGmId": 5.0, "ss2dUqLnId": "0034-0366 ANP", "district": "LANDMARK", "project": "NEOGENO_FOZAMAZONAS", "subprj": "ALL_DATA", "owtype": "Seis2DLine", "Shape_Leng": 0.0, "OBJECTID": 181.0, "Interpret": "Em interpretacao"}, "geometry": {"type": "LineString", "coordinates": [[-49.12499, 2.64872], [-49.12417, 2.64953], [-49.12272, 2.65081], [-49.12161, 2.65178], [-49.12111, 2.65229], [-49.1206, 2.65278], [-49.1201, 2.65329], [-49.11959, 2.6538], [-49.11909, 2.6543], [-49.11858, 2.6548], [-49.11807, 2.65531], [-49.11651, 2.65665], [-49.11431, 2.65858], [-49.11183, 2.66086], [-49.106, 2.66606], [-49.10298, 2.66856], [-49.0869, 2.68312], [-49.08504, 2.68494], [-49.08287, 2.68711], [-49.08156, 2.68839], [-49.08106, 2.68884], [-49.07994, 2.69003], [-49.0772, 2.69209], [-49.07636, 2.69281], [-49.07597, 2.69317], [-49.07575, 2.69338], [-49.07553, 2.69359], [-49.06944, 2.69888], [-49.06807, 2.70003], [-49.06541, 2.70249], [-49.06006, 2.70744], [-49.05889, 2.70843], [-49.04326, 2.72261], [-49.03995, 2.72553], [-49.03635, 2.72876], [-49.02747, 2.7369], [-49.01806, 2.74543], [-49.01533, 2.74788], [-49.01449, 2.74856], [-49.01364, 2.74923], [-49.00884, 2.75375], [-49.0019, 2.76008], [-48.99857, 2.76312], [-48.99584, 2.76544], [-48.98343, 2.7762], [-48.98123, 2.77807], [-48.98005, 2.77904], [-48.97323, 2.78515], [-48.96734, 2.79065], [-48.96538, 2.79257], [-48.96346, 2.79458], [-48.9574, 2.79973], [-48.95123, 2.80506], [-48.94777, 2.80852], [-48.94496, 2.81103], [-48.94312, 2.81281], [-48.94015, 2.8155], [-48.93163, 2.82357], [-48.92963, 2.82542], [-48.92696, 2.82782], [-48.91738, 2.8359], [-48.91417, 2.83878], [-48.91001, 2.84244], [-48.90251, 2.8488], [-48.90119, 2.85008], [-48.88875, 2.86131], [-48.88102, 2.86798], [-48.87637, 2.87253], [-48.87485, 2.87378], [-48.8733, 2.87511], [-48.87162, 2.87642], [-48.86624, 2.88167], [-48.8647, 2.88327], [-48.8635, 2.88442], [-48.85593, 2.89143], [-48.85454, 2.89276], [-48.84225, 2.90315], [-48.83417, 2.91033], [-48.83135, 2.91243], [-48.81674, 2.92598], [-48.80671, 2.93576], [-48.80272, 2.93931], [-48.80061, 2.94128], [-48.79971, 2.94209], [-48.79914, 2.94258], [-48.79856, 2.94307], [-48.79759, 2.94395], [-48.79656, 2.94489], [-48.79508, 2.94611], [-48.79313, 2.94762], [-48.79173, 2.94884], [-48.79056, 2.94985], [-48.7894, 2.95087], [-48.78823, 2.95189], [-48.78706, 2.95291], [-48.78621, 2.95366], [-48.78537, 2.95439], [-48.78454, 2.95511], [-48.78358, 2.95594], [-48.78257, 2.95681], [-48.78157, 2.95768], [-48.78081, 2.95833], [-48.77281, 2.96551], [-48.76612, 2.97188], [-48.76343, 2.97485], [-48.76019, 2.97753], [-48.75414, 2.98347], [-48.74549, 2.98944], [-48.74429, 2.99095], [-48.7424, 2.99265], [-48.7405, 2.99435], [-48.73458, 3.00001], [-48.7281, 3.00582], [-48.72644, 3.00733], [-48.7238, 3.00994], [-48.72162, 3.01177], [-48.72018, 3.01313], [-48.71906, 3.01424], [-48.71795, 3.01535], [-48.70307, 3.02836], [-48.69901, 3.03252], [-48.69815, 3.033], [-48.68922, 3.04012], [-48.68677, 3.04285], [-48.68595, 3.04365], [-48.68543, 3.04421], [-48.68275, 3.04662], [-48.67906, 3.0509], [-48.66645, 3.06064], [-48.66522, 3.0621], [-48.66399, 3.06287], [-48.66173, 3.06522], [-48.65345, 3.07352], [-48.65133, 3.07513], [-48.64777, 3.07811], [-48.64378, 3.0814], [-48.6414, 3.08364], [-48.63988, 3.08527], [-48.63845, 3.08627], [-48.63314, 3.0915], [-48.63211, 3.09261], [-48.62461, 3.09936], [-48.6229, 3.10065], [-48.61651, 3.10652], [-48.60483, 3.11619]]}}, {"type": "Feature", "properties": {"ssGmStId": 223, "ssGmStNm": "0034-0371 ANP", "cmpnntGmId": 5.0, "ss2dUqLnId": "0034-0371 ANP", "district": "LANDMARK", "project": "NEOGENO_FOZAMAZONAS", "subprj": "ALL_DATA", "owtype": "Seis2DLine", "Shape_Leng": 0.0, "OBJECTID": 182.0, "Interpret": "Nao iniciada"}, "geometry": {"type": "LineString", "coordinates": [[-49.70903, 3.09958], [-49.67119, 3.1304], [-49.64416, 3.15621], [-49.62137, 3.17475], [-49.40317, 3.36494], [-49.36962, 3.39567], [-49.3398, 3.41988], [-49.29905, 3.4568], [-49.16659, 3.57111]]}}, {"type": "Feature", "properties": {"ssGmStId": 224, "ssGmStNm": "0034-0374 ANP", "cmpnntGmId": 5.0, "ss2dUqLnId": "0034-0374 ANP", "district": "LANDMARK", "project": "NEOGENO_FOZAMAZONAS", "subprj": "ALL_DATA", "owtype": "Seis2DLine", "Shape_Leng": 0.0, "OBJECTID": 183.0, "Interpret": "Nao iniciada"}, "geometry": {"type": "LineString", "coordinates": [[-49.83736, 4.36924], [-49.8724, 4.33839], [-49.88765, 4.32293], [-49.9059, 4.3092], [-50.09041, 4.14684], [-50.12619, 4.11701], [-50.22387, 4.03086], [-50.23312, 4.02119], [-50.2604, 4.00231], [-50.27172, 3.99296], [-50.30576, 3.9591], [-50.32678, 3.93989], [-50.33162, 3.93752], [-50.34246, 3.92874], [-50.36658, 3.90483], [-50.41914, 3.85967], [-50.43333, 3.84516], [-50.46166, 3.82348], [-50.47265, 3.81161], [-50.80505, 3.51951]]}}, {"type": "Feature", "properties": {"ssGmStId": 225, "ssGmStNm": "0034-0374", "cmpnntGmId": 5.0, "ss2dUqLnId": "0034-0374", "district": "LANDMARK", "project": "NEOGENO_FOZAMAZONAS", "subprj": "ALL_DATA", "owtype": "Seis2DLine", "Shape_Leng": 0.0, "OBJECTID": 184.0, "Interpret": "Nao iniciada"}, "geometry": {"type": "LineString", "coordinates": [[-49.8378, 4.36854], [-49.87379, 4.33715], [-49.88807, 4.32273], [-49.90611, 4.30905], [-49.94824, 4.27103], [-50.12658, 4.11671], [-50.22418, 4.03064], [-50.23301, 4.02137], [-50.26045, 4.00235], [-50.27321, 3.99171], [-50.32699, 3.93976], [-50.33157, 3.93758], [-50.34209, 3.92914], [-50.36664, 3.90489], [-50.41952, 3.85936], [-50.43297, 3.84561], [-50.46164, 3.8236], [-50.4727, 3.81163], [-50.80413, 3.52041]]}}, {"type": "Feature", "properties": {"ssGmStId": 226, "ssGmStNm": "0034-0376 ANP", "cmpnntGmId": 5.0, "ss2dUqLnId": "0034-0376 ANP", "district": "LANDMARK", "project": "NEOGENO_FOZAMAZONAS", "subprj": "ALL_DATA", "owtype": "Seis2DLine", "Shape_Leng": 0.0, "OBJECTID": 185.0, "Interpret": "Em interpretacao"}, "geometry": {"type": "LineString", "coordinates": [[-48.61955, 2.82736], [-48.82677, 3.00503], [-48.83999, 3.02006], [-48.85848, 3.03604], [-48.95611, 3.11518], [-49.26647, 3.37876], [-49.30614, 3.41363]]}}, {"type": "Feature", "properties": {"ssGmStId": 227, "ssGmStNm": "0038-0320 ANP", "cmpnntGmId": 5.0, "ss2dUqLnId": "0038-0320 ANP", "district": "LANDMARK", "project": "NEOGENO_FOZAMAZONAS", "subprj": "ALL_DATA", "owtype": "Seis2DLine", "Shape_Leng": 0.0, "OBJECTID": 186.0, "Interpret": "Nao iniciada"}, "geometry": {"type": "LineString", "coordinates": [[-49.69504, 3.95162], [-49.60087, 3.87268], [-49.5474, 3.82637], [-49.37349, 3.67981], [-49.35508, 3.66061], [-49.33226, 3.64384], [-49.2969, 3.61309], [-49.28763, 3.60637], [-49.21714, 3.54743], [-49.15255, 3.49176], [-49.1232, 3.46815], [-49.11676, 3.46167], [-49.0446, 3.40021], [-49.03381, 3.39219], [-48.99295, 3.3571], [-48.98453, 3.34863], [-48.97164, 3.33901], [-48.95458, 3.32352], [-48.91629, 3.29203], [-48.88696, 3.26564], [-48.86337, 3.24705], [-48.84738, 3.23254], [-48.7715, 3.1698], [-48.75288, 3.15237], [-48.73848, 3.14186], [-48.70126, 3.10902], [-48.65981, 3.07508], [-48.65115, 3.06627], [-48.62362, 3.04405], [-48.61672, 3.03663], [-48.56942, 2.99874], [-48.53951, 2.97166], [-48.51627, 2.9543], [-48.49674, 2.93733], [-48.48412, 2.92456], [-48.45862, 2.90609], [-48.43816, 2.88642], [-48.42399, 2.87613], [-48.41161, 2.86409], [-48.39851, 2.85458], [-48.35991, 2.82211], [-48.35434, 2.81617], [-48.23515, 2.71711], [-48.21383, 2.6983], [-47.69124, 2.24982]]}}, {"type": "Feature", "properties": {"ssGmStId": 228, "ssGmStNm": "0038-0334 ANP", "cmpnntGmId": 5.0, "ss2dUqLnId": "0038-0334 ANP", "district": "LANDMARK", "project": "NEOGENO_FOZAMAZONAS", "subprj": "ALL_DATA", "owtype": "Seis2DLine", "Shape_Leng": 0.0, "OBJECTID": 187.0, "Interpret": "Em interpretacao"}, "geometry": {"type": "LineString", "coordinates": [[-49.51368, 2.61654], [-49.30637, 2.79656], [-49.20108, 2.89098], [-49.00403, 3.06279], [-48.96731, 3.09724], [-48.8973, 3.15637], [-48.8792, 3.1736], [-48.80947, 3.2332], [-48.7955, 3.24696], [-48.7721, 3.26654], [-48.76596, 3.27353], [-48.7563, 3.27993], [-48.73582, 3.29838]]}}, {"type": "Feature", "properties": {"ssGmStId": 229, "ssGmStNm": "0038-0337 ANP", "cmpnntGmId": 5.0, "ss2dUqLnId": "0038-0337 ANP", "district": "LANDMARK", "project": "NEOGENO_FOZAMAZONAS", "subprj": "ALL_DATA", "owtype": "Seis2DLine", "Shape_Leng": 0.0, "OBJECTID": 188.0, "Interpret": "Nao iniciada"}, "geometry": {"type": "LineString", "coordinates": [[-49.57509, 3.75293], [-49.44711, 3.64392], [-49.37275, 3.57904], [-49.37064, 3.57843], [-49.3611, 3.56901], [-49.31708, 3.53343], [-49.29152, 3.50974], [-49.28588, 3.50254], [-49.266, 3.48961], [-49.22811, 3.45551], [-49.20971, 3.44199], [-49.19927, 3.43133], [-49.18544, 3.42055], [-48.80845, 3.09842], [-48.79653, 3.0862], [-48.78598, 3.08027], [-48.76893, 3.06358], [-48.76316, 3.06007], [-48.74125, 3.04125], [-48.73675, 3.03925], [-48.72, 3.02153], [-48.69914, 3.00837], [-48.68236, 2.9881], [-48.67811, 2.98667], [-48.67307, 2.98179], [-48.66787, 2.97914], [-48.65117, 2.96274], [-48.64874, 2.96233], [-48.63324, 2.94778], [-48.61342, 2.93339], [-48.59797, 2.91728], [-48.58105, 2.90466], [-48.56304, 2.8885], [-48.55748, 2.8855], [-48.54103, 2.86984], [-48.52307, 2.85777], [-48.50931, 2.84328], [-48.49542, 2.83349], [-48.47215, 2.81195], [-48.45216, 2.79655], [-48.43822, 2.78278], [-48.33192, 2.69425], [-48.32544, 2.68601], [-48.30255, 2.66997], [-48.24319, 2.61956], [-48.24153, 2.61804], [-48.23988, 2.61652], [-48.2382, 2.61504], [-48.23649, 2.6136], [-48.23478, 2.61216], [-48.23307, 2.6107], [-48.23137, 2.60924], [-48.22967, 2.60776], [-48.22798, 2.60626], [-48.22629, 2.60476], [-48.22459, 2.60327], [-48.22289, 2.60178], [-48.2212, 2.60028], [-48.2195, 2.59879], [-48.2178, 2.5973], [-48.21612, 2.59577], [-48.17831, 2.56309], [-48.17551, 2.56074], [-48.17274, 2.55839], [-48.17007, 2.55596], [-48.16744, 2.55351], [-48.16514, 2.55141], [-48.16313, 2.54979], [-48.16071, 2.54788], [-48.15794, 2.54541], [-48.15516, 2.54296], [-48.15273, 2.54086], [-48.15028, 2.53878], [-48.14782, 2.53671], [-48.14541, 2.53461], [-48.14335, 2.5329], [-48.14129, 2.53119], [-48.13922, 2.52948], [-48.13717, 2.52777], [-48.13512, 2.52611], [-48.13306, 2.5245], [-48.13103, 2.52269], [-48.12901, 2.52088], [-48.12698, 2.51908], [-48.12496, 2.51727], [-48.12293, 2.51546], [-48.12124, 2.51396], [-48.11955, 2.51245], [-48.11787, 2.51094], [-48.11619, 2.50942], [-48.11452, 2.5079], [-48.11284, 2.50638], [-48.11112, 2.50495], [-48.10941, 2.50352], [-48.06601, 2.46604], [-47.97088, 2.38404]]}}, {"type": "Feature", "properties": {"ssGmStId": 230, "ssGmStNm": "0038-0337 TOTAL", "cmpnntGmId": 5.0, "ss2dUqLnId": "0038-0337 TOTAL", "district": "LANDMARK", "project": "NEOGENO_FOZAMAZONAS", "subprj": "ALL_DATA", "owtype": "Seis2DLine", "Shape_Leng": 0.0, "OBJECTID": 189.0, "Interpret": "Nao iniciada"}, "geometry": {"type": "LineString", "coordinates": [[-49.57429, 3.75316], [-49.18612, 3.42102], [-48.79282, 3.08627], [-48.68578, 2.9928], [-48.61307, 2.93338], [-48.51259, 2.84697], [-48.23851, 2.61586], [-48.0589, 2.46076], [-47.97112, 2.38534]]}}, {"type": "Feature", "properties": {"ssGmStId": 231, "ssGmStNm": "0038-0337", "cmpnntGmId": 5.0, "ss2dUqLnId": "0038-0337", "district": "LANDMARK", "project": "NEOGENO_FOZAMAZONAS", "subprj": "ALL_DATA", "owtype": "Seis2DLine", "Shape_Leng": 0.0, "OBJECTID": 190.0, "Interpret": "Nao iniciada"}, "geometry": {"type": "LineString", "coordinates": [[-48.69909, 3.00417], [-48.68813, 2.99504], [-48.68236, 2.98825], [-48.6785, 2.98693], [-48.6731, 2.98179], [-48.66861, 2.97965], [-48.65122, 2.96276], [-48.64953, 2.9627], [-48.63328, 2.94779], [-48.61344, 2.93342], [-48.59767, 2.91698], [-48.58075, 2.9044], [-48.5629, 2.88836], [-48.55717, 2.8852], [-48.54105, 2.86984], [-48.52245, 2.85711], [-48.50936, 2.84328], [-48.49514, 2.83312], [-48.47219, 2.81195], [-48.45252, 2.79684], [-48.43789, 2.78251], [-48.33161, 2.69396], [-48.32494, 2.6856], [-48.30258, 2.66998], [-48.24511, 2.62119], [-47.97177, 2.38476]]}}, {"type": "Feature", "properties": {"ssGmStId": 232, "ssGmStNm": "0038-0341", "cmpnntGmId": 5.0, "ss2dUqLnId": "0038-0341", "district": "LANDMARK", "project": "NEOGENO_FOZAMAZONAS", "subprj": "ALL_DATA", "owtype": "Seis2DLine", "Shape_Leng": 0.0, "OBJECTID": 191.0, "Interpret": "Nao iniciada"}, "geometry": {"type": "LineString", "coordinates": [[-48.43005, 3.1738], [-48.43881, 3.18124], [-48.4493, 3.19102], [-48.46776, 3.20725], [-48.48745, 3.21978], [-48.4973, 3.2277], [-48.52913, 3.26037], [-48.54396, 3.27146], [-48.56156, 3.28197], [-48.56847, 3.28754], [-48.60138, 3.32005], [-48.63585, 3.34416], [-48.70275, 3.40503], [-48.72583, 3.42407], [-48.76816, 3.45523], [-48.80247, 3.48944], [-48.8308, 3.51135], [-48.85405, 3.53316], [-48.89127, 3.563], [-49.30316, 3.91319], [-49.32564, 3.93053], [-49.34493, 3.94656]]}}, {"type": "Feature", "properties": {"ssGmStId": 233, "ssGmStNm": "0038-0352", "cmpnntGmId": 5.0, "ss2dUqLnId": "0038-0352", "district": "LANDMARK", "project": "NEOGENO_FOZAMAZONAS", "subprj": "ALL_DATA", "owtype": "Seis2DLine", "Shape_Leng": 0.0, "OBJECTID": 192.0, "Interpret": "Nao iniciada"}, "geometry": {"type": "LineString", "coordinates": [[-48.94112, 3.37995], [-48.74146, 3.55425], [-47.94315, 4.29163]]}}, {"type": "Feature", "properties": {"ssGmStId": 234, "ssGmStNm": "0038-0378 ANP", "cmpnntGmId": 5.0, "ss2dUqLnId": "0038-0378 ANP", "district": "LANDMARK", "project": "NEOGENO_FOZAMAZONAS", "subprj": "ALL_DATA", "owtype": "Seis2DLine", "Shape_Leng": 0.0, "OBJECTID": 193.0, "Interpret": "Em interpretacao"}, "geometry": {"type": "LineString", "coordinates": [[-49.50088, 2.85924], [-49.30387, 2.69273], [-49.23131, 2.63303], [-49.22041, 2.62345], [-49.21869, 2.62013], [-49.15874, 2.57141], [-49.14319, 2.55656], [-49.08652, 2.5111], [-49.04853, 2.47617], [-49.04359, 2.47275], [-49.02119, 2.45532], [-49.00539, 2.43821], [-48.88939, 2.34157], [-48.74651, 2.22083], [-48.70998, 2.1886], [-48.67053, 2.1569], [-48.63834, 2.12921], [-48.63501, 2.12638], [-48.55018, 2.05298]]}}, {"type": "Feature", "properties": {"ssGmStId": 235, "ssGmStNm": "0038-0382 ANP", "cmpnntGmId": 5.0, "ss2dUqLnId": "0038-0382 ANP", "district": "LANDMARK", "project": "NEOGENO_FOZAMAZONAS", "subprj": "ALL_DATA", "owtype": "Seis2DLine", "Shape_Leng": 0.0, "OBJECTID": 194.0, "Interpret": "Em interpretacao"}, "geometry": {"type": "LineString", "coordinates": [[-49.38242, 2.52334], [-49.3698, 2.53641], [-49.3442, 2.55937], [-49.33019, 2.57009], [-49.25527, 2.63563], [-49.23948, 2.65098], [-49.18485, 2.69751], [-49.16564, 2.7157], [-49.01167, 2.85026]]}}, {"type": "Feature", "properties": {"ssGmStId": 236, "ssGmStNm": "0038-0384 ANP", "cmpnntGmId": 5.0, "ss2dUqLnId": "0038-0384 ANP", "district": "LANDMARK", "project": "NEOGENO_FOZAMAZONAS", "subprj": "ALL_DATA", "owtype": "Seis2DLine", "Shape_Leng": 0.0, "OBJECTID": 195.0, "Interpret": "Nao iniciada"}, "geometry": {"type": "LineString", "coordinates": [[-48.52945, 2.70812], [-48.45141, 2.78171], [-48.37493, 2.85094], [-48.35652, 2.86963], [-48.34088, 2.88251], [-48.29868, 2.92208], [-48.26381, 2.95267], [-48.25929, 2.95842], [-48.24441, 2.97106], [-48.24036, 2.97683], [-48.23787, 2.97734], [-48.17121, 3.04072], [-48.10837, 3.09668], [-48.10484, 3.10139], [-48.09905, 3.10511], [-48.08266, 3.12187], [-48.06338, 3.13724], [-48.04274, 3.15916], [-48.04036, 3.16006], [-48.02163, 3.17888], [-48.01985, 3.17903], [-48.00428, 3.1923], [-47.9728, 3.22455], [-47.94599, 3.24719], [-47.94407, 3.25025], [-47.94158, 3.25092], [-47.92893, 3.26345], [-47.9264, 3.26403], [-47.84545, 3.34133], [-47.79089, 3.38885], [-47.7788, 3.4025], [-47.76544, 3.41348], [-47.75272, 3.42679], [-47.71917, 3.4554], [-47.71297, 3.46544], [-47.70532, 3.46839], [-47.6937, 3.47899], [-47.67439, 3.50048], [-47.66134, 3.51009], [-47.64264, 3.52787], [-47.61481, 3.55056], [-47.58494, 3.57887], [-47.58074, 3.586], [-47.54365, 3.62092], [-47.05714, 4.07199]]}}, {"type": "Feature", "properties": {"ssGmStId": 237, "ssGmStNm": "0038-0384", "cmpnntGmId": 5.0, "ss2dUqLnId": "0038-0384", "district": "LANDMARK", "project": "NEOGENO_FOZAMAZONAS", "subprj": "ALL_DATA", "owtype": "Seis2DLine", "Shape_Leng": 0.0, "OBJECTID": 196.0, "Interpret": "Nao iniciada"}, "geometry": {"type": "LineString", "coordinates": [[-48.50864, 2.72789], [-48.27177, 2.9457], [-48.19509, 3.01804], [-48.10528, 3.09946], [-48.03795, 3.16338], [-47.90438, 3.28517], [-47.74181, 3.43615], [-47.71014, 3.46776], [-47.60885, 3.55724]]}}, {"type": "Feature", "properties": {"ssGmStId": 238, "ssGmStNm": "0038-0704 ANP", "cmpnntGmId": 5.0, "ss2dUqLnId": "0038-0704 ANP", "district": "LANDMARK", "project": "NEOGENO_FOZAMAZONAS", "subprj": "ALL_DATA", "owtype": "Seis2DLine", "Shape_Leng": 0.0, "OBJECTID": 197.0, "Interpret": "Nao iniciada"}, "geometry": {"type": "LineString", "coordinates": [[-49.97208, 3.65227], [-50.01112, 3.68364], [-50.09712, 3.75685], [-50.22602, 3.86535], [-50.2657, 3.89778], [-50.29365, 3.92227], [-50.30178, 3.92911], [-50.32081, 3.94722], [-50.34754, 3.96742], [-50.37022, 3.9858], [-50.52378, 4.11521], [-50.57549, 4.1594], [-50.66212, 4.23008], [-50.69452, 4.25847], [-50.75646, 4.31077], [-50.80161, 4.34697], [-50.94011, 4.46418]]}}, {"type": "Feature", "properties": {"ssGmStId": 239, "ssGmStNm": "0038-0743 ANP", "cmpnntGmId": 5.0, "ss2dUqLnId": "0038-0743 ANP", "district": "LANDMARK", "project": "NEOGENO_FOZAMAZONAS", "subprj": "ALL_DATA", "owtype": "Seis2DLine", "Shape_Leng": 0.0, "OBJECTID": 198.0, "Interpret": "Nao iniciada"}, "geometry": {"type": "LineString", "coordinates": [[-49.35912, 3.58374], [-49.38085, 3.56227], [-49.44415, 3.50885], [-49.47957, 3.47515], [-49.48411, 3.47265], [-49.48541, 3.47018], [-49.51296, 3.44618], [-49.53797, 3.42623], [-49.55246, 3.41092], [-49.57281, 3.39308], [-49.58319, 3.38617], [-49.59923, 3.37257]]}}, {"type": "Feature", "properties": {"ssGmStId": 240, "ssGmStNm": "0038-0758 ANP", "cmpnntGmId": 5.0, "ss2dUqLnId": "0038-0758 ANP", "district": "LANDMARK", "project": "NEOGENO_FOZAMAZONAS", "subprj": "ALL_DATA", "owtype": "Seis2DLine", "Shape_Leng": 0.0, "OBJECTID": 199.0, "Interpret": "Nao iniciada"}, "geometry": {"type": "LineString", "coordinates": [[-46.92689, 2.1223], [-46.98916, 2.17721], [-47.01785, 2.19939], [-47.03758, 2.21665], [-47.05951, 2.23787], [-47.13618, 2.30092], [-47.18246, 2.34253], [-47.21113, 2.36463], [-47.39954, 2.52755], [-47.61407, 2.70997], [-47.67415, 2.75949], [-47.70104, 2.78444], [-48.02726, 3.06165], [-48.47121, 3.44159], [-48.52457, 3.48433], [-48.56756, 3.5227], [-48.58389, 3.53572], [-48.65618, 3.59781], [-48.71451, 3.64801], [-49.26313, 4.1134], [-49.4191, 4.24738], [-49.58299, 4.38567]]}}, {"type": "Feature", "properties": {"ssGmStId": 241, "ssGmStNm": "0038-0759 ANP", "cmpnntGmId": 5.0, "ss2dUqLnId": "0038-0759 ANP", "district": "LANDMARK", "project": "NEOGENO_FOZAMAZONAS", "subprj": "ALL_DATA", "owtype": "Seis2DLine", "Shape_Leng": 0.0, "OBJECTID": 200.0, "Interpret": "Nao iniciada"}, "geometry": {"type": "LineString", "coordinates": [[-49.68353, 4.20837], [-48.92141, 4.86427]]}}, {"type": "Feature", "properties": {"ssGmStId": 242, "ssGmStNm": "0038-0768 ANP", "cmpnntGmId": 5.0, "ss2dUqLnId": "0038-0768 ANP", "district": "LANDMARK", "project": "NEOGENO_FOZAMAZONAS", "subprj": "ALL_DATA", "owtype": "Seis2DLine", "Shape_Leng": 0.0, "OBJECTID": 201.0, "Interpret": "Nao iniciada"}, "geometry": {"type": "LineString", "coordinates": [[-48.24939, 3.59569], [-47.41316, 4.36834]]}}, {"type": "Feature", "properties": {"ssGmStId": 243, "ssGmStNm": "0038-0770 ANP", "cmpnntGmId": 5.0, "ss2dUqLnId": "0038-0770 ANP", "district": "LANDMARK", "project": "NEOGENO_FOZAMAZONAS", "subprj": "ALL_DATA", "owtype": "Seis2DLine", "Shape_Leng": 0.0, "OBJECTID": 202.0, "Interpret": "Nao iniciada"}, "geometry": {"type": "LineString", "coordinates": [[-47.57959, 3.61948], [-46.69993, 2.86589]]}}, {"type": "Feature", "properties": {"ssGmStId": 244, "ssGmStNm": "0044-0009 ANP", "cmpnntGmId": 5.0, "ss2dUqLnId": "0044-0009 ANP", "district": "LANDMARK", "project": "NEOGENO_FOZAMAZONAS", "subprj": "ALL_DATA", "owtype": "Seis2DLine", "Shape_Leng": 0.0, "OBJECTID": 203.0, "Interpret": "Nao iniciada"}, "geometry": {"type": "LineString", "coordinates": [[-49.85569, 4.47104], [-49.86605, 4.46199], [-49.87624, 4.45308], [-49.88603, 4.4444], [-49.8956, 4.43618], [-49.90487, 4.42795], [-49.91406, 4.41996], [-49.92305, 4.41209], [-49.93171, 4.40453], [-49.94045, 4.39702], [-49.94898, 4.38964], [-49.95713, 4.38252], [-49.96511, 4.37554], [-49.97288, 4.36866], [-49.98027, 4.36203], [-49.9877, 4.35545], [-49.99501, 4.34906], [-50.00218, 4.34285], [-50.00911, 4.33673], [-50.01568, 4.33087], [-50.02227, 4.32505], [-50.02872, 4.3194], [-50.03501, 4.3139], [-50.04113, 4.30855], [-50.04706, 4.30335], [-50.05279, 4.29825], [-50.05853, 4.29314], [-50.06395, 4.28838], [-50.0694, 4.28364], [-50.07474, 4.27913], [-50.07868, 4.27651], [-50.08383, 4.27211], [-50.08894, 4.26764], [-50.09387, 4.26332], [-50.09876, 4.25893], [-50.10336, 4.2549], [-50.10794, 4.25086], [-50.11234, 4.24694], [-50.11673, 4.24303], [-50.12096, 4.23927], [-50.12505, 4.2357], [-50.12913, 4.23212], [-50.13304, 4.22868], [-50.13676, 4.22539], [-50.14046, 4.22206], [-50.14396, 4.21885], [-50.14755, 4.21575], [-50.151, 4.21282], [-50.15441, 4.20984], [-50.15758, 4.20694], [-50.16075, 4.20402], [-50.16376, 4.20127], [-50.16679, 4.19856], [-50.16984, 4.19584], [-50.17271, 4.19328], [-50.1756, 4.19074], [-50.17834, 4.18838], [-50.18103, 4.18598], [-50.18373, 4.18356], [-50.18626, 4.1813], [-50.18879, 4.17904], [-50.19115, 4.17693], [-50.19354, 4.17485], [-50.19594, 4.17279], [-50.19817, 4.17087], [-50.20036, 4.16889], [-50.20253, 4.16692], [-50.20454, 4.1651], [-50.20659, 4.1633], [-50.20866, 4.16153], [-50.21057, 4.15994], [-50.21248, 4.15835], [-50.2144, 4.15677], [-50.21632, 4.15519], [-50.21807, 4.15377], [-50.21979, 4.15228], [-50.22149, 4.15078], [-50.22319, 4.14928], [-50.22473, 4.14794], [-50.22621, 4.14655], [-50.22772, 4.14519], [-50.22924, 4.14383], [-50.2308, 4.14251], [-50.23216, 4.14131], [-50.23351, 4.14011], [-50.23487, 4.13891], [-50.23623, 4.13771], [-50.23759, 4.1365], [-50.23878, 4.13546], [-50.23996, 4.13441], [-50.24116, 4.13337], [-50.24234, 4.13233], [-50.24354, 4.13128], [-50.24456, 4.13039], [-50.24558, 4.12949], [-50.2466, 4.1286], [-50.24762, 4.1277], [-50.24864, 4.12681], [-50.24965, 4.12591], [-50.25068, 4.12501], [-50.25152, 4.12426], [-50.25237, 4.12351], [-50.2532, 4.12275], [-50.25405, 4.12199], [-50.27595, 4.10245], [-50.27755, 4.10104], [-50.27916, 4.09963], [-50.28075, 4.09821], [-50.28241, 4.09677], [-50.28428, 4.09514], [-50.2857, 4.09397], [-50.28711, 4.09281], [-50.28867, 4.09145], [-50.28947, 4.09075], [-50.28989, 4.09039], [-50.29132, 4.08928], [-50.2917, 4.08899], [-50.29324, 4.08766], [-50.29471, 4.0864], [-50.2962, 4.08512], [-50.29682, 4.08476], [-50.29736, 4.08444], [-50.2979, 4.08408], [-50.29833, 4.08374], [-50.29858, 4.08346], [-50.29883, 4.08317], [-50.29908, 4.08288], [-50.29928, 4.08265], [-50.29948, 4.08242], [-50.30181, 4.0805], [-50.30327, 4.07932], [-50.30472, 4.07815], [-50.30618, 4.07699], [-50.30763, 4.07582], [-50.30882, 4.07469], [-50.31221, 4.07183], [-50.31989, 4.06413], [-50.32206, 4.06231], [-50.32299, 4.06158], [-50.32523, 4.05942], [-50.3263, 4.05834], [-50.32738, 4.05728], [-50.32838, 4.05629], [-50.32932, 4.05537], [-50.33024, 4.05446], [-50.33277, 4.05226], [-50.33439, 4.05059], [-50.33738, 4.04797], [-50.33961, 4.04536], [-50.34215, 4.0435], [-50.34515, 4.04255], [-50.34543, 4.04225], [-50.34923, 4.03615], [-50.35307, 4.03533], [-50.35422, 4.0342], [-50.35598, 4.0325], [-50.35726, 4.03136], [-50.3579, 4.03086], [-50.35841, 4.03048], [-50.35893, 4.03008], [-50.35964, 4.02944], [-50.36061, 4.02842], [-50.36157, 4.02739], [-50.36253, 4.02635], [-50.36332, 4.02548], [-50.36412, 4.02461], [-50.366, 4.02311], [-50.36754, 4.02185], [-50.36804, 4.02139], [-50.36855, 4.02093], [-50.36909, 4.02044], [-50.36978, 4.01984], [-50.37045, 4.01925], [-50.37298, 4.01694], [-50.37411, 4.01604], [-50.37524, 4.01515], [-50.37789, 4.01317], [-50.38058, 4.0107], [-50.38196, 4.00958], [-50.38335, 4.00846], [-50.38425, 4.00748], [-50.38516, 4.00651], [-50.38606, 4.00553], [-50.38851, 4.00339], [-50.38997, 4.00204], [-50.39035, 4.00173], [-50.39393, 3.99883], [-50.39533, 3.99772], [-50.4049, 3.98878], [-50.41471, 3.98048], [-50.41624, 3.97902], [-50.41768, 3.97763], [-50.41914, 3.97623], [-50.42059, 3.97484], [-50.42156, 3.97391], [-50.42251, 3.97304], [-50.42296, 3.97272], [-50.42334, 3.97247], [-50.42373, 3.97221], [-50.42583, 3.97045], [-50.42603, 3.9703], [-50.42786, 3.96905], [-50.42943, 3.96762], [-50.43185, 3.96529], [-50.4352, 3.96274], [-50.43711, 3.96118], [-50.43918, 3.95951], [-50.44088, 3.95822], [-50.44258, 3.95695], [-50.44394, 3.95574], [-50.44425, 3.9554], [-50.44455, 3.95505], [-50.44481, 3.95475], [-50.44508, 3.95444], [-50.44534, 3.95414], [-50.44707, 3.95268], [-50.44814, 3.95179], [-50.44921, 3.9509], [-50.45028, 3.95001], [-50.45137, 3.94891], [-50.45257, 3.94783], [-50.45382, 3.94677], [-50.45532, 3.94552], [-50.45565, 3.94527], [-50.45718, 3.94427], [-50.45915, 3.94256], [-50.46, 3.94142], [-50.46086, 3.94027], [-50.46742, 3.93476]]}}, {"type": "Feature", "properties": {"ssGmStId": 245, "ssGmStNm": "0044-0041 ANP", "cmpnntGmId": 5.0, "ss2dUqLnId": "0044-0041 ANP", "district": "LANDMARK", "project": "NEOGENO_FOZAMAZONAS", "subprj": "ALL_DATA", "owtype": "Seis2DLine", "Shape_Leng": 0.0, "OBJECTID": 204.0, "Interpret": "Nao iniciada"}, "geometry": {"type": "LineString", "coordinates": [[-49.70887, 4.21898], [-49.70732, 4.21766], [-49.70648, 4.21695], [-49.66376, 4.17959], [-49.64278, 4.16563], [-49.62402, 4.14995], [-49.54661, 4.08334], [-49.50233, 4.04717], [-49.29697, 3.87307], [-49.13669, 3.7402], [-49.12686, 3.73184], [-49.11504, 3.7189], [-48.99159, 3.61486], [-48.96701, 3.59175], [-48.8699, 3.50768], [-48.83474, 3.47925], [-48.53686, 3.22458], [-48.5153, 3.20879], [-48.50171, 3.19501], [-48.46873, 3.16627], [-48.10365, 2.85703], [-48.0765, 2.83235], [-47.9221, 2.70034], [-47.75564, 2.55858]]}}, {"type": "Feature", "properties": {"ssGmStId": 246, "ssGmStNm": "0044-0041", "cmpnntGmId": 5.0, "ss2dUqLnId": "0044-0041", "district": "LANDMARK", "project": "NEOGENO_FOZAMAZONAS", "subprj": "ALL_DATA", "owtype": "Seis2DLine", "Shape_Leng": 0.0, "OBJECTID": 205.0, "Interpret": "Nao iniciada"}, "geometry": {"type": "LineString", "coordinates": [[-48.57166, 3.25812], [-48.54108, 3.23186], [-48.51969, 3.21571], [-48.46931, 3.17087], [-48.26514, 2.99826], [-47.95261, 2.73066]]}}, {"type": "Feature", "properties": {"ssGmStId": 247, "ssGmStNm": "0044-0046 ANP", "cmpnntGmId": 5.0, "ss2dUqLnId": "0044-0046 ANP", "district": "LANDMARK", "project": "NEOGENO_FOZAMAZONAS", "subprj": "ALL_DATA", "owtype": "Seis2DLine", "Shape_Leng": 0.0, "OBJECTID": 206.0, "Interpret": "Nao iniciada"}, "geometry": {"type": "LineString", "coordinates": [[-48.68561, 3.42508], [-48.68059, 3.4209], [-48.68412, 3.42384], [-48.68372, 3.42347], [-48.60101, 3.35446], [-48.58702, 3.34038], [-48.39079, 3.1723], [-48.27268, 3.06935], [-48.23084, 3.03527], [-48.0469, 2.87845], [-47.91994, 2.76568], [-47.88378, 2.73661], [-47.72926, 2.60267]]}}, {"type": "Feature", "properties": {"ssGmStId": 248, "ssGmStNm": "0044-0046", "cmpnntGmId": 5.0, "ss2dUqLnId": "0044-0046", "district": "LANDMARK", "project": "NEOGENO_FOZAMAZONAS", "subprj": "ALL_DATA", "owtype": "Seis2DLine", "Shape_Leng": 0.0, "OBJECTID": 207.0, "Interpret": "Nao iniciada"}, "geometry": {"type": "LineString", "coordinates": [[-48.56861, 3.32539], [-48.46034, 3.23244], [-48.27195, 3.06977], [-48.04947, 2.88119], [-47.9204, 2.76687], [-47.89782, 2.74926], [-47.72933, 2.60343]]}}, {"type": "Feature", "properties": {"ssGmStId": 249, "ssGmStNm": "0044-0049 ANP", "cmpnntGmId": 5.0, "ss2dUqLnId": "0044-0049 ANP", "district": "LANDMARK", "project": "NEOGENO_FOZAMAZONAS", "subprj": "ALL_DATA", "owtype": "Seis2DLine", "Shape_Leng": 0.0, "OBJECTID": 208.0, "Interpret": "Nao iniciada"}, "geometry": {"type": "LineString", "coordinates": [[-48.66975, 2.02432], [-48.61744, 2.07206], [-48.41946, 2.24424], [-48.40699, 2.25846], [-48.37643, 2.28509], [-48.35589, 2.30351], [-48.355, 2.30438], [-48.30886, 2.34654], [-48.30626, 2.34699], [-48.28846, 2.36519], [-48.25496, 2.3917], [-48.24972, 2.39768], [-48.22357, 2.41882], [-48.16457, 2.47359]]}}, {"type": "Feature", "properties": {"ssGmStId": 250, "ssGmStNm": "0044-0051", "cmpnntGmId": 5.0, "ss2dUqLnId": "0044-0051", "district": "LANDMARK", "project": "NEOGENO_FOZAMAZONAS", "subprj": "ALL_DATA", "owtype": "Seis2DLine", "Shape_Leng": 0.0, "OBJECTID": 209.0, "Interpret": "Nao iniciada"}, "geometry": {"type": "LineString", "coordinates": [[-48.5205, 2.46382], [-48.48579, 2.43594], [-48.47696, 2.42826], [-48.46938, 2.42158], [-48.4456, 2.39923], [-48.42346, 2.38194], [-48.38497, 2.34762], [-48.37408, 2.33957], [-48.35575, 2.32388], [-48.2948, 2.2713], [-48.27512, 2.25238], [-48.24222, 2.22634], [-48.10249, 2.10691]]}}, {"type": "Feature", "properties": {"ssGmStId": 251, "ssGmStNm": "0044-0060 ANP", "cmpnntGmId": 5.0, "ss2dUqLnId": "0044-0060 ANP", "district": "LANDMARK", "project": "NEOGENO_FOZAMAZONAS", "subprj": "ALL_DATA", "owtype": "Seis2DLine", "Shape_Leng": 0.0, "OBJECTID": 210.0, "Interpret": "Nao iniciada"}, "geometry": {"type": "LineString", "coordinates": [[-49.2907, 4.16688], [-49.29222, 4.16554], [-49.30234, 4.15461], [-49.30472, 4.15369], [-49.32319, 4.13726], [-49.33389, 4.12424], [-49.3505, 4.11124], [-49.38849, 4.07752], [-49.44792, 4.01842], [-49.4875, 3.9857], [-49.5919, 3.89172]]}}, {"type": "Feature", "properties": {"ssGmStId": 252, "ssGmStNm": "0044-0066 ANP", "cmpnntGmId": 5.0, "ss2dUqLnId": "0044-0066 ANP", "district": "LANDMARK", "project": "NEOGENO_FOZAMAZONAS", "subprj": "ALL_DATA", "owtype": "Seis2DLine", "Shape_Leng": 0.0, "OBJECTID": 211.0, "Interpret": "Nao iniciada"}, "geometry": {"type": "LineString", "coordinates": [[-49.04182, 3.11348], [-49.01277, 3.1379], [-48.97734, 3.17052], [-48.97618, 3.17293], [-48.94004, 3.20265], [-48.88927, 3.24752], [-48.87839, 3.25859], [-48.8337, 3.2969], [-48.82459, 3.30644], [-48.77978, 3.34446], [-48.76797, 3.35627], [-48.74309, 3.3762], [-48.71019, 3.40763], [-48.6866, 3.42672], [-48.67455, 3.43846], [-48.56332, 3.53567], [-48.54366, 3.5543]]}}, {"type": "Feature", "properties": {"ssGmStId": 253, "ssGmStNm": "0044-0071 ANP", "cmpnntGmId": 5.0, "ss2dUqLnId": "0044-0071 ANP", "district": "LANDMARK", "project": "NEOGENO_FOZAMAZONAS", "subprj": "ALL_DATA", "owtype": "Seis2DLine", "Shape_Leng": 0.0, "OBJECTID": 212.0, "Interpret": "Nao iniciada"}, "geometry": {"type": "LineString", "coordinates": [[-49.37461, 3.56961], [-49.2368, 3.68899], [-49.195, 3.72709], [-49.1599, 3.75625], [-49.11053, 3.80077], [-49.10354, 3.80502], [-49.10261, 3.80757], [-49.10058, 3.80777], [-49.09894, 3.81089], [-49.08526, 3.82338], [-48.99575, 3.90175], [-48.98762, 3.90763]]}}, {"type": "Feature", "properties": {"ssGmStId": 254, "ssGmStNm": "0044-0079 ANP", "cmpnntGmId": 5.0, "ss2dUqLnId": "0044-0079 ANP", "district": "LANDMARK", "project": "NEOGENO_FOZAMAZONAS", "subprj": "ALL_DATA", "owtype": "Seis2DLine", "Shape_Leng": 0.0, "OBJECTID": 213.0, "Interpret": "Nao iniciada"}, "geometry": {"type": "LineString", "coordinates": [[-48.38904, 2.88091], [-48.45125, 2.82211], [-48.48857, 2.79309], [-48.63103, 2.66452], [-48.66508, 2.63597], [-48.72963, 2.57582], [-48.77407, 2.53771], [-48.77706, 2.53301], [-48.82143, 2.49861], [-48.85041, 2.47262], [-48.90184, 2.42301], [-48.92121, 2.40717]]}}, {"type": "Feature", "properties": {"ssGmStId": 255, "ssGmStNm": "0044-0080 ANP", "cmpnntGmId": 5.0, "ss2dUqLnId": "0044-0080 ANP", "district": "LANDMARK", "project": "NEOGENO_FOZAMAZONAS", "subprj": "ALL_DATA", "owtype": "Seis2DLine", "Shape_Leng": 0.0, "OBJECTID": 214.0, "Interpret": "Nao iniciada"}, "geometry": {"type": "LineString", "coordinates": [[-48.90022, 2.06764], [-48.89715, 2.07031], [-48.89811, 2.06947], [-48.87551, 2.09114], [-48.77688, 2.17438], [-48.72164, 2.22608], [-48.72006, 2.22436], [-48.71035, 2.23242], [-48.62007, 2.31045], [-48.56101, 2.36372], [-48.54343, 2.37721], [-48.52278, 2.39637], [-48.4933, 2.42076], [-48.48997, 2.42516], [-48.46896, 2.44211], [-48.44493, 2.46553], [-48.43349, 2.47336], [-48.39789, 2.50575], [-48.3839, 2.51658], [-48.35842, 2.5402], [-48.279, 2.6086]]}}, {"type": "Feature", "properties": {"ssGmStId": 256, "ssGmStNm": "0044-0109 ANP", "cmpnntGmId": 5.0, "ss2dUqLnId": "0044-0109 ANP", "district": "LANDMARK", "project": "NEOGENO_FOZAMAZONAS", "subprj": "ALL_DATA", "owtype": "Seis2DLine", "Shape_Leng": 0.0, "OBJECTID": 215.0, "Interpret": "Nao iniciada"}, "geometry": {"type": "LineString", "coordinates": [[-50.29844, 3.40775], [-50.26224, 3.37756], [-50.14532, 3.27974], [-50.13541, 3.26946], [-50.10118, 3.24174], [-50.02635, 3.17583], [-49.98035, 3.1388], [-49.97022, 3.12784], [-49.9216, 3.08507], [-49.82095, 2.99965], [-49.79613, 2.98042], [-49.75228, 2.94197], [-49.74173, 2.9351], [-49.67916, 2.87931], [-49.66382, 2.86825], [-49.56683, 2.7865], [-49.54456, 2.76594], [-49.45254, 2.68774]]}}, {"type": "Feature", "properties": {"ssGmStId": 257, "ssGmStNm": "0047-0044", "cmpnntGmId": 5.0, "ss2dUqLnId": "0047-0044", "district": "LANDMARK", "project": "NEOGENO_FOZAMAZONAS", "subprj": "ALL_DATA", "owtype": "Seis2DLine", "Shape_Leng": 0.0, "OBJECTID": 216.0, "Interpret": "Nao iniciada"}, "geometry": {"type": "LineString", "coordinates": [[-49.39517, 4.28789], [-49.4096, 4.2801], [-49.42429, 4.26916], [-49.44679, 4.24611], [-49.45474, 4.24115], [-49.47388, 4.22229], [-49.47982, 4.21914], [-49.49609, 4.20602], [-49.52294, 4.1785], [-49.53052, 4.17439], [-49.56191, 4.14486], [-49.57415, 4.13665], [-49.58231, 4.12939], [-49.58887, 4.12078], [-49.62288, 4.09705], [-49.6544, 4.06634], [-49.68634, 4.03859], [-49.7031, 4.02128], [-49.73437, 3.99741], [-49.74707, 3.9848], [-49.77029, 3.96585], [-49.7748, 3.96035], [-49.82201, 3.92048], [-49.83876, 3.90417], [-49.85607, 3.89113], [-49.87015, 3.87529], [-49.89601, 3.85485], [-49.9091, 3.84232], [-49.91342, 3.84129], [-49.93604, 3.81866], [-49.94989, 3.80808], [-49.95886, 3.79827], [-50.01334, 3.75289], [-50.04477, 3.72366], [-50.0617, 3.71081], [-50.08156, 3.69167], [-50.09636, 3.6816], [-50.10525, 3.67162], [-50.11127, 3.66755], [-50.14506, 3.63519], [-50.19316, 3.59359], [-50.21306, 3.57831], [-50.23497, 3.55616], [-50.24002, 3.55337], [-50.24516, 3.54739], [-50.24774, 3.5466], [-50.25022, 3.54319], [-50.27704, 3.52149], [-50.31162, 3.49013], [-50.31888, 3.48422], [-50.32441, 3.48179], [-50.32483, 3.4799], [-50.3362, 3.4688], [-50.42258, 3.39389]]}}, {"type": "Feature", "properties": {"ssGmStId": 258, "ssGmStNm": "0047-0055 ANP", "cmpnntGmId": 5.0, "ss2dUqLnId": "0047-0055 ANP", "district": "LANDMARK", "project": "NEOGENO_FOZAMAZONAS", "subprj": "ALL_DATA", "owtype": "Seis2DLine", "Shape_Leng": 0.0, "OBJECTID": 217.0, "Interpret": "Nao iniciada"}, "geometry": {"type": "LineString", "coordinates": [[-49.4956, 3.58655], [-49.50487, 3.57831], [-49.5112, 3.56829], [-49.52025, 3.55935], [-49.553, 3.53492], [-49.62268, 3.4715], [-49.64796, 3.45213], [-49.68295, 3.41886], [-49.71417, 3.39275], [-49.72873, 3.38271], [-49.75647, 3.3539], [-49.78738, 3.32892], [-49.90905, 3.21974], [-50.00516, 3.13716], [-50.0274, 3.11606], [-50.09001, 3.06175], [-50.11274, 3.03971], [-50.15201, 3.00865]]}}, {"type": "Feature", "properties": {"ssGmStId": 259, "ssGmStNm": "0047-0060", "cmpnntGmId": 5.0, "ss2dUqLnId": "0047-0060", "district": "LANDMARK", "project": "NEOGENO_FOZAMAZONAS", "subprj": "ALL_DATA", "owtype": "Seis2DLine", "Shape_Leng": 0.0, "OBJECTID": 218.0, "Interpret": "Nao iniciada"}, "geometry": {"type": "LineString", "coordinates": [[-50.72394, 4.99871], [-50.70367, 4.97988], [-50.69685, 4.97539], [-50.69363, 4.97217], [-50.68457, 4.96603], [-50.67633, 4.95925], [-50.6438, 4.92904], [-50.62618, 4.91495], [-50.61354, 4.9019], [-50.57168, 4.86787], [-50.56708, 4.86315], [-50.5502, 4.84923], [-50.5197, 4.82222], [-50.51074, 4.81619], [-50.49276, 4.79908], [-50.46424, 4.77587], [-50.42201, 4.7381], [-50.4163, 4.73337], [-50.39893, 4.72086], [-50.38829, 4.70998], [-50.37412, 4.69701], [-50.36979, 4.69399], [-50.36554, 4.69098], [-50.36297, 4.68823], [-50.36066, 4.68576], [-50.35002, 4.67752], [-50.34648, 4.6751], [-50.3424, 4.67103], [-50.33992, 4.66843], [-50.3328, 4.66207], [-50.32874, 4.65833], [-50.30978, 4.64371], [-50.29053, 4.62527], [-50.2744, 4.61284], [-50.23649, 4.57981], [-50.22265, 4.56693], [-50.21462, 4.56073], [-50.15706, 4.51099], [-50.14832, 4.50432], [-50.13867, 4.49538], [-50.10509, 4.46741], [-50.09496, 4.45695], [-50.08633, 4.45213], [-50.08335, 4.44873], [-50.04912, 4.4186], [-50.04443, 4.41504], [-50.0338, 4.40588], [-50.01823, 4.39147], [-50.01461, 4.38894], [-50.00336, 4.37921], [-49.99953, 4.37569], [-49.98707, 4.36615], [-49.98277, 4.36196], [-49.97902, 4.35828], [-49.94326, 4.3278], [-49.91165, 4.30062], [-49.89808, 4.28821], [-49.88188, 4.27512], [-49.87019, 4.26573], [-49.85922, 4.2558], [-49.8558, 4.25234], [-49.83404, 4.23477], [-49.82412, 4.22574], [-49.80669, 4.21145], [-49.798, 4.20192], [-49.78098, 4.18908], [-49.7676, 4.17588], [-49.76185, 4.17282], [-49.7553, 4.16749], [-49.74379, 4.15645], [-49.73488, 4.15029], [-49.72546, 4.1402], [-49.71686, 4.1344], [-49.70674, 4.1248], [-49.70076, 4.12148], [-49.6817, 4.1018], [-49.67012, 4.09388], [-49.64806, 4.07512], [-49.63451, 4.06289], [-49.63205, 4.06102], [-49.62321, 4.05136], [-49.60786, 4.04201], [-49.59989, 4.0338]]}}, {"type": "Feature", "properties": {"ssGmStId": 260, "ssGmStNm": "0047-0071", "cmpnntGmId": 5.0, "ss2dUqLnId": "0047-0071", "district": "LANDMARK", "project": "NEOGENO_FOZAMAZONAS", "subprj": "ALL_DATA", "owtype": "Seis2DLine", "Shape_Leng": 0.0, "OBJECTID": 219.0, "Interpret": "Nao iniciada"}, "geometry": {"type": "LineString", "coordinates": [[-50.40757, 4.07974], [-50.39571, 4.06909], [-50.38508, 4.05894], [-50.36647, 4.04361], [-50.35695, 4.03575], [-50.34789, 4.02951], [-50.33626, 4.01875], [-50.3228, 4.00765], [-50.28353, 3.97289], [-50.25648, 3.95125], [-50.25364, 3.94819], [-50.23375, 3.93107], [-50.21847, 3.91811], [-50.20815, 3.91062], [-50.1947, 3.89599], [-50.17701, 3.88374], [-50.12939, 3.84285], [-50.12497, 3.84059], [-50.11592, 3.83338], [-50.10866, 3.82475], [-50.09357, 3.81358], [-50.08896, 3.80866], [-50.0732, 3.79591], [-50.06174, 3.78519], [-50.05659, 3.78272], [-50.04735, 3.77363], [-50.03595, 3.76578], [-50.0288, 3.75631], [-50.02039, 3.75139], [-50.00675, 3.73949], [-50.00134, 3.73352], [-49.99606, 3.73044], [-49.97648, 3.71409], [-49.96944, 3.70946], [-49.9393, 3.68243], [-49.90917, 3.65802], [-49.89556, 3.64576], [-49.89251, 3.64184], [-49.86645, 3.62198], [-49.86065, 3.61597], [-49.8252, 3.586], [-49.81906, 3.58], [-49.81572, 3.57525], [-49.80865, 3.57241], [-49.79637, 3.5603], [-49.78659, 3.55406], [-49.77541, 3.54242], [-49.75098, 3.52376], [-49.69997, 3.48115], [-49.69579, 3.47656], [-49.67594, 3.46163], [-49.66756, 3.45277], [-49.6582, 3.44549], [-49.64617, 3.4338], [-49.62109, 3.41589], [-49.61615, 3.40786], [-49.61173, 3.40611], [-49.6029, 3.3977], [-49.5951, 3.39267], [-49.58579, 3.38269], [-49.57443, 3.37541], [-49.55704, 3.35645]]}}, {"type": "Feature", "properties": {"ssGmStId": 436, "ssGmStNm": "0501-0025 ANP", "cmpnntGmId": 5.0, "ss2dUqLnId": "0501-0025 ANP", "district": "LANDMARK", "project": "NEOGENO_FOZAMAZONAS", "subprj": "ALL_DATA", "owtype": "Seis2DLine", "Shape_Leng": 0.0, "OBJECTID": 220.0, "Interpret": "Nao iniciada"}, "geometry": {"type": "LineString", "coordinates": [[-49.68208, 3.78029], [-49.66962, 3.79094], [-49.62766, 3.84369], [-49.61721, 3.85772], [-49.61706, 3.86039], [-49.60137, 3.87485], [-49.59435, 3.88356], [-49.58775, 3.89141], [-49.58388, 3.8963], [-49.58074, 3.9001], [-49.56883, 3.91486], [-49.56128, 3.92218], [-49.55138, 3.9348], [-49.54267, 3.94639], [-49.53699, 3.95348], [-49.53268, 3.95916], [-49.52708, 3.96588], [-49.51434, 3.98133], [-49.50526, 3.99241]]}}, {"type": "Feature", "properties": {"ssGmStId": 437, "ssGmStNm": "0501-0025A ANP", "cmpnntGmId": 5.0, "ss2dUqLnId": "0501-0025A ANP", "district": "LANDMARK", "project": "NEOGENO_FOZAMAZONAS", "subprj": "ALL_DATA", "owtype": "Seis2DLine", "Shape_Leng": 0.0, "OBJECTID": 221.0, "Interpret": "Nao iniciada"}, "geometry": {"type": "LineString", "coordinates": [[-49.50773, 3.99478], [-49.45268, 4.06248], [-49.4331, 4.08408], [-49.39402, 4.14219], [-49.36547, 4.17761], [-49.34344, 4.20106], [-49.33955, 4.20699], [-49.31162, 4.2348], [-49.27683, 4.26601], [-49.27401, 4.2743], [-49.2676, 4.2901], [-49.26475, 4.31136], [-49.25847, 4.31667], [-49.25278, 4.32108], [-49.24812, 4.32474], [-49.21498, 4.34958], [-49.17803, 4.39516], [-49.13436, 4.44752], [-49.12672, 4.45667], [-49.07668, 4.51748], [-49.05585, 4.54453], [-49.03817, 4.56038], [-49.0331, 4.56617], [-49.01138, 4.58805], [-49.00266, 4.60404], [-48.99474, 4.61176], [-48.98512, 4.62951], [-48.97229, 4.64446], [-48.9688, 4.6512], [-48.95921, 4.66104], [-48.95525, 4.66774], [-48.92928, 4.69766], [-48.91958, 4.70731], [-48.91906, 4.70979], [-48.91137, 4.7187], [-48.88676, 4.74514], [-48.87894, 4.75971], [-48.86903, 4.7711], [-48.86696, 4.77634], [-48.85982, 4.78256], [-48.85628, 4.7894], [-48.85058, 4.79455], [-48.84756, 4.79994], [-48.80621, 4.8448], [-48.798, 4.85657], [-48.77459, 4.8833], [-48.76537, 4.89775], [-48.73297, 4.93024], [-48.71299, 4.95769], [-48.67107, 4.99904], [-48.65888, 5.02882], [-48.60618, 5.08754], [-48.58439, 5.12219], [-48.55045, 5.16381], [-48.54191, 5.17744], [-48.53031, 5.18782], [-48.48339, 5.2483], [-48.47013, 5.25895], [-48.41424, 5.32005], [-48.39265, 5.3546], [-48.34774, 5.40707], [-48.33114, 5.42904], [-48.3248, 5.43416], [-48.30743, 5.45577], [-48.29568, 5.46762], [-48.27435, 5.49297], [-48.22331, 5.53724], [-48.19661, 5.5771], [-48.19535, 5.58156], [-48.18885, 5.59216], [-48.1784, 5.60155], [-48.17349, 5.61923], [-48.17108, 5.62474], [-48.14364, 5.65291], [-48.13495, 5.66969], [-48.11609, 5.68906], [-48.10821, 5.70017], [-48.08116, 5.72775], [-48.06852, 5.73796], [-48.06713, 5.74012], [-48.06963, 5.74256], [-48.0661, 5.7515], [-48.06052, 5.76108], [-48.04574, 5.7786], [-48.03136, 5.79371], [-48.02691, 5.7969], [-48.01416, 5.81259], [-47.9977, 5.8278], [-47.98978, 5.8364], [-47.98131, 5.84551], [-47.97623, 5.85056], [-47.95866, 5.86868], [-47.94152, 5.90554], [-47.93542, 5.91397], [-47.91709, 5.93444], [-47.90252, 5.95391], [-47.89138, 5.96494], [-47.88434, 5.973], [-47.87428, 5.98477], [-47.86022, 6.00056], [-47.85343, 6.01088], [-47.84565, 6.019], [-47.8417, 6.02598], [-47.83356, 6.03445], [-47.82207, 6.05071], [-47.78656, 6.09344]]}}, {"type": "Feature", "properties": {"ssGmStId": 438, "ssGmStNm": "0501-0025B ANP", "cmpnntGmId": 5.0, "ss2dUqLnId": "0501-0025B ANP", "district": "LANDMARK", "project": "NEOGENO_FOZAMAZONAS", "subprj": "ALL_DATA", "owtype": "Seis2DLine", "Shape_Leng": 0.0, "OBJECTID": 222.0, "Interpret": "Nao iniciada"}, "geometry": {"type": "LineString", "coordinates": [[-47.79251, 6.08674], [-47.78452, 6.09748], [-47.77799, 6.10594], [-47.77243, 6.11299], [-47.76838, 6.11795], [-47.7649, 6.12233], [-47.76226, 6.12525], [-47.76026, 6.12795], [-47.75848, 6.13009], [-47.74964, 6.14135], [-47.74754, 6.14362], [-47.74004, 6.14674], [-47.73213, 6.1567], [-47.7267, 6.17033], [-47.68991, 6.23553], [-47.67937, 6.24881], [-47.65849, 6.26218], [-47.63448, 6.2804], [-47.59575, 6.32867], [-47.58404, 6.34083]]}}, {"type": "Feature", "properties": {"ssGmStId": 439, "ssGmStNm": "0501-0025C ANP", "cmpnntGmId": 5.0, "ss2dUqLnId": "0501-0025C ANP", "district": "LANDMARK", "project": "NEOGENO_FOZAMAZONAS", "subprj": "ALL_DATA", "owtype": "Seis2DLine", "Shape_Leng": 0.0, "OBJECTID": 223.0, "Interpret": "Nao iniciada"}, "geometry": {"type": "LineString", "coordinates": [[-47.58513, 6.34372], [-47.58475, 6.34488], [-47.58067, 6.34389], [-47.57953, 6.34717], [-47.57467, 6.35083], [-47.56455, 6.36258], [-47.55877, 6.37159], [-47.54644, 6.385], [-47.51436, 6.42552], [-47.50867, 6.43063], [-47.49299, 6.45101], [-47.48797, 6.45517], [-47.4831, 6.46318], [-47.46901, 6.47925], [-47.45697, 6.49614], [-47.44311, 6.51123], [-47.43856, 6.51924], [-47.43269, 6.52372], [-47.42302, 6.53471], [-47.41892, 6.5417], [-47.41624, 6.54295], [-47.41384, 6.54745], [-47.40766, 6.55293], [-47.40387, 6.5594], [-47.36191, 6.60929], [-47.32793, 6.65262], [-47.31544, 6.6649], [-47.29397, 6.69246], [-47.26296, 6.72997], [-47.20944, 6.79386], [-47.19245, 6.81604], [-47.1822, 6.82596], [-47.17618, 6.83653], [-47.16584, 6.84698], [-47.14801, 6.87021], [-47.12752, 6.8883], [-47.12106, 6.90359], [-47.10102, 6.92424], [-47.0801, 6.95177], [-47.0521, 6.98423], [-46.98184, 7.08437], [-46.9351, 7.1388], [-46.87814, 7.22422], [-46.86273, 7.24017], [-46.82926, 7.26459]]}}, {"type": "Feature", "properties": {"ssGmStId": 440, "ssGmStNm": "0501-0026 ANP", "cmpnntGmId": 5.0, "ss2dUqLnId": "0501-0026 ANP", "district": "LANDMARK", "project": "NEOGENO_FOZAMAZONAS", "subprj": "ALL_DATA", "owtype": "Seis2DLine", "Shape_Leng": 0.0, "OBJECTID": 224.0, "Interpret": "Nao iniciada"}, "geometry": {"type": "LineString", "coordinates": [[-47.57527, 7.84487], [-47.59619, 7.81766], [-47.89542, 7.46942], [-47.90213, 7.45996], [-47.90794, 7.45564], [-47.91075, 7.44787], [-47.91789, 7.441], [-47.94503, 7.40651], [-47.95386, 7.39253], [-47.97483, 7.37582], [-47.98357, 7.36714], [-48.01915, 7.32245], [-48.07602, 7.25144], [-48.0845, 7.24341], [-48.10309, 7.222], [-48.11355, 7.21252], [-48.15402, 7.1623], [-48.17995, 7.1392], [-48.20133, 7.10911], [-48.26294, 7.03097], [-48.28902, 7.01033], [-48.37077, 6.92083], [-48.39118, 6.88693], [-48.46509, 6.79598], [-48.49839, 6.76589], [-48.55679, 6.70466], [-48.58245, 6.67505], [-48.59323, 6.65563], [-48.61943, 6.63031], [-48.64759, 6.60006], [-48.65811, 6.59151], [-48.6687, 6.57953], [-48.67659, 6.56557], [-48.69054, 6.53008], [-48.69714, 6.51831], [-48.70741, 6.50586], [-48.712, 6.5027], [-48.72158, 6.49132], [-48.72826, 6.48483], [-48.73477, 6.47881], [-48.73893, 6.47318], [-48.76275, 6.44699], [-48.78326, 6.42755], [-48.78893, 6.42109], [-48.79541, 6.41402], [-48.81144, 6.39596], [-48.81663, 6.38812], [-48.83835, 6.36441], [-48.8483, 6.35093], [-48.88673, 6.30626], [-48.90472, 6.287], [-48.91435, 6.27333], [-48.91795, 6.27012], [-48.94299, 6.23994], [-49.06903, 6.09219], [-49.09598, 6.06103], [-49.24934, 5.87868], [-49.28502, 5.83779], [-49.30474, 5.82057], [-49.31562, 5.80604], [-49.40716, 5.69641], [-49.41786, 5.67993], [-49.4499, 5.63891], [-49.46874, 5.62592], [-49.51506, 5.58433], [-49.53617, 5.54001], [-49.54889, 5.5259], [-49.57356, 5.50535], [-49.58392, 5.48476], [-49.64787, 5.40687], [-49.66231, 5.39552], [-49.72365, 5.33413], [-49.75986, 5.27724], [-49.78303, 5.24901], [-49.8054, 5.22488], [-49.81553, 5.20895], [-49.87591, 5.13358], [-49.9079, 5.0848], [-49.93423, 5.06093], [-49.94867, 5.0504], [-49.95936, 5.03939], [-49.9747, 5.02018], [-49.98314, 5.01209], [-49.99688, 4.99774], [-49.99962, 4.99264], [-50.07612, 4.90298], [-50.08811, 4.88915], [-50.09741, 4.87834], [-50.10519, 4.86952], [-50.11007, 4.86393], [-50.11491, 4.85833], [-50.12367, 4.84697], [-50.15333, 4.8187], [-50.16661, 4.80368], [-50.20041, 4.77034], [-50.20323, 4.76681], [-50.20981, 4.72663], [-50.21273, 4.72275], [-50.22589, 4.69276], [-50.22845, 4.68938], [-50.23039, 4.69061], [-50.22705, 4.68443], [-50.22733, 4.68009], [-50.2535, 4.60015], [-50.25936, 4.59408], [-50.2766, 4.58163], [-50.32268, 4.55431], [-50.33891, 4.54614], [-50.35039, 4.54197], [-50.39348, 4.52245], [-50.40839, 4.51314], [-50.43238, 4.48612], [-50.45751, 4.45177], [-50.48912, 4.42005], [-50.49263, 4.41519], [-50.49951, 4.40058], [-50.51185, 4.38789]]}}, {"type": "Feature", "properties": {"ssGmStId": 441, "ssGmStNm": "0501-0027 ANP", "cmpnntGmId": 5.0, "ss2dUqLnId": "0501-0027 ANP", "district": "LANDMARK", "project": "NEOGENO_FOZAMAZONAS", "subprj": "ALL_DATA", "owtype": "Seis2DLine", "Shape_Leng": 0.0, "OBJECTID": 225.0, "Interpret": "Nao iniciada"}, "geometry": {"type": "LineString", "coordinates": [[-50.98366, 5.0018], [-50.97791, 5.01051], [-50.95781, 5.03677], [-50.91553, 5.0883], [-50.90633, 5.09831], [-50.89915, 5.10384], [-50.87292, 5.12057], [-50.86065, 5.13384], [-50.82185, 5.18104], [-50.7821, 5.22516], [-50.7136, 5.30933], [-50.71095, 5.31461], [-50.68267, 5.34649], [-50.68241, 5.34905], [-50.65225, 5.37721], [-50.63951, 5.39453], [-50.62834, 5.41317], [-50.54764, 5.51868]]}}, {"type": "Feature", "properties": {"ssGmStId": 442, "ssGmStNm": "0501-0027A ANP", "cmpnntGmId": 5.0, "ss2dUqLnId": "0501-0027A ANP", "district": "LANDMARK", "project": "NEOGENO_FOZAMAZONAS", "subprj": "ALL_DATA", "owtype": "Seis2DLine", "Shape_Leng": 0.0, "OBJECTID": 226.0, "Interpret": "Nao iniciada"}, "geometry": {"type": "LineString", "coordinates": [[-50.5447, 5.5116], [-50.51872, 5.53608], [-50.49949, 5.55838], [-50.45092, 5.60213], [-50.43622, 5.63852], [-50.40927, 5.66311], [-50.39198, 5.67929], [-50.3814, 5.68932], [-50.36547, 5.70411], [-50.35006, 5.72282], [-50.33476, 5.74441], [-50.32753, 5.76056], [-50.30254, 5.80802], [-50.26171, 5.85934], [-50.24835, 5.87408], [-50.23525, 5.8817], [-50.21124, 5.90678], [-50.20442, 5.91889], [-50.18745, 5.93954], [-50.15574, 5.97311], [-50.14899, 5.98307], [-50.12658, 6.00721], [-50.10747, 6.03195], [-50.06717, 6.0756], [-50.04919, 6.10145], [-50.01462, 6.14306], [-49.94628, 6.21685], [-49.93445, 6.23404], [-49.89841, 6.27523], [-49.86449, 6.31728], [-49.83451, 6.35146], [-49.83269, 6.35513], [-49.81919, 6.36989], [-49.8064, 6.38457], [-49.75256, 6.44513], [-49.7438, 6.45738], [-49.71887, 6.48499], [-49.70789, 6.50074], [-49.68081, 6.52949], [-49.6738, 6.54002], [-49.66682, 6.54646], [-49.63719, 6.58148], [-49.60709, 6.61222], [-49.60117, 6.62078], [-49.46428, 6.74617], [-49.45495, 6.76054], [-49.43893, 6.80913], [-49.39572, 6.85462], [-49.37437, 6.87502], [-49.34329, 6.90998], [-49.31052, 6.93996], [-49.30936, 6.94179], [-49.30296, 6.97058], [-49.30045, 6.97574], [-49.26616, 7.00607], [-49.25753, 7.01587], [-49.2484, 7.03177], [-49.23539, 7.04737], [-49.17064, 7.10571], [-49.14196, 7.14111], [-49.09077, 7.18817], [-49.08406, 7.19678], [-49.07292, 7.21564], [-49.06031, 7.24303], [-49.05257, 7.25149], [-49.04502, 7.25921], [-49.03974, 7.26432], [-49.0358, 7.26794], [-49.03182, 7.27199], [-49.02234, 7.28166], [-49.02101, 7.28403], [-49.01997, 7.28563], [-49.01873, 7.28713], [-48.99541, 7.32603], [-48.99013, 7.33172], [-48.98756, 7.33222], [-48.97608, 7.3402], [-48.96962, 7.35444], [-48.96225, 7.36273], [-48.95612, 7.36788], [-48.94609, 7.37748], [-48.94508, 7.37909], [-48.94121, 7.38793], [-48.93433, 7.39357], [-48.91244, 7.42014], [-48.90808, 7.42374], [-48.90346, 7.4319], [-48.89217, 7.44487], [-48.88926, 7.45009], [-48.87707, 7.46248], [-48.87006, 7.47418], [-48.86432, 7.47844], [-48.86044, 7.48124], [-48.84058, 7.50749], [-48.83176, 7.51744]]}}, {"type": "Feature", "properties": {"ssGmStId": 443, "ssGmStNm": "0501-0027B ANP", "cmpnntGmId": 5.0, "ss2dUqLnId": "0501-0027B ANP", "district": "LANDMARK", "project": "NEOGENO_FOZAMAZONAS", "subprj": "ALL_DATA", "owtype": "Seis2DLine", "Shape_Leng": 0.0, "OBJECTID": 227.0, "Interpret": "Nao iniciada"}, "geometry": {"type": "LineString", "coordinates": [[-47.82063, 8.67545], [-47.83368, 8.66616], [-47.90423, 8.58564], [-47.91589, 8.57074], [-47.94116, 8.54542], [-47.95383, 8.52852], [-47.96027, 8.52199], [-47.96736, 8.51401], [-47.96974, 8.50876], [-47.97489, 8.50472], [-47.97923, 8.49904], [-48.11634, 8.3409], [-48.13399, 8.3226], [-48.14022, 8.31145], [-48.16445, 8.28504], [-48.17054, 8.27602], [-48.17985, 8.26879], [-48.19545, 8.24904], [-48.24857, 8.18909], [-48.27291, 8.15629], [-48.28558, 8.14247], [-48.30259, 8.12714], [-48.3652, 8.05451], [-48.40192, 8.00912], [-48.43924, 7.96936], [-48.47478, 7.9266], [-48.4968, 7.90345], [-48.51706, 7.86494], [-48.63015, 7.66304], [-48.64313, 7.63212], [-48.66292, 7.6012], [-48.69079, 7.55309], [-48.69723, 7.54484], [-48.73625, 7.5169], [-48.78252, 7.48694], [-48.80349, 7.47366], [-48.82168, 7.45826], [-48.83697, 7.45519]]}}, {"type": "Feature", "properties": {"ssGmStId": 444, "ssGmStNm": "0501-0028 ANP", "cmpnntGmId": 5.0, "ss2dUqLnId": "0501-0028 ANP", "district": "LANDMARK", "project": "NEOGENO_FOZAMAZONAS", "subprj": "ALL_DATA", "owtype": "Seis2DLine", "Shape_Leng": 0.0, "OBJECTID": 228.0, "Interpret": "Nao iniciada"}, "geometry": {"type": "LineString", "coordinates": [[-49.75785, 6.51648], [-49.74825, 6.50081], [-49.72126, 6.48041], [-49.7086, 6.46772], [-49.70341, 6.46465], [-49.68558, 6.44809], [-49.67852, 6.44354], [-49.64989, 6.41911], [-49.62406, 6.4034], [-49.54703, 6.34196], [-49.51538, 6.3213], [-49.48128, 6.29636], [-49.44589, 6.26991], [-49.43698, 6.26101], [-49.36558, 6.21254], [-49.3556, 6.20294], [-49.34526, 6.18921], [-49.29013, 6.14516], [-49.25798, 6.11857], [-49.23744, 6.09894], [-49.2103, 6.0766], [-49.15971, 6.03596], [-49.13112, 6.01635], [-49.12121, 6.01265], [-49.10551, 6.00446], [-49.05598, 5.96701], [-49.04263, 5.95454], [-49.03427, 5.94937], [-49.03058, 5.94493], [-49.0286, 5.94493], [-49.01316, 5.93352], [-48.90844, 5.85173], [-48.89055, 5.8396], [-48.87883, 5.83036], [-48.87038, 5.82534], [-48.86271, 5.81765], [-48.85266, 5.81121], [-48.83129, 5.79389], [-48.82176, 5.78355], [-48.81493, 5.78013], [-48.80682, 5.77256], [-48.79857, 5.76796], [-48.78223, 5.75366], [-48.71054, 5.69789], [-48.70257, 5.69251], [-48.69782, 5.69133], [-48.68792, 5.68454], [-48.68169, 5.67816], [-48.65623, 5.66037], [-48.61377, 5.63271], [-48.59112, 5.60565], [-48.56214, 5.58287], [-48.55348, 5.57816], [-48.54934, 5.57393], [-48.49834, 5.53798], [-48.47996, 5.5186], [-48.47091, 5.51129], [-48.44596, 5.49365], [-48.34418, 5.41504], [-48.23709, 5.32507], [-48.22889, 5.3166], [-48.21189, 5.30371], [-48.18977, 5.29409], [-48.17998, 5.28736], [-48.12776, 5.24463], [-48.0885, 5.21714], [-48.00692, 5.15225], [-47.97048, 5.12811], [-47.96429, 5.12333], [-47.95743, 5.11514], [-47.85551, 5.04233], [-47.8422, 5.03169], [-47.82962, 5.01604], [-47.80325, 4.99642], [-47.79438, 4.98801], [-47.71416, 4.92503], [-47.68731, 4.90528], [-47.67193, 4.89278], [-47.66935, 4.88955], [-47.66456, 4.88717], [-47.64081, 4.86758], [-47.63129, 4.86186], [-47.61685, 4.8497], [-47.60598, 4.84163], [-47.54657, 4.79539], [-47.4808, 4.74314], [-47.43036, 4.70845], [-47.41819, 4.69549], [-47.19373, 4.52029], [-47.17078, 4.50367], [-47.162, 4.4955], [-47.15726, 4.4927], [-47.15155, 4.48758], [-47.09745, 4.44831], [-47.07224, 4.42586], [-47.05702, 4.41489], [-47.05498, 4.4119], [-47.04408, 4.40714], [-47.01277, 4.38399], [-47.00025, 4.36536], [-46.98646, 4.36006], [-46.98067, 4.35598], [-46.97615, 4.35129], [-46.96826, 4.34574], [-46.95913, 4.3381], [-46.89914, 4.28777], [-46.87405, 4.27669], [-46.85743, 4.26602], [-46.8404, 4.25937], [-46.80283, 4.23488], [-46.78929, 4.22762], [-46.77021, 4.21307], [-46.74303, 4.17684], [-46.7279, 4.14894], [-46.71063, 4.13307], [-46.6884, 4.12436], [-46.64809, 4.08794], [-46.61354, 4.0576], [-46.60937, 4.05498], [-46.58836, 4.04615], [-46.53419, 4.00146], [-46.51384, 3.99174], [-46.4342, 3.92936], [-46.41229, 3.91539], [-46.40638, 3.91006], [-46.38989, 3.89943], [-46.38618, 3.89498], [-46.37482, 3.88672], [-46.36364, 3.87253], [-46.33175, 3.84896], [-46.3079, 3.82947], [-46.30441, 3.82816], [-46.30062, 3.82365], [-46.28114, 3.81053], [-46.25311, 3.78739], [-46.24875, 3.78241], [-46.24426, 3.78045], [-46.16352, 3.71716], [-46.16139, 3.71435], [-46.15247, 3.70877], [-46.09616, 3.66426], [-46.09633, 3.66457], [-46.06621, 3.64112], [-45.79871, 3.4318], [-45.77281, 3.41128], [-45.71608, 3.3648], [-45.69687, 3.35538], [-45.68651, 3.34295], [-45.65441, 3.31764], [-45.64286, 3.30666], [-45.63431, 3.30233], [-45.62076, 3.2916], [-45.61701, 3.28769], [-45.58484, 3.25643], [-45.56135, 3.24555], [-45.51454, 3.20859], [-45.48386, 3.18061], [-45.45928, 3.15774], [-45.44635, 3.1456], [-45.42852, 3.12865], [-45.39017, 3.10425], [-45.37125, 3.09429], [-45.35638, 3.08867], [-45.32682, 3.07007], [-45.31881, 3.06403], [-45.30813, 3.04931], [-45.28547, 3.03427], [-45.28161, 3.03303], [-45.24421, 3.00731], [-45.21372, 2.9785], [-45.12903, 2.92129], [-45.11338, 2.90587], [-45.10716, 2.89793], [-45.10218, 2.89168], [-45.09772, 2.88612], [-45.09415, 2.88151], [-45.08015, 2.86354], [-45.06068, 2.84694], [-45.03215, 2.82694], [-45.01165, 2.81374], [-45.00132, 2.80736], [-44.99201, 2.80199], [-44.98413, 2.79744], [-44.97856, 2.79399], [-44.96213, 2.78447], [-44.94908, 2.7722], [-44.93942, 2.76399], [-44.93411, 2.76036], [-44.91948, 2.74709], [-44.89749, 2.71786], [-44.86993, 2.69053], [-44.8277, 2.67053], [-44.60194, 2.49273], [-44.54544, 2.45109], [-44.53563, 2.43946], [-44.52981, 2.43469], [-44.50086, 2.41396], [-44.43133, 2.35824], [-44.38336, 2.32197], [-44.38004, 2.31805], [-44.3527, 2.29832], [-44.34863, 2.2931], [-44.34103, 2.2894], [-44.32981, 2.27912], [-44.29701, 2.25416], [-44.29338, 2.24989], [-44.28742, 2.24726], [-44.28326, 2.24215], [-44.27668, 2.23797], [-44.27268, 2.23254], [-44.26436, 2.22791], [-44.19523, 2.17323], [-44.17155, 2.15749], [-44.11695, 2.11485], [-44.10919, 2.10662], [-44.0704, 2.07828], [-44.04507, 2.05552], [-44.01499, 2.03377], [-44.00374, 2.02276], [-43.96757, 1.99412], [-43.94945, 1.98329], [-43.92218, 1.96031], [-43.8234, 1.88286], [-43.80768, 1.87276], [-43.78437, 1.85268], [-43.75951, 1.82773], [-43.71217, 1.78728], [-43.69328, 1.77587], [-43.61141, 1.70726], [-43.56763, 1.6832], [-43.54362, 1.67217], [-43.53255, 1.66391], [-43.50068, 1.63651], [-43.47641, 1.61651], [-43.46349, 1.60529], [-43.44317, 1.58138], [-43.41905, 1.56052], [-43.3868, 1.53358], [-43.37072, 1.52383], [-43.26917, 1.43846], [-43.23429, 1.41696], [-43.19801, 1.38981], [-43.16725, 1.36377], [-43.16104, 1.36058], [-43.14864, 1.34901], [-43.09589, 1.30957], [-43.09097, 1.30423], [-43.06832, 1.28928], [-43.06142, 1.28275], [-43.05887, 1.28261], [-43.03922, 1.2646], [-43.01353, 1.24574], [-43.00584, 1.23653], [-43.00128, 1.23487], [-42.976, 1.21255], [-42.9704, 1.20963], [-42.95419, 1.19603], [-42.94663, 1.19168], [-42.9306, 1.17821], [-42.89535, 1.15196]]}}, {"type": "Feature", "properties": {"ssGmStId": 445, "ssGmStNm": "0501-0029 ANP", "cmpnntGmId": 5.0, "ss2dUqLnId": "0501-0029 ANP", "district": "LANDMARK", "project": "NEOGENO_FOZAMAZONAS", "subprj": "ALL_DATA", "owtype": "Seis2DLine", "Shape_Leng": 0.0, "OBJECTID": 229.0, "Interpret": "Nao iniciada"}, "geometry": {"type": "LineString", "coordinates": [[-42.90522, 1.17717], [-42.91611, 1.16705], [-42.943, 1.13409], [-43.00453, 1.05696], [-43.02795, 1.02775], [-43.05135, 0.99941], [-43.15088, 0.87308], [-43.15881, 0.86474], [-43.15921, 0.86065], [-43.16942, 0.85105], [-43.21266, 0.79611], [-43.24763, 0.75298], [-43.27902, 0.71056], [-43.29178, 0.69794], [-43.31571, 0.66808], [-43.3273, 0.65282], [-43.33478, 0.6453], [-43.37579, 0.59352], [-43.38329, 0.58598], [-43.38563, 0.58149], [-43.3967, 0.56962], [-43.41757, 0.54232], [-43.42804, 0.53165], [-43.43568, 0.51905], [-43.52614, 0.43555], [-43.53314, 0.4221], [-43.5454, 0.38858], [-43.55528, 0.37267], [-43.61242, 0.31991], [-43.63789, 0.28926], [-43.69819, 0.22756], [-43.70106, 0.22128], [-43.69841, 0.20364], [-43.69944, 0.1943], [-43.7127, 0.18077], [-43.72154, 0.15947], [-43.75717, 0.12533], [-43.78596, 0.09759], [-43.79751, 0.08601], [-43.80628, 0.07782], [-43.82136, 0.06378], [-43.83002, 0.05395], [-43.84147, 0.00845], [-43.89345, -0.05859], [-43.90839, -0.07255], [-43.99695, -0.1842], [-44.02961, -0.22157], [-44.03384, -0.22922], [-44.06961, -0.2747], [-44.08228, -0.29521], [-44.09625, -0.31064], [-44.10196, -0.32328], [-44.11462, -0.33193], [-44.14777, -0.37555], [-44.16457, -0.39383], [-44.19123, -0.42943], [-44.19975, -0.43795], [-44.21554, -0.45892], [-44.23288, -0.47794], [-44.26293, -0.5167]]}}, {"type": "Feature", "properties": {"ssGmStId": 446, "ssGmStNm": "0501-0029A ANP", "cmpnntGmId": 5.0, "ss2dUqLnId": "0501-0029A ANP", "district": "LANDMARK", "project": "NEOGENO_FOZAMAZONAS", "subprj": "ALL_DATA", "owtype": "Seis2DLine", "Shape_Leng": 0.0, "OBJECTID": 230.0, "Interpret": "Nao iniciada"}, "geometry": {"type": "LineString", "coordinates": [[-41.0784, 3.51289], [-41.10639, 3.47355], [-41.12941, 3.45016], [-41.13297, 3.44487], [-41.2011, 3.37626], [-41.20707, 3.36005], [-41.21327, 3.33284], [-41.21583, 3.32603], [-41.22241, 3.31685], [-41.22643, 3.31125], [-41.23675, 3.29759], [-41.25961, 3.27573], [-41.3233, 3.19531], [-41.38699, 3.10316], [-41.39922, 3.08767], [-41.4285, 3.05871], [-41.47311, 3.00037], [-41.49728, 2.97797], [-41.50456, 2.96328], [-41.54558, 2.9126], [-41.57968, 2.87227], [-41.59086, 2.85481], [-41.6506, 2.7786], [-41.66403, 2.763], [-41.69575, 2.72795], [-41.70484, 2.70968], [-41.7478, 2.65624], [-41.77366, 2.6217], [-41.86721, 2.50922], [-41.89092, 2.472], [-41.91075, 2.44838], [-41.96806, 2.37358], [-41.97799, 2.36301], [-42.04648, 2.27497], [-42.12477, 2.17886], [-42.141, 2.15552], [-42.1823, 2.10613], [-42.19638, 2.08564], [-42.22053, 2.05652], [-42.23343, 2.03759], [-42.2792, 1.98153], [-42.30851, 1.94249], [-42.39221, 1.84137], [-42.40662, 1.82007], [-42.41411, 1.81167], [-42.42521, 1.79564], [-42.43842, 1.77352], [-42.44546, 1.75848], [-42.49674, 1.67931], [-42.51513, 1.65321], [-42.56171, 1.61079], [-42.61771, 1.53319], [-42.63602, 1.50459], [-42.6677, 1.47208], [-42.68537, 1.44823], [-42.70506, 1.42806], [-42.71966, 1.41536], [-42.73567, 1.39419], [-42.74683, 1.38292], [-42.76512, 1.36062], [-42.80124, 1.31484], [-42.82935, 1.28153], [-42.8371, 1.26754], [-42.92394, 1.15732]]}}, {"type": "Feature", "properties": {"ssGmStId": 447, "ssGmStNm": "0501-0030 ANP", "cmpnntGmId": 5.0, "ss2dUqLnId": "0501-0030 ANP", "district": "LANDMARK", "project": "NEOGENO_FOZAMAZONAS", "subprj": "ALL_DATA", "owtype": "Seis2DLine", "Shape_Leng": 0.0, "OBJECTID": 231.0, "Interpret": "Nao iniciada"}, "geometry": {"type": "LineString", "coordinates": [[-44.83561, 0.15257], [-44.82636, 0.16747], [-44.8252, 0.17645], [-44.81938, 0.1836], [-44.81645, 0.19031], [-44.8112, 0.19126], [-44.80559, 0.19423], [-44.79032, 0.19847], [-44.77307, 0.21541], [-44.76637, 0.23535], [-44.76363, 0.24882], [-44.7625, 0.25443], [-44.74619, 0.27477], [-44.74181, 0.27887], [-44.73898, 0.2823], [-44.73384, 0.28714], [-44.73047, 0.29275], [-44.72839, 0.29698], [-44.72672, 0.30001], [-44.72555, 0.3026], [-44.72396, 0.30593], [-44.71849, 0.31036], [-44.71596, 0.31508], [-44.71086, 0.32073], [-44.70197, 0.34307], [-44.68955, 0.3701], [-44.67522, 0.38276], [-44.64789, 0.39842], [-44.63076, 0.42056], [-44.61899, 0.431], [-44.57357, 0.48399], [-44.56312, 0.49847], [-44.48752, 0.57506], [-44.48031, 0.58732], [-44.43629, 0.66043], [-44.4249, 0.67127], [-44.4026, 0.69709], [-44.38384, 0.71884], [-44.37109, 0.7331], [-44.36842, 0.73643], [-44.36714, 0.73681], [-44.34667, 0.7669], [-44.28689, 0.83034], [-44.2724, 0.85947], [-44.25583, 0.88093], [-44.20823, 0.93788], [-44.19876, 0.95161], [-44.13793, 1.02741], [-44.11754, 1.04653], [-44.1068, 1.06621], [-44.0492, 1.13591], [-44.04775, 1.13934], [-44.01221, 1.17618], [-44.00611, 1.18418], [-44.00157, 1.19305], [-43.93091, 1.27465], [-43.92779, 1.27884], [-43.91783, 1.29991], [-43.84903, 1.38358], [-43.81662, 1.42503], [-43.81184, 1.42941], [-43.80952, 1.43454], [-43.80477, 1.4381], [-43.78728, 1.46169], [-43.78238, 1.46588], [-43.69571, 1.587], [-43.67657, 1.60361], [-43.54934, 1.78155], [-43.52888, 1.80302], [-43.47335, 1.88074], [-43.45504, 1.89973], [-43.40543, 1.92395], [-43.3872, 1.94318], [-43.37955, 1.95515], [-43.3671, 1.98365], [-43.3192, 2.05052], [-43.30373, 2.06971], [-43.27741, 2.0909], [-43.23364, 2.14523], [-43.18602, 2.23702], [-43.16707, 2.26698], [-43.15201, 2.28224], [-43.14685, 2.28402], [-43.14143, 2.28544], [-43.1363, 2.28689], [-43.13299, 2.28793], [-43.12919, 2.28903], [-43.116, 2.29257], [-43.11143, 2.29638], [-43.09644, 2.31423], [-43.08549, 2.32833], [-43.07572, 2.33984], [-43.05047, 2.37082], [-43.04315, 2.37998], [-43.0278, 2.39881], [-42.99427, 2.43288], [-42.98394, 2.4549], [-42.9733, 2.47112], [-42.96735, 2.47834], [-42.96159, 2.48195], [-42.90816, 2.55278], [-42.88859, 2.5676], [-42.85492, 2.60356], [-42.84522, 2.62312], [-42.81091, 2.6631], [-42.80131, 2.67878], [-42.75227, 2.73938], [-42.64557, 2.8631], [-42.63236, 2.88752], [-42.57352, 2.95231], [-42.56523, 2.96214], [-42.5527, 2.98378], [-42.40425, 3.15288], [-42.37719, 3.18745], [-42.32636, 3.24496], [-42.31707, 3.26433], [-42.30391, 3.28288], [-42.29323, 3.29661], [-42.26643, 3.3255], [-42.2467, 3.34691], [-42.22622, 3.38256], [-42.19406, 3.41907], [-42.17327, 3.45197], [-42.15251, 3.47784], [-42.15057, 3.48451], [-42.12107, 3.52083], [-42.10405, 3.5374], [-41.99115, 3.6772]]}}, {"type": "Feature", "properties": {"ssGmStId": 448, "ssGmStNm": "0501-0031 ANP", "cmpnntGmId": 5.0, "ss2dUqLnId": "0501-0031 ANP", "district": "LANDMARK", "project": "NEOGENO_FOZAMAZONAS", "subprj": "ALL_DATA", "owtype": "Seis2DLine", "Shape_Leng": 0.0, "OBJECTID": 232.0, "Interpret": "Nao iniciada"}, "geometry": {"type": "LineString", "coordinates": [[-42.74103, 4.1788], [-42.75744, 4.15984], [-42.7642, 4.14888], [-42.98131, 3.88447], [-42.99694, 3.86667], [-43.00162, 3.86451], [-43.01163, 3.84953], [-43.01276, 3.84395], [-43.02138, 3.83798], [-43.02364, 3.83074], [-43.0365, 3.81854], [-43.03736, 3.81492], [-43.05241, 3.79946], [-43.06561, 3.78114], [-43.07345, 3.77358], [-43.08447, 3.75862], [-43.08815, 3.75588], [-43.09151, 3.75012], [-43.16124, 3.66632], [-43.16377, 3.66176], [-43.19423, 3.62891], [-43.20406, 3.61413], [-43.26038, 3.5532], [-43.2815, 3.51814], [-43.315, 3.47734], [-43.31877, 3.47089], [-43.32653, 3.46256], [-43.36242, 3.41554], [-43.40591, 3.36977], [-43.46797, 3.29721], [-43.48389, 3.28015], [-43.48846, 3.27308], [-43.50117, 3.25656], [-43.55192, 3.20143], [-43.56721, 3.18152], [-43.58225, 3.15391], [-43.59255, 3.13939], [-43.61141, 3.11873], [-43.66803, 3.05469], [-43.67679, 3.0369], [-43.68112, 3.03112], [-43.75295, 2.9436], [-43.86686, 2.80447], [-43.92355, 2.73668], [-43.94764, 2.7054], [-44.1684, 2.43659], [-44.17296, 2.42924], [-44.17938, 2.42334], [-44.18966, 2.40813], [-44.20005, 2.39836], [-44.20478, 2.38989], [-44.21779, 2.37665], [-44.23283, 2.35659], [-44.23675, 2.35368], [-44.25112, 2.33084], [-44.26797, 2.30776], [-44.27747, 2.2975], [-44.29135, 2.28593], [-44.33838, 2.22788], [-44.34822, 2.2185], [-44.37181, 2.1909], [-44.38685, 2.16879], [-44.44812, 2.09306], [-44.45343, 2.08877], [-44.46618, 2.06983], [-44.47494, 2.06267], [-44.50328, 2.02579], [-44.51998, 2.00598], [-44.76145, 1.71063], [-44.79143, 1.66854], [-44.80866, 1.65281], [-44.83577, 1.61992], [-44.8507, 1.60126], [-44.85319, 1.59484], [-44.86215, 1.582], [-44.87428, 1.56959], [-44.8942, 1.5418], [-44.92544, 1.51047], [-44.94236, 1.49034], [-44.95338, 1.48022], [-44.99682, 1.42938], [-45.01324, 1.40771], [-45.0214, 1.38957], [-45.05059, 1.35263], [-45.06632, 1.33075], [-45.07247, 1.32329], [-45.08691, 1.3105], [-45.14434, 1.23427], [-45.16559, 1.20824], [-45.18861, 1.18724], [-45.218, 1.15268], [-45.23041, 1.13736], [-45.24364, 1.11765], [-45.29391, 1.04984], [-45.31249, 1.03051], [-45.33477, 1.01256], [-45.34128, 1.00105], [-45.39351, 0.93839], [-45.40973, 0.91765], [-45.4362, 0.89076], [-45.46231, 0.86063], [-45.47373, 0.85058], [-45.48537, 0.83445], [-45.49223, 0.81589], [-45.49579, 0.81065], [-45.55681, 0.73598], [-45.6642, 0.60466], [-45.71049, 0.54747], [-45.75921, 0.48838]]}}, {"type": "Feature", "properties": {"ssGmStId": 449, "ssGmStNm": "0501-0032", "cmpnntGmId": 5.0, "ss2dUqLnId": "0501-0032", "district": "LANDMARK", "project": "NEOGENO_FOZAMAZONAS", "subprj": "ALL_DATA", "owtype": "Seis2DLine", "Shape_Leng": 0.0, "OBJECTID": 233.0, "Interpret": "Nao iniciada"}, "geometry": {"type": "LineString", "coordinates": [[-46.52521, 0.89613], [-46.51751, 0.90573], [-46.50495, 0.92238], [-46.46568, 0.97796], [-46.45107, 0.99605], [-46.4237, 1.02087], [-46.3781, 1.07844], [-46.36747, 1.08994], [-46.3658, 1.10265]]}}, {"type": "Feature", "properties": {"ssGmStId": 450, "ssGmStNm": "0501-0032A", "cmpnntGmId": 5.0, "ss2dUqLnId": "0501-0032A", "district": "LANDMARK", "project": "NEOGENO_FOZAMAZONAS", "subprj": "ALL_DATA", "owtype": "Seis2DLine", "Shape_Leng": 0.0, "OBJECTID": 234.0, "Interpret": "Nao iniciada"}, "geometry": {"type": "LineString", "coordinates": [[-46.37269, 1.0829], [-46.37254, 1.08307], [-46.3724, 1.08323], [-46.37226, 1.08341], [-46.3721, 1.08357], [-46.37196, 1.08374], [-46.37182, 1.0839], [-46.37167, 1.08407], [-46.37152, 1.08424], [-46.37138, 1.08441], [-46.37123, 1.08457], [-46.37109, 1.08474], [-46.37095, 1.08491], [-46.37079, 1.08508], [-46.37065, 1.08524], [-46.3705, 1.08541], [-46.37036, 1.08558], [-46.37021, 1.08575], [-46.37006, 1.08591], [-46.36992, 1.08608], [-46.36978, 1.08624], [-46.36963, 1.08642], [-46.36948, 1.08658], [-46.36934, 1.08675], [-46.36919, 1.08691], [-46.36905, 1.08709], [-46.3689, 1.08725], [-46.36875, 1.08742], [-46.36861, 1.08758], [-46.36847, 1.08775], [-46.36832, 1.08792], [-46.36817, 1.08808], [-46.36803, 1.08825], [-46.36788, 1.08841], [-46.36774, 1.08859], [-46.36759, 1.08875], [-46.36744, 1.08892], [-46.3673, 1.08908], [-46.36715, 1.08926], [-46.36701, 1.08942], [-46.36686, 1.08959], [-46.36671, 1.08975], [-46.36657, 1.08992], [-46.36643, 1.09009], [-46.36627, 1.09026], [-46.36613, 1.09042], [-46.36599, 1.09059], [-46.36584, 1.09076], [-46.3657, 1.09093], [-46.36555, 1.09109], [-46.3654, 1.09126], [-46.36526, 1.09143], [-46.36512, 1.0916], [-46.36496, 1.09176], [-46.36482, 1.09193], [-46.36467, 1.09209], [-46.36453, 1.09226], [-46.36439, 1.09243], [-46.36423, 1.09259], [-46.36409, 1.09276], [-46.36395, 1.09293], [-46.3638, 1.0931], [-46.36365, 1.09326], [-46.36351, 1.09343], [-46.36336, 1.0936], [-45.5788, 2.04429], [-45.54816, 2.07865], [-45.53584, 2.09595], [-45.51528, 2.1355], [-45.45936, 2.20971], [-45.4405, 2.22296], [-45.42285, 2.24674], [-45.41795, 2.25025], [-45.41312, 2.25793], [-45.3991, 2.27137], [-45.38079, 2.29338], [-45.35732, 2.32366], [-45.34873, 2.33436], [-45.3195, 2.37053], [-45.30613, 2.38292], [-45.27815, 2.41592], [-45.26569, 2.42547], [-45.2523, 2.44163], [-45.2478, 2.4475], [-45.24478, 2.45447], [-45.20809, 2.50107], [-45.19664, 2.5138], [-45.17123, 2.54548], [-45.12784, 2.59869], [-45.07463, 2.66409], [-45.0689, 2.67812], [-45.06039, 2.68897], [-45.04412, 2.70199], [-45.00772, 2.74908], [-44.99985, 2.75747], [-44.98546, 2.76961], [-44.95789, 2.807], [-44.91019, 2.86598], [-44.88191, 2.89125], [-44.8768, 2.89712], [-44.84752, 2.93563], [-44.83682, 2.95356], [-44.81707, 2.97771], [-44.78462, 3.02299], [-44.77411, 3.03485], [-44.74732, 3.05535], [-44.73729, 3.0678], [-44.65575, 3.15448], [-44.64049, 3.18589], [-44.63425, 3.19398], [-44.59086, 3.24224], [-44.58023, 3.25927], [-44.57652, 3.26336], [-44.57356, 3.26596], [-44.53892, 3.30584], [-44.51643, 3.33847], [-44.46482, 3.39174], [-44.45272, 3.40837], [-44.44021, 3.43138], [-44.42223, 3.45295], [-44.41297, 3.46148], [-44.33548, 3.5533], [-44.32802, 3.56564], [-44.31728, 3.57779], [-44.30632, 3.58605], [-44.29886, 3.59402], [-44.26434, 3.64341], [-44.20997, 3.709], [-44.19883, 3.71847], [-44.18779, 3.73581], [-44.13063, 3.81509], [-44.11824, 3.8289], [-44.09858, 3.8397], [-44.09074, 3.84604], [-44.04217, 3.90163], [-44.03582, 3.91331], [-43.97571, 3.9842], [-43.95449, 4.00735], [-43.94817, 4.01636], [-43.8984, 4.06919], [-43.887, 4.09067], [-43.88228, 4.09497], [-43.87994, 4.09957], [-43.83637, 4.15286], [-43.83196, 4.15627], [-43.80731, 4.18762], [-43.80088, 4.19361], [-43.7373, 4.26977], [-43.73249, 4.28005]]}}, {"type": "Feature", "properties": {"ssGmStId": 451, "ssGmStNm": "Arbitraria_APS44_AM4_AM3", "cmpnntGmId": 5.0, "ss2dUqLnId": "Arbitraria_APS44_AM4_AM3", "district": "LANDMARK", "project": "NEOGENO_FOZAMAZONAS", "subprj": "ALL_DATA", "owtype": "Seis2DLine", "Shape_Leng": 0.0, "OBJECTID": 235.0, "Interpret": "Nao iniciada"}, "geometry": {"type": "LineString", "coordinates": [[-50.10274, 4.52042], [-50.08707, 4.52817], [-50.0895, 4.62895], [-50.0108, 4.66915]]}}, {"type": "Feature", "properties": {"ssGmStId": 452, "ssGmStNm": "BA-133001C", "cmpnntGmId": 5.0, "ss2dUqLnId": "BA-133001C", "district": "LANDMARK", "project": "NEOGENO_FOZAMAZONAS", "subprj": "ALL_DATA", "owtype": "Seis2DLine", "Shape_Leng": 0.0, "OBJECTID": 236.0, "Interpret": "Nao iniciada"}, "geometry": {"type": "LineString", "coordinates": [[-48.5629, 3.28567], [-48.12729, 3.68704], [-47.77684, 4.01199]]}}, {"type": "Feature", "properties": {"ssGmStId": 453, "ssGmStNm": "BA-133801", "cmpnntGmId": 5.0, "ss2dUqLnId": "BA-133801", "district": "LANDMARK", "project": "NEOGENO_FOZAMAZONAS", "subprj": "ALL_DATA", "owtype": "Seis2DLine", "Shape_Leng": 0.0, "OBJECTID": 237.0, "Interpret": "Nao iniciada"}, "geometry": {"type": "LineString", "coordinates": [[-47.76567, 4.08474], [-48.24233, 3.64774], [-48.61345, 3.30072]]}}, {"type": "Feature", "properties": {"ssGmStId": 454, "ssGmStNm": "BA-134545", "cmpnntGmId": 5.0, "ss2dUqLnId": "BA-134545", "district": "LANDMARK", "project": "NEOGENO_FOZAMAZONAS", "subprj": "ALL_DATA", "owtype": "Seis2DLine", "Shape_Leng": 0.0, "OBJECTID": 238.0, "Interpret": "Nao iniciada"}, "geometry": {"type": "LineString", "coordinates": [[-48.80868, 3.17825], [-48.66329, 3.31302], [-48.66133, 3.3119], [-48.65658, 3.31623], [-48.56146, 3.40573], [-48.52243, 3.43873], [-48.39418, 3.56554], [-48.25134, 3.69457], [-48.14593, 3.79384], [-47.79574, 4.11578]]}}, {"type": "Feature", "properties": {"ssGmStId": 455, "ssGmStNm": "BA-135401", "cmpnntGmId": 5.0, "ss2dUqLnId": "BA-135401", "district": "LANDMARK", "project": "NEOGENO_FOZAMAZONAS", "subprj": "ALL_DATA", "owtype": "Seis2DLine", "Shape_Leng": 0.0, "OBJECTID": 239.0, "Interpret": "Nao iniciada"}, "geometry": {"type": "LineString", "coordinates": [[-47.82581, 4.14992], [-48.05592, 3.93595], [-48.67403, 3.36622]]}}, {"type": "Feature", "properties": {"ssGmStId": 456, "ssGmStNm": "BA-136201A", "cmpnntGmId": 5.0, "ss2dUqLnId": "BA-136201A", "district": "LANDMARK", "project": "NEOGENO_FOZAMAZONAS", "subprj": "ALL_DATA", "owtype": "Seis2DLine", "Shape_Leng": 0.0, "OBJECTID": 240.0, "Interpret": "Nao iniciada"}, "geometry": {"type": "LineString", "coordinates": [[-48.72732, 3.38067], [-48.41554, 3.66593], [-47.8775, 4.16268]]}}, {"type": "Feature", "properties": {"ssGmStId": 457, "ssGmStNm": "BA-142601", "cmpnntGmId": 5.0, "ss2dUqLnId": "BA-142601", "district": "LANDMARK", "project": "NEOGENO_FOZAMAZONAS", "subprj": "ALL_DATA", "owtype": "Seis2DLine", "Shape_Leng": 0.0, "OBJECTID": 241.0, "Interpret": "Nao iniciada"}, "geometry": {"type": "LineString", "coordinates": [[-47.97915, 4.55905], [-48.56903, 4.0147], [-48.84912, 3.75838], [-48.90662, 3.70467], [-48.92806, 3.68283], [-49.05236, 3.56734]]}}, {"type": "Feature", "properties": {"ssGmStId": 458, "ssGmStNm": "BA-150601", "cmpnntGmId": 5.0, "ss2dUqLnId": "BA-150601", "district": "LANDMARK", "project": "NEOGENO_FOZAMAZONAS", "subprj": "ALL_DATA", "owtype": "Seis2DLine", "Shape_Leng": 0.0, "OBJECTID": 242.0, "Interpret": "Nao iniciada"}, "geometry": {"type": "LineString", "coordinates": [[-49.50412, 3.76593], [-49.43677, 3.82981], [-49.27036, 3.98229], [-49.23979, 4.01595], [-49.21038, 4.0433], [-49.2062, 4.04557], [-49.19703, 4.05569]]}}, {"type": "Feature", "properties": {"ssGmStId": 459, "ssGmStNm": "BA-154601", "cmpnntGmId": 5.0, "ss2dUqLnId": "BA-154601", "district": "LANDMARK", "project": "NEOGENO_FOZAMAZONAS", "subprj": "ALL_DATA", "owtype": "Seis2DLine", "Shape_Leng": 0.0, "OBJECTID": 243.0, "Interpret": "Nao iniciada"}, "geometry": {"type": "LineString", "coordinates": [[-49.50474, 4.07519], [-49.49415, 4.08761], [-49.40032, 4.17394], [-49.38742, 4.18738], [-49.38148, 4.19114], [-49.36918, 4.20438], [-49.30529, 4.26408], [-49.03658, 4.50971], [-48.72866, 4.79381]]}}, {"type": "Feature", "properties": {"ssGmStId": 460, "ssGmStNm": "BA-155401", "cmpnntGmId": 5.0, "ss2dUqLnId": "BA-155401", "district": "LANDMARK", "project": "NEOGENO_FOZAMAZONAS", "subprj": "ALL_DATA", "owtype": "Seis2DLine", "Shape_Leng": 0.0, "OBJECTID": 244.0, "Interpret": "Nao iniciada"}, "geometry": {"type": "LineString", "coordinates": [[-48.75993, 4.82864], [-48.92681, 4.67343], [-49.07509, 4.53873], [-49.24533, 4.37919], [-49.50654, 4.13944]]}}, {"type": "Feature", "properties": {"ssGmStId": 461, "ssGmStNm": "BA-156201B", "cmpnntGmId": 5.0, "ss2dUqLnId": "BA-156201B", "district": "LANDMARK", "project": "NEOGENO_FOZAMAZONAS", "subprj": "ALL_DATA", "owtype": "Seis2DLine", "Shape_Leng": 0.0, "OBJECTID": 245.0, "Interpret": "Nao iniciada"}, "geometry": {"type": "LineString", "coordinates": [[-49.50445, 4.19818], [-49.32788, 4.36478], [-49.2535, 4.43258], [-49.24684, 4.43703], [-48.87175, 4.78283]]}}, {"type": "Feature", "properties": {"ssGmStId": 462, "ssGmStNm": "BA-157513", "cmpnntGmId": 5.0, "ss2dUqLnId": "BA-157513", "district": "LANDMARK", "project": "NEOGENO_FOZAMAZONAS", "subprj": "ALL_DATA", "owtype": "Seis2DLine", "Shape_Leng": 0.0, "OBJECTID": 246.0, "Interpret": "Nao iniciada"}, "geometry": {"type": "LineString", "coordinates": [[-49.50459, 4.29985], [-48.94101, 4.81632]]}}, {"type": "Feature", "properties": {"ssGmStId": 463, "ssGmStNm": "BA-158601B", "cmpnntGmId": 5.0, "ss2dUqLnId": "BA-158601B", "district": "LANDMARK", "project": "NEOGENO_FOZAMAZONAS", "subprj": "ALL_DATA", "owtype": "Seis2DLine", "Shape_Leng": 0.0, "OBJECTID": 247.0, "Interpret": "Nao iniciada"}, "geometry": {"type": "LineString", "coordinates": [[-49.04378, 4.80291], [-49.50308, 4.38215]]}}, {"type": "Feature", "properties": {"ssGmStId": 464, "ssGmStNm": "BA-159305", "cmpnntGmId": 5.0, "ss2dUqLnId": "BA-159305", "district": "LANDMARK", "project": "NEOGENO_FOZAMAZONAS", "subprj": "ALL_DATA", "owtype": "Seis2DLine", "Shape_Leng": 0.0, "OBJECTID": 248.0, "Interpret": "Nao iniciada"}, "geometry": {"type": "LineString", "coordinates": [[-49.50183, 4.4361], [-49.50177, 4.43776], [-49.07062, 4.83339]]}}, {"type": "Feature", "properties": {"ssGmStId": 465, "ssGmStNm": "BA-37480C", "cmpnntGmId": 5.0, "ss2dUqLnId": "BA-37480C", "district": "LANDMARK", "project": "NEOGENO_FOZAMAZONAS", "subprj": "ALL_DATA", "owtype": "Seis2DLine", "Shape_Leng": 0.0, "OBJECTID": 249.0, "Interpret": "Nao iniciada"}, "geometry": {"type": "LineString", "coordinates": [[-47.17436, 2.95591], [-47.19689, 2.97079], [-47.24429, 3.01143], [-47.39543, 3.13606], [-47.48672, 3.20814], [-47.82822, 3.50121], [-48.2502, 3.85794]]}}, {"type": "Feature", "properties": {"ssGmStId": 466, "ssGmStNm": "RC0801", "cmpnntGmId": 5.0, "ss2dUqLnId": "RC0801", "district": "LANDMARK", "project": "NEOGENO_FOZAMAZONAS", "subprj": "ALL_DATA", "owtype": "Seis2DLine", "Shape_Leng": 0.0, "OBJECTID": 250.0, "Interpret": "Nao iniciada"}, "geometry": {"type": "LineString", "coordinates": [[-43.6388, 8.7739], [-43.71984, 8.41503], [-43.75863, 8.23367], [-43.79302, 8.07276], [-43.82371, 7.92914], [-43.85219, 7.79486], [-43.8772, 7.67627], [-43.89787, 7.57821], [-43.91488, 7.49753], [-43.98355, 7.17194], [-43.99417, 7.12217], [-44.00479, 7.07244], [-44.01509, 7.02417], [-44.02445, 6.98028], [-44.0335, 6.93786], [-44.04193, 6.89836], [-44.05005, 6.86032], [-44.08347, 6.70397], [-44.09827, 6.63473], [-44.1877, 6.217], [-44.1546, 6.0906], [-44.07082, 6.02624], [-44.00629, 5.97667], [-43.93975, 5.92554], [-43.86909, 5.87123], [-43.77987, 5.80269], [-43.3307, 5.4825], [-43.0655, 5.3292], [-43.05364, 5.32291], [-43.04177, 5.31662], [-43.0299, 5.31033], [-43.01804, 5.30404], [-43.00617, 5.29774], [-42.9943, 5.29145], [-42.98244, 5.28517], [-42.97057, 5.27887], [-42.96002, 5.27328], [-42.94948, 5.26769], [-42.93892, 5.2621], [-42.92838, 5.25651], [-42.91783, 5.25092], [-42.90728, 5.24533], [-42.89674, 5.23973], [-42.88618, 5.23414], [-42.87564, 5.22855], [-42.86509, 5.22296], [-42.85454, 5.21736], [-42.84531, 5.21247], [-42.83608, 5.20758], [-42.82686, 5.20269], [-42.81762, 5.1978], [-42.8084, 5.1929], [-42.79916, 5.18801], [-42.78994, 5.18312], [-42.7807, 5.17822], [-42.77148, 5.17333], [-42.76225, 5.16843], [-42.75302, 5.16354], [-42.7439, 5.15871], [-42.73236, 5.15259], [-42.7221, 5.14715], [-42.71184, 5.14172], [-42.70158, 5.13628], [-42.69132, 5.13085], [-42.68107, 5.12541], [-42.67081, 5.11998], [-42.66055, 5.11454], [-42.65029, 5.1091], [-42.6207, 5.09345], [-42.59693, 5.08089], [-42.57429, 5.06891], [-42.55278, 5.05754], [-42.5324, 5.04676], [-42.51316, 5.03658], [-42.49504, 5.027], [-42.47805, 5.01802], [-42.46107, 5.00904], [-42.44522, 5.00066], [-42.43049, 4.99288], [-42.40854, 4.98125], [-42.1385, 4.8384], [-42.2126, 4.9251], [-41.99742, 4.81916], [-41.9043, 4.7708], [-41.4606, 4.5263], [-41.42909, 4.51015], [-41.39871, 4.49458], [-41.36945, 4.47958], [-41.34131, 4.46517], [-41.3143, 4.45132], [-41.28841, 4.43806], [-41.26365, 4.42536], [-41.2389, 4.41268], [-41.21526, 4.40056], [-41.19163, 4.38845], [-41.16912, 4.37691], [-41.14775, 4.36595], [-41.11558, 4.34947], [-41.07375, 4.32803], [-40.505, 4.0367], [-40.34684, 3.91661], [-39.98907, 3.62894], [-39.96327, 3.60773], [-39.93746, 3.58653], [-39.91165, 3.56532], [-39.88676, 3.54487], [-39.8628, 3.52517], [-39.83885, 3.50548], [-39.81487, 3.48578], [-39.79184, 3.46684], [-39.77069, 3.44947], [-39.74953, 3.43206], [-39.72834, 3.41465], [-39.70715, 3.39723], [-39.68689, 3.38058], [-39.5788, 3.292], [-39.44018, 3.17834], [-39.3416, 3.09749], [-39.26109, 3.03147], [-39.17765, 2.963], [-39.09986, 2.89916], [-38.7377, 2.602], [-38.68327, 2.56062], [-38.63691, 2.52535], [-38.59759, 2.49547], [-38.56332, 2.4694], [-38.53308, 2.44641], [-38.50687, 2.42648], [-38.4847, 2.40961], [-38.46555, 2.39505], [-38.44841, 2.38202], [-38.4343, 2.37128], [-38.4212, 2.36133], [-38.4101, 2.35289], [-38.40002, 2.34522], [-38.39196, 2.33909], [-38.38491, 2.33373], [-38.37886, 2.32913], [-38.37281, 2.32453], [-38.36777, 2.32069], [-38.36374, 2.31763], [-38.35971, 2.31457], [-38.35668, 2.31226], [-38.35366, 2.30997], [-38.35164, 2.30843], [-38.34908, 2.30647], [-38.34675, 2.30468], [-38.34409, 2.30254], [-38.3136, 2.2775], [-37.94115, 1.93441], [-37.70724, 1.73602], [-37.4091, 1.492]]}}, {"type": "Feature", "properties": {"ssGmStId": 467, "ssGmStNm": "RC1101", "cmpnntGmId": 5.0, "ss2dUqLnId": "RC1101", "district": "LANDMARK", "project": "NEOGENO_FOZAMAZONAS", "subprj": "ALL_DATA", "owtype": "Seis2DLine", "Shape_Leng": 0.0, "OBJECTID": 251.0, "Interpret": "Nao iniciada"}, "geometry": {"type": "LineString", "coordinates": [[-49.68332, 10.0], [-49.6756, 9.99052], [-49.64327, 9.95042], [-49.61623, 9.91687], [-49.59019, 9.88457], [-49.56521, 9.85356], [-49.5423, 9.82514], [-49.52045, 9.798], [-49.50067, 9.77345], [-49.48193, 9.75019], [-49.46422, 9.72822], [-49.44757, 9.70753], [-49.207, 9.4083], [-48.779, 8.8067], [-48.44486, 8.24768], [-48.33871, 8.07004], [-48.27244, 7.95911], [-48.21811, 7.86816], [-48.0747, 7.6281], [-48.0627, 7.5673], [-48.0474, 7.541], [-47.8104, 7.159], [-47.5396, 6.8725], [-47.25816, 6.58867], [-46.9841, 6.3153], [-46.7328, 6.0736], [-46.63173, 5.97387], [-46.55417, 5.89733], [-46.49541, 5.83934], [-46.3344, 5.6804], [-46.31899, 5.65146], [-46.30439, 5.62405], [-46.2906, 5.59816], [-46.2768, 5.57227], [-46.26383, 5.54789], [-46.25085, 5.52352], [-46.23868, 5.50067], [-46.22732, 5.47934], [-46.21678, 5.45954], [-46.20623, 5.43974], [-46.19649, 5.42145], [-46.18676, 5.40317], [-46.17783, 5.38642], [-46.16891, 5.36965], [-46.1608, 5.35442], [-45.9726, 5.001], [-45.9356, 4.9869], [-45.9236, 4.9496], [-45.89198, 4.86723], [-45.84645, 4.75147], [-45.70669, 4.39644], [-45.5942, 4.0764], [-45.5583, 3.7324], [-45.5483, 3.412], [-45.534, 3.0891], [-45.46936, 2.77332], [-45.4147, 2.4669], [-45.3813, 2.2412], [-45.4132, 2.1367], [-45.40467, 2.09507], [-45.3923, 2.0165], [-45.36592, 1.70012], [-45.3365, 1.3147], [-45.03208, 0.73667], [-45.03042, 0.73358], [-45.02875, 0.73048], [-45.02708, 0.72738], [-45.02541, 0.72428], [-45.02375, 0.72119], [-45.02209, 0.71809], [-45.02042, 0.71499], [-45.01876, 0.71189], [-45.01709, 0.70879], [-45.01542, 0.7057], [-45.01376, 0.7026], [-45.0121, 0.6995], [-45.01043, 0.6964], [-45.00877, 0.69331], [-45.0071, 0.69021], [-45.00543, 0.68711], [-45.00377, 0.68401], [-45.0021, 0.68092], [-45.00044, 0.67782], [-44.99878, 0.67472], [-44.99712, 0.67161], [-44.99544, 0.66852], [-44.99378, 0.66542], [-44.99211, 0.66233], [-44.99045, 0.65923], [-44.98879, 0.65613], [-44.98712, 0.65303], [-44.98546, 0.64994], [-44.98379, 0.64684], [-44.98212, 0.64374], [-44.98046, 0.64064], [-44.9788, 0.63754], [-44.97713, 0.63445], [-44.97547, 0.63135], [-44.9738, 0.62825], [-44.97213, 0.62515], [-44.97103, 0.62309], [-44.96991, 0.62103], [-44.96881, 0.61896], [-44.9677, 0.61689], [-44.9541, 0.59163], [-44.94131, 0.56785], [-44.92932, 0.54556], [-44.91813, 0.52475], [-44.90773, 0.50544], [-44.89734, 0.48612], [-44.88775, 0.46829], [-44.87895, 0.45194], [-44.87016, 0.43559], [-44.86216, 0.42073], [-44.85416, 0.40587], [-44.84696, 0.39249], [-44.83977, 0.37912], [-44.83337, 0.36723], [-44.82697, 0.35533], [-44.82138, 0.34493], [-44.81578, 0.33453], [-44.81019, 0.32412], [-44.80539, 0.31521], [-44.80059, 0.30629], [-44.79579, 0.29737], [-44.7918, 0.28995], [-44.7878, 0.28251], [-44.7838, 0.27508], [-44.7798, 0.26766], [-44.77661, 0.26171], [-44.77341, 0.25576], [-44.77021, 0.24982], [-44.76701, 0.24387], [-44.76461, 0.23941], [-44.76222, 0.23495], [-44.75982, 0.2305], [-44.75742, 0.22604], [-44.75502, 0.22158], [-44.7289, 0.173], [-44.64234, 0.23878], [-44.15638, 0.59398], [-43.8948, 0.77602], [-43.81096, 0.83437], [-43.7624, 0.8673], [-43.8145, 0.902], [-43.80449, 0.9061], [-43.79447, 0.91021], [-43.78445, 0.91431], [-43.77444, 0.91841], [-43.76442, 0.92252], [-43.7544, 0.92662], [-43.74582, 0.93014], [-43.73723, 0.93366], [-43.72864, 0.93717], [-43.72005, 0.94069], [-43.71149, 0.94419], [-43.70296, 0.94769], [-43.69441, 0.95119], [-43.12368, 1.18475], [-42.41622, 1.4783], [-41.93338, 1.66463], [-41.55643, 1.80934], [-41.5114, 1.8255], [-41.4923, 1.7179], [-41.5232, 1.6555], [-41.52275, 1.6536], [-41.52229, 1.65168], [-41.52184, 1.64977], [-41.52138, 1.64787], [-41.52093, 1.64595], [-41.52048, 1.64404], [-41.52002, 1.64213], [-41.51958, 1.64022], [-41.51912, 1.63831], [-41.51867, 1.6364], [-41.51822, 1.63449], [-41.51776, 1.63258], [-41.51731, 1.63067], [-41.51685, 1.62875], [-41.5164, 1.62685], [-41.51402, 1.61583], [-41.51165, 1.6048], [-41.50957, 1.59516], [-41.50749, 1.58552], [-41.50541, 1.57587], [-41.50333, 1.56622], [-41.50125, 1.55658], [-41.35213, 0.87301], [-41.2458, 0.427], [-41.2033, 0.2723], [-41.1141, 0.04583], [-41.1133, -0.0438], [-41.0139, -0.3782], [-40.8805, -0.89068], [-40.84073, -1.06008], [-40.76475, -1.39509], [-40.74962, -1.45918], [-40.73766, -1.50986], [-40.72781, -1.55159], [-40.71972, -1.58587], [-40.71339, -1.6127], [-40.70736, -1.6382], [-40.6863, -1.7275], [-40.633, -1.9756], [-40.626, -2.0239], [-40.6751, -2.0687], [-40.659, -2.1279], [-40.5456, -2.07217], [-40.50649, -2.05267], [-40.4697, -2.03432], [-40.43405, -2.01654], [-40.39955, -1.99934], [-40.36617, -1.98269], [-40.328, -1.96368], [-39.8077, -1.7059], [-39.52458, -1.57986], [-39.18365, -1.43941], [-39.05812, -1.38769], [-38.93361, -1.3375], [-38.60586, -1.27673], [-38.21468, -1.20969], [-38.15346, -1.19922], [-38.09524, -1.18925], [-38.04149, -1.18005], [-37.99073, -1.17136], [-37.94445, -1.16344], [-37.83262, -1.14428], [-37.72517, -1.12587], [-37.64345, -1.11186], [-37.42401, -1.0743], [-37.2066, -1.0679]]}}, {"type": "Feature", "properties": {"ssGmStId": 468, "ssGmStNm": "RC1311_19_1", "cmpnntGmId": 5.0, "ss2dUqLnId": "RC1311_19_1", "district": "LANDMARK", "project": "NEOGENO_FOZAMAZONAS", "subprj": "ALL_DATA", "owtype": "Seis2DLine", "Shape_Leng": 0.0, "OBJECTID": 252.0, "Interpret": "Nao iniciada"}, "geometry": {"type": "MultiLineString", "coordinates": [[[-49.47613, 10.0], [-49.4793, 9.8804], [-49.56142, 9.26972], [-49.63117, 8.5372], [-49.63543, 8.48633], [-49.63785, 8.45743], [-49.641, 8.4195], [-49.62282, 8.41552], [-49.62075, 8.41494], [-49.61868, 8.41437], [-49.61661, 8.41379], [-49.61455, 8.41321], [-49.61247, 8.41264], [-49.6104, 8.41207], [-49.60834, 8.41149], [-49.60626, 8.41091], [-49.6042, 8.41034], [-49.60212, 8.40976], [-49.60006, 8.40919], [-49.59546, 8.40789], [-49.59087, 8.4066], [-49.58627, 8.40531], [-49.58168, 8.40401], [-49.50083, 8.38096], [-49.46813, 8.37163], [-49.44824, 8.36612], [-49.43581, 8.36276], [-49.42764, 8.36055], [-49.42232, 8.35911], [-49.41878, 8.35815], [-49.41021, 8.35575], [-49.39102, 8.35015], [-49.37183, 8.34454], [-49.35264, 8.33894], [-49.33345, 8.33333], [-49.31547, 8.32806], [-49.29748, 8.32281], [-49.27949, 8.31755], [-49.2627, 8.31265], [-49.24591, 8.30775], [-49.22913, 8.30283], [-49.21233, 8.29793], [-49.19675, 8.29338], [-49.18115, 8.28882], [-49.16557, 8.28426], [-49.15118, 8.28005], [-49.13679, 8.27585], [-49.12239, 8.27164], [-49.108, 8.26743], [-49.09482, 8.26358], [-49.08162, 8.25973], [-49.06843, 8.25587], [-49.05525, 8.25202], [-49.04206, 8.24816], [-49.03006, 8.24465], [-49.01806, 8.24114], [-49.00607, 8.23764], [-48.99408, 8.23414], [-48.9821, 8.23063], [-48.97131, 8.22748], [-48.96051, 8.22432], [-48.94971, 8.22117], [-48.93892, 8.21801], [-48.92813, 8.21486], [-48.91853, 8.21206], [-48.90895, 8.20925], [-48.89935, 8.20645], [-48.88976, 8.20364], [-48.88016, 8.20083], [-48.87057, 8.19802], [-48.86098, 8.19522], [-48.85258, 8.19277], [-48.84419, 8.19032], [-48.83579, 8.18787], [-48.8274, 8.18541], [-48.81497, 8.18175], [-48.412, 8.0622], [-47.85, 7.8725], [-47.22418, 7.6426], [-47.21706, 7.64], [-47.1446, 7.6147], [-47.0049, 7.5705], [-46.94912, 7.55132], [-46.3649, 7.3611], [-45.9942, 7.24445], [-45.8247, 7.1911], [-45.5571, 7.1243], [-45.25817, 7.02804], [-44.7676, 6.8665], [-44.7618, 6.8162], [-44.7662, 6.7573], [-44.7701, 6.7637], [-44.7702, 6.76229], [-44.77031, 6.76088], [-44.77041, 6.75947], [-44.77052, 6.75806], [-44.77061, 6.75665], [-44.77071, 6.75524], [-44.77082, 6.75383], [-44.77092, 6.75242], [-44.77103, 6.75101], [-44.77113, 6.7496], [-44.77123, 6.74819], [-44.77133, 6.74678], [-44.77143, 6.74537], [-44.77155, 6.74386], [-44.77173, 6.74141], [-44.77191, 6.73895], [-44.77209, 6.7365], [-44.77226, 6.73405], [-44.77244, 6.7316], [-44.77262, 6.72915], [-44.79855, 6.38206], [-44.8004, 6.35028], [-44.80219, 6.31977], [-44.80391, 6.29053], [-44.80554, 6.26256], [-44.80718, 6.23459], [-44.80874, 6.20789], [-44.81023, 6.18246], [-44.81164, 6.15829], [-44.81298, 6.13541], [-44.81432, 6.11252], [-44.81558, 6.09089], [-44.81685, 6.06927], [-44.81804, 6.04892], [-44.82138, 5.98803], [-44.82215, 5.97361], [-44.82252, 5.96723], [-44.82302, 5.95833], [-44.82723, 5.88004], [-44.82951, 5.83727], [-44.8456, 5.5332], [-44.8311, 5.2396], [-44.796, 4.9563], [-44.7539, 4.6824], [-44.7179, 4.4882], [-44.5521, 4.5104], [-44.3882, 4.5452], [-44.142, 4.57419], [-43.8159, 4.6173], [-43.7555, 4.6307], [-43.7395, 4.6396], [-43.68195, 4.64344], [-43.4504, 4.655], [-43.2725, 4.6473], [-43.27961, 3.96229]], [[-43.27961, 3.96229], [-43.2797, 3.9538], [-43.28468, 3.93494], [-43.28872, 3.91966], [-43.29181, 3.90799], [-43.302, 3.869], [-43.3243, 3.8968], [-43.324, 3.852], [-43.3058, 3.6873], [-43.30564, 3.67539]], [[-43.30564, 3.67539], [-43.3042, 3.5715], [-43.17318, 3.32201], [-43.0279, 3.0162], [-43.03758, 3.26996], [-43.0567, 3.6176], [-43.05654, 3.62086]], [[-43.05654, 3.62086], [-43.04023, 3.95428]], [[-43.04023, 3.95428], [-43.0398, 3.963], [-43.0226, 4.1329], [-43.00035, 4.13292], [-42.9816, 4.13293], [-42.96404, 4.13294], [-42.94881, 4.13296], [-42.8431, 4.133], [-42.84151, 4.10924], [-42.84007, 4.08774], [-42.83863, 4.06624], [-42.83265, 3.97537], [-42.83066, 3.94549]], [[-42.83066, 3.94549], [-42.8138, 3.6927], [-42.81278, 3.63935]], [[-42.81278, 3.63935], [-42.8102, 3.5035], [-42.86132, 3.15625]], [[-42.86132, 3.15625], [-42.8687, 3.1061], [-42.9002, 3.154], [-42.88139, 3.15508], [-42.86455, 3.15606], [-42.86132, 3.15625]], [[-42.86132, 3.15625], [-42.70306, 3.16537], [-42.5824, 3.1693], [-42.5538, 3.1729], [-42.55415, 3.19714], [-42.55447, 3.21996], [-42.5548, 3.24278], [-42.55511, 3.26418], [-42.5554, 3.28416], [-42.55583, 3.32516], [-42.55657, 3.41729], [-42.5585, 3.6403], [-42.5535, 3.956], [-42.6615, 3.9501], [-42.83066, 3.94549]], [[-42.83066, 3.94549], [-42.8929, 3.9438], [-42.90382, 3.94457], [-42.91337, 3.94525], [-42.92896, 3.94637], [-42.98525, 3.95037], [-43.02822, 3.95342], [-43.04023, 3.95428]], [[-43.04023, 3.95428], [-43.05932, 3.95563], [-43.1608, 3.9629], [-43.27961, 3.96229]], [[-43.27961, 3.96229], [-43.3163, 3.9621], [-43.4477, 3.9592], [-43.44801, 3.91882], [-43.44827, 3.88395], [-43.44849, 3.85366], [-43.4493, 3.675], [-43.3191, 3.6767], [-43.30564, 3.67539]], [[-43.30564, 3.67539], [-43.2861, 3.6735], [-43.1551, 3.6146], [-43.1285, 3.6154], [-43.1165, 3.61631], [-43.10449, 3.61722], [-43.09249, 3.61813], [-43.08049, 3.61905], [-43.06957, 3.61987], [-43.05866, 3.6207], [-43.05654, 3.62086]], [[-43.05654, 3.62086], [-43.04774, 3.62153], [-43.03793, 3.62228], [-43.0281, 3.62303], [-43.01828, 3.62378], [-43.00846, 3.62452], [-42.99973, 3.62519], [-42.991, 3.62585], [-42.98227, 3.62652], [-42.96006, 3.62819], [-42.94019, 3.6297], [-42.92149, 3.63112], [-42.90395, 3.63245], [-42.88759, 3.63368], [-42.87357, 3.63475], [-42.85955, 3.63581], [-42.84669, 3.63679], [-42.83501, 3.63767], [-42.82449, 3.63847], [-42.81513, 3.63917], [-42.81278, 3.63935]], [[-42.81278, 3.63935], [-42.80578, 3.63988], [-42.7976, 3.64051], [-42.78942, 3.64113], [-42.78241, 3.64166], [-42.77539, 3.64218], [-42.76955, 3.64263], [-42.76216, 3.64319], [-42.75331, 3.64386], [-42.695, 3.6483]]]}}, {"type": "Feature", "properties": {"ssGmStId": 469, "ssGmStNm": "RC1311_19_2", "cmpnntGmId": 5.0, "ss2dUqLnId": "RC1311_19_2", "district": "LANDMARK", "project": "NEOGENO_FOZAMAZONAS", "subprj": "ALL_DATA", "owtype": "Seis2DLine", "Shape_Leng": 0.0, "OBJECTID": 253.0, "Interpret": "Nao iniciada"}, "geometry": {"type": "MultiLineString", "coordinates": [[[-42.6907, 3.64849], [-42.49439, 3.66697], [-42.39024, 3.6774], [-42.3519, 3.6804], [-42.3432, 3.51515], [-42.34041, 3.44467]], [[-42.34041, 3.44467], [-42.3386, 3.3989], [-42.35168, 3.36826], [-42.36226, 3.34353], [-42.4022, 3.2534], [-42.48801, 3.2508], [-42.64727, 3.24595], [-42.70462, 3.2442], [-42.75113, 3.24277], [-42.79784, 3.24134], [-42.9765, 3.2358], [-42.97779, 3.3232], [-42.9738, 3.46869], [-42.77389, 3.478], [-42.73837, 3.47492], [-42.70717, 3.47221], [-42.51897, 3.45384], [-42.4559, 3.4454], [-42.34041, 3.44467]], [[-42.34041, 3.44467], [-42.3288, 3.44459], [-42.13517, 3.4389], [-42.0112, 3.4282], [-41.88018, 3.14512], [-41.87605, 3.13566], [-41.87194, 3.12622], [-41.86782, 3.11676], [-41.86369, 3.10732], [-41.86009, 3.09904], [-41.85648, 3.09078], [-41.85288, 3.08251], [-41.84927, 3.07425], [-41.84566, 3.06597], [-41.84257, 3.05889], [-41.83948, 3.0518], [-41.83639, 3.04471], [-41.8333, 3.03762], [-41.8302, 3.03053], [-41.82711, 3.02345], [-41.82454, 3.01754], [-41.74649, 2.8419], [-41.58595, 2.56239], [-41.55293, 2.5043], [-41.5347, 2.47278], [-41.51813, 2.44413], [-41.50322, 2.41834], [-41.4877, 2.39149], [-41.47272, 2.36552], [-41.45995, 2.34341], [-41.36244, 2.17317], [-41.33542, 2.12546], [-41.31126, 2.0828], [-41.29054, 2.04623], [-41.2727, 2.01473], [-41.16879, 1.8305], [-41.07183, 1.6696], [-41.0537, 1.6423]]]}}, {"type": "Feature", "properties": {"ssGmStId": 470, "ssGmStNm": "RC1509", "cmpnntGmId": 5.0, "ss2dUqLnId": "RC1509", "district": "LANDMARK", "project": "NEOGENO_FOZAMAZONAS", "subprj": "ALL_DATA", "owtype": "Seis2DLine", "Shape_Leng": 0.0, "OBJECTID": 254.0, "Interpret": "Nao iniciada"}, "geometry": {"type": "MultiLineString", "coordinates": [[[-39.8551, -2.1041], [-40.23928, -2.03372], [-40.6943, -1.9461], [-40.6787, -1.6646], [-40.67441, -1.3611], [-40.59558, -1.06884], [-40.5103, -0.7838], [-40.488, -0.6526], [-40.41262, -0.37478], [-40.3378, -0.1105], [-40.32354, 0.11327], [-40.2596, 0.1257], [-40.22872, 0.18512], [-40.19097, 0.25768], [-40.15952, 0.31813], [-40.13437, 0.36649], [-40.03, 0.5663], [-39.9297, 0.7882], [-39.7829, 1.0831], [-39.6583, 1.4796], [-39.65613, 1.48687], [-39.65396, 1.49414], [-39.65221, 1.49997], [-39.65048, 1.50578], [-39.64874, 1.5116], [-39.647, 1.51742], [-39.64526, 1.52324], [-39.64353, 1.52905], [-39.64178, 1.53487], [-39.64004, 1.54069], [-39.63831, 1.54651], [-39.63656, 1.55233], [-39.63483, 1.55814], [-39.63309, 1.56396], [-39.63135, 1.56978], [-39.62961, 1.5756], [-39.62831, 1.57997], [-39.62701, 1.58432], [-39.62569, 1.58869], [-39.62439, 1.59306], [-39.62309, 1.59741], [-39.62179, 1.60178], [-39.62048, 1.60615], [-39.61917, 1.6105], [-39.61787, 1.61487], [-39.61657, 1.61924], [-39.61526, 1.62359], [-39.61396, 1.62796], [-39.61266, 1.63233], [-39.61135, 1.63668], [-39.61005, 1.64105], [-39.60874, 1.64542], [-39.60744, 1.64977], [-39.60614, 1.65414], [-39.60483, 1.65851], [-39.60396, 1.66142], [-39.60309, 1.66432], [-39.60222, 1.66723], [-39.60135, 1.67014], [-39.60048, 1.67305], [-39.59962, 1.67595], [-39.59874, 1.67886], [-39.59787, 1.68177], [-39.59583, 1.68859], [-39.59379, 1.69541], [-39.59174, 1.70221], [-39.5897, 1.70903], [-39.58816, 1.71414], [-39.58664, 1.71925], [-39.5851, 1.72436], [-39.58356, 1.72948], [-39.58204, 1.73458], [-39.5805, 1.73969], [-39.57896, 1.74481], [-39.57744, 1.74991], [-39.5759, 1.75503], [-39.53865, 1.87866], [-39.4969, 2.0393], [-39.60593, 1.94266], [-39.75459, 1.80603], [-39.7557, 1.80493], [-39.7743, 1.7786], [-39.77568, 1.7773], [-39.77706, 1.77601], [-39.77843, 1.77472], [-39.77982, 1.77343], [-39.78119, 1.77213], [-39.78258, 1.77084], [-39.78395, 1.76955], [-39.78533, 1.76825], [-39.78671, 1.76696], [-39.78809, 1.76567], [-39.78947, 1.76438], [-39.79085, 1.76308], [-39.79222, 1.76179], [-39.79361, 1.7605], [-39.79498, 1.75921], [-39.79894, 1.75549], [-39.8029, 1.75178], [-39.80686, 1.74806], [-39.81081, 1.74435], [-39.81477, 1.74064], [-39.81774, 1.73785], [-39.8207, 1.73506], [-39.82367, 1.73228], [-39.82664, 1.72949], [-39.82893, 1.72734], [-39.83122, 1.72519], [-39.83351, 1.72304], [-39.8358, 1.72089], [-39.83809, 1.71874], [-39.84038, 1.71659], [-39.84266, 1.71444], [-39.84495, 1.71229], [-39.84725, 1.71014], [-39.84954, 1.70799], [-39.85183, 1.70584], [-39.85412, 1.70369], [-39.85641, 1.70153], [-39.8587, 1.69938], [-39.86098, 1.69723], [-39.86327, 1.69509], [-39.86556, 1.69294], [-39.86785, 1.69079], [-39.87014, 1.68863], [-39.87243, 1.68648], [-39.87472, 1.68433], [-39.87701, 1.68218], [-39.8793, 1.68003], [-39.88159, 1.67789], [-39.88388, 1.67574], [-39.88616, 1.67358], [-39.88845, 1.67143], [-39.89074, 1.66928], [-39.89289, 1.66726], [-39.89504, 1.66524], [-39.89719, 1.66322], [-39.89934, 1.6612], [-39.90149, 1.65918], [-39.90363, 1.65716], [-39.90578, 1.65514], [-39.90794, 1.65313], [-39.91008, 1.6511], [-39.91223, 1.64909], [-39.91438, 1.64706], [-39.91652, 1.64504], [-39.91868, 1.64303], [-39.92083, 1.641], [-39.92297, 1.63899], [-39.92512, 1.63696], [-39.92727, 1.63495], [-39.92942, 1.63293], [-39.93157, 1.63091], [-39.93372, 1.62889], [-39.93586, 1.62687], [-39.93801, 1.62485], [-39.94016, 1.62282], [-39.94231, 1.62081], [-39.94446, 1.61879], [-39.94661, 1.61677], [-39.94876, 1.61475], [-39.9509, 1.61273], [-39.95306, 1.61071], [-39.95521, 1.6087], [-39.95735, 1.60667], [-39.9595, 1.60465], [-39.96165, 1.60263], [-39.9638, 1.60061], [-39.96595, 1.59859], [-39.9681, 1.59657], [-40.0293, 1.5379], [-40.04128, 1.52775], [-40.05327, 1.5176], [-40.06226, 1.50998], [-40.07125, 1.50237], [-40.08023, 1.49476], [-40.08922, 1.48715], [-40.09822, 1.47954], [-40.1072, 1.47192], [-40.11319, 1.46684], [-40.11919, 1.46177], [-40.12518, 1.4567], [-40.13118, 1.45162], [-40.13717, 1.44655], [-40.14316, 1.44146], [-40.14915, 1.43639], [-40.19133, 1.40074], [-40.3655, 1.2568], [-40.57869, 1.06519], [-40.77391, 0.9002], [-41.1529, 0.5914], [-41.1348, 0.5966], [-41.1828, 0.4363], [-41.19899, 0.36713], [-41.21097, 0.31595], [-41.2457, 0.1676], [-41.3018, -0.0516], [-41.34167, -0.25697], [-41.35511, -0.32589], [-41.39138, -0.45635], [-41.4081, -0.5016], [-41.41755, -0.547], [-41.42661, -0.59055], [-41.43509, -0.63132], [-41.44299, -0.66931], [-41.45032, -0.70452], [-41.45726, -0.73787], [-41.46362, -0.76845], [-41.5621, -1.2411], [-41.5596, -1.4003], [-41.5464, -1.5018], [-41.5048, -1.6249], [-41.5089, -1.6745], [-41.5334, -1.6716], [-41.546, -1.7645], [-41.54611, -1.7687], [-41.54622, -1.77289], [-41.54634, -1.77709], [-41.54644, -1.78128], [-41.54655, -1.78547], [-41.54666, -1.78966], [-41.54677, -1.79385], [-41.54688, -1.79805], [-41.54699, -1.80224], [-41.5471, -1.80644], [-41.54721, -1.81063], [-41.54732, -1.81483], [-41.54743, -1.81902], [-41.54754, -1.82321], [-41.54765, -1.8274], [-41.54776, -1.83159], [-41.54787, -1.83579], [-41.54798, -1.83998], [-41.54809, -1.84417], [-41.54814, -1.84627], [-41.5482, -1.84837], [-41.54825, -1.85047], [-41.5483, -1.85257], [-41.54836, -1.85467], [-41.54841, -1.85677], [-41.54847, -1.85887], [-41.54853, -1.86097], [-41.54858, -1.86307], [-41.54864, -1.86516], [-41.54869, -1.86727], [-41.54874, -1.86937], [-41.5488, -1.87146], [-41.54885, -1.87356], [-41.54891, -1.87567], [-41.54896, -1.87776], [-41.54901, -1.87986], [-41.54907, -1.88196], [-41.54913, -1.88406], [-41.54918, -1.88616], [-41.54924, -1.88826], [-41.54929, -1.89035], [-41.54935, -1.89246], [-41.5494, -1.89456], [-41.54945, -1.89665], [-41.54949, -1.89802], [-41.54952, -1.89937], [-41.54955, -1.90074], [-41.54958, -1.9021], [-41.54962, -1.90346], [-41.54964, -1.90482], [-41.54968, -1.90618], [-41.54971, -1.90754], [-41.54974, -1.9089], [-41.54977, -1.91029], [-41.5498, -1.91175], [-41.54985, -1.91321], [-41.54988, -1.91468], [-41.54992, -1.91613], [-41.55264, -2.01806], [-41.55333, -2.03391], [-41.55398, -2.0487], [-41.55457, -2.06244], [-41.55513, -2.07513], [-41.55563, -2.08675], [-41.5561, -2.09733], [-41.55651, -2.10684], [-41.55688, -2.11529], [-41.55725, -2.12374], [-41.55757, -2.13115], [-41.55785, -2.13749], [-41.55812, -2.14383], [-41.55836, -2.14911], [-41.55859, -2.1544], [-41.55882, -2.15969], [-41.559, -2.16391], [-41.55919, -2.16814], [-41.55933, -2.17131], [-41.55947, -2.17448], [-41.5596, -2.17765], [-41.55974, -2.18082], [-41.55984, -2.18294], [-41.55993, -2.18505], [-41.56002, -2.18716], [-41.56011, -2.18927], [-41.56021, -2.19139], [-41.5603, -2.1935], [-41.5618, -2.2158], [-41.5867, -2.20795], [-41.60919, -2.20087], [-41.65689, -2.18597], [-41.68861, -2.17608], [-41.71691, -2.16726], [-41.9232, -2.1035], [-42.0836, -2.0164], [-42.2426, -1.9209], [-42.3328, -1.8957], [-42.34199, -1.89458], [-42.35117, -1.89345], [-42.35952, -1.89243], [-42.36787, -1.89141], [-42.37622, -1.89039], [-42.38456, -1.88937], [-42.39292, -1.88835], [-42.40126, -1.88733], [-42.40962, -1.8863], [-42.41713, -1.88538], [-42.42465, -1.88447], [-42.43217, -1.88355], [-42.43968, -1.88263], [-42.44719, -1.88171], [-42.4547, -1.88079], [-42.46222, -1.87987], [-42.4689, -1.87906], [-42.47557, -1.87824], [-42.48226, -1.87742], [-42.48894, -1.87661], [-42.49561, -1.87579], [-42.5023, -1.87497], [-42.50898, -1.87416], [-42.51482, -1.87344], [-42.52067, -1.87273], [-42.52652, -1.87201], [-42.53235, -1.8713], [-42.5382, -1.87059], [-42.54405, -1.86987], [-42.54989, -1.86915], [-42.55573, -1.86844], [-42.56158, -1.86772], [-42.56742, -1.86701], [-42.57243, -1.86639], [-42.57744, -1.86579], [-42.58245, -1.86517], [-42.58747, -1.86456], [-42.59247, -1.86394], [-42.59748, -1.86333], [-42.61556, -1.8612], [-42.63568, -1.85882], [-42.9484, -1.8223], [-42.96099, -1.8153], [-42.97358, -1.80828], [-42.98528, -1.80177], [-42.99696, -1.79527], [-43.00776, -1.78926], [-43.01855, -1.78326], [-43.02935, -1.77725], [-43.03924, -1.77174], [-43.04913, -1.76623], [-43.05812, -1.76123], [-43.06711, -1.75622], [-43.0761, -1.75122], [-43.08421, -1.74671], [-43.0923, -1.7422], [-43.10039, -1.7377], [-43.10849, -1.7332], [-43.11568, -1.7292], [-43.12288, -1.72519], [-43.13008, -1.72119], [-43.13637, -1.71768], [-43.14266, -1.71417], [-43.14896, -1.71067], [-43.15526, -1.70717], [-43.16065, -1.70417], [-43.16605, -1.70115], [-43.17144, -1.69815], [-43.17684, -1.69515], [-43.18224, -1.69214], [-43.18674, -1.68964], [-43.19123, -1.68713], [-43.19573, -1.68463], [-43.20022, -1.68213], [-43.20473, -1.67963], [-43.20922, -1.67713], [-43.21282, -1.67512], [-43.21641, -1.67311], [-43.22001, -1.67112], [-43.22361, -1.66912], [-43.22723, -1.66711], [-43.23088, -1.66508], [-43.23453, -1.66304], [-43.23819, -1.66101], [-43.24183, -1.65898], [-43.24457, -1.65745], [-43.3399, -1.6051], [-43.4787, -1.50727], [-43.48098, -1.50563], [-43.48326, -1.50397], [-43.48554, -1.50233], [-43.48781, -1.50068], [-43.49009, -1.49904], [-43.49237, -1.49738], [-43.49465, -1.49574], [-43.49692, -1.49409], [-43.4992, -1.49245], [-43.50148, -1.49079], [-43.50376, -1.48915], [-43.50604, -1.4875], [-43.50831, -1.48585], [-43.51059, -1.4842], [-43.51287, -1.48256], [-43.51515, -1.48091], [-43.51742, -1.47926], [-43.5197, -1.47761], [-43.654, -1.3796], [-43.7321, -1.2361], [-43.85796, -1.05269], [-43.98862, -0.82136], [-44.0364, -0.7301], [-44.08, -0.6333], [-44.0941, -0.5929], [-44.32942, -0.32987], [-44.4384, -0.2046], [-44.6227, -0.0337], [-44.61954, 0.08508], [-44.6158, 0.1458], [-44.6438, 0.343], [-44.6375, 0.5945], [-44.6306, 0.6419], [-44.666, 0.6944], [-44.6403, 0.8056], [-44.59702, 0.96606], [-44.56634, 1.06155], [-44.54457, 1.12927], [-44.52867, 1.17874], [-44.51723, 1.21433], [-44.50858, 1.2412], [-44.4874, 1.3048], [-44.4327, 1.6391], [-44.36502, 1.94715], [-44.2881, 2.2572], [-44.2452, 2.4665], [-44.1974, 2.6776], [-44.16282, 2.95077], [-44.1238, 3.44086], [-44.0905, 3.77], [-44.0756, 3.94731], [-44.0719, 3.9914], [-44.062, 4.2049], [-44.0617, 4.3128], [-44.0313, 4.3478], [-44.0583, 4.3692], [-43.9069, 4.5372], [-43.75735, 4.70786], [-43.73411, 4.73521], [-43.71346, 4.75951], [-43.69475, 4.78154], [-43.67732, 4.80205], [-43.66182, 4.82028], [-43.64763, 4.83698], [-43.62864, 4.85931], [-43.60819, 4.88334], [-43.5023, 5.0076], [-43.4653, 5.0465], [-43.55715, 5.12095], [-43.55991, 5.12334], [-43.56267, 5.12572], [-43.56542, 5.12811], [-43.56817, 5.1305], [-43.57093, 5.13289], [-43.57277, 5.13447], [-43.57461, 5.13606], [-43.57645, 5.13765], [-43.57828, 5.13924], [-43.58012, 5.14084], [-43.58195, 5.14242], [-43.5838, 5.14402], [-43.58563, 5.14561], [-43.58747, 5.1472], [-43.58931, 5.14879], [-43.59114, 5.15038], [-43.59299, 5.15197], [-43.59482, 5.15357], [-43.59666, 5.15515], [-43.59849, 5.15674], [-43.60033, 5.15833], [-43.60217, 5.15992], [-43.60401, 5.16152], [-43.60584, 5.1631], [-43.60768, 5.1647], [-43.60952, 5.16629], [-43.61136, 5.16788], [-43.6132, 5.16947], [-43.61503, 5.17106], [-43.61687, 5.17265], [-43.6187, 5.17424], [-43.62055, 5.17583], [-43.62238, 5.17742], [-43.62422, 5.17901], [-43.62605, 5.1806], [-43.62789, 5.1822], [-43.62974, 5.18378], [-43.63157, 5.18538], [-43.63341, 5.18697], [-43.63524, 5.18855], [-43.63708, 5.19015], [-43.63892, 5.19173], [-43.64076, 5.19333], [-43.64259, 5.19492], [-43.64443, 5.19651], [-43.64627, 5.1981], [-43.64811, 5.1997], [-43.64995, 5.20128], [-43.65178, 5.20287], [-43.65362, 5.20446], [-43.65545, 5.20605], [-43.6573, 5.20765], [-43.65913, 5.20923], [-43.66097, 5.21083], [-43.66189, 5.21162], [-43.6628, 5.21241], [-43.66373, 5.21321], [-43.66464, 5.21401], [-43.66556, 5.2148], [-43.66649, 5.2156], [-43.6674, 5.21639], [-43.66832, 5.21718], [-43.66923, 5.21799], [-43.67016, 5.21878], [-43.67108, 5.21957], [-43.67199, 5.22037], [-43.67291, 5.22117], [-43.67383, 5.22196], [-43.67475, 5.22275], [-43.67567, 5.22355], [-43.67659, 5.22434], [-43.67751, 5.22514], [-43.67842, 5.22594], [-43.67934, 5.22673], [-43.68027, 5.22752], [-43.68118, 5.22832], [-43.6821, 5.22912], [-43.68302, 5.22991], [-43.68394, 5.23071], [-43.68486, 5.2315], [-43.68577, 5.2323], [-43.6867, 5.23309], [-43.68761, 5.23389], [-43.68853, 5.23468], [-43.68945, 5.23548], [-43.69037, 5.23628], [-43.69129, 5.23707], [-43.6922, 5.23786], [-43.69312, 5.23866], [-43.69405, 5.23946], [-43.69496, 5.24025], [-43.69588, 5.24105], [-43.6968, 5.24184], [-43.69772, 5.24263], [-43.69864, 5.24343], [-43.69955, 5.24423], [-43.70048, 5.24502], [-43.70139, 5.24581], [-43.70231, 5.24661], [-43.70323, 5.24741], [-43.70415, 5.2482], [-43.70507, 5.249], [-43.70598, 5.24979], [-43.70691, 5.25059], [-43.70783, 5.25139], [-43.70874, 5.25218], [-43.70966, 5.25297], [-43.71058, 5.25377], [-43.7115, 5.25457], [-43.71242, 5.25536], [-43.71333, 5.25615], [-43.71426, 5.25695], [-43.71517, 5.25775], [-43.8163, 5.3453], [-43.8609, 5.3854], [-43.86499, 5.37995], [-43.86908, 5.37451], [-43.87259, 5.36985], [-43.87609, 5.36519], [-43.8796, 5.36051], [-43.88311, 5.35585], [-43.88662, 5.35118], [-43.89012, 5.34652], [-43.89363, 5.34186], [-43.89722, 5.33713], [-43.90082, 5.33239], [-43.90444, 5.32766], [-43.90805, 5.32292], [-43.91166, 5.31818], [-43.91528, 5.31344], [-43.91889, 5.3087], [-43.92251, 5.30397], [-43.92613, 5.29922], [-43.92974, 5.29449], [-43.93275, 5.29053], [-43.93577, 5.28659], [-43.93877, 5.28264], [-43.94178, 5.27869], [-43.94479, 5.27474], [-43.94781, 5.27078], [-43.95082, 5.26684], [-43.95383, 5.26289], [-43.95684, 5.25894], [-43.95986, 5.25499], [-43.96287, 5.25104], [-43.96527, 5.24788], [-43.96769, 5.24471], [-43.9701, 5.24156], [-43.97251, 5.2384], [-43.97491, 5.23524], [-43.97732, 5.23208], [-43.97974, 5.22892], [-43.98215, 5.22576], [-43.98455, 5.2226], [-43.98696, 5.21944], [-43.98937, 5.21628], [-43.99178, 5.21312], [-43.99419, 5.20996], [-43.99752, 5.20555], [-44.01657, 5.17994], [-44.03014, 5.16166], [-44.04293, 5.14448], [-44.05411, 5.12943], [-44.06369, 5.11653], [-44.07248, 5.10471], [-44.07967, 5.09504], [-44.08605, 5.08644], [-44.1277, 5.0317], [-44.1716, 5.0156], [-44.3296, 4.864], [-44.53833, 4.64236], [-44.66598, 4.50312], [-44.87334, 4.27691], [-44.93576, 4.20881], [-45.1488, 3.9764], [-45.1568, 3.96707], [-45.16391, 3.95879], [-45.17103, 3.9505], [-45.17814, 3.94221], [-45.18526, 3.93392], [-45.19237, 3.92564], [-45.19949, 3.91735], [-45.2066, 3.90905], [-45.21283, 3.90181], [-45.21905, 3.89455], [-45.22528, 3.8873], [-45.2315, 3.88005], [-45.23772, 3.87279], [-45.24395, 3.86554], [-45.25017, 3.85828], [-45.2564, 3.85103], [-45.26173, 3.84481], [-45.26707, 3.83859], [-45.2724, 3.83238], [-45.27774, 3.82616], [-45.28308, 3.81994], [-45.28841, 3.81373], [-45.29375, 3.80751], [-45.29908, 3.80129], [-45.30442, 3.79508], [-45.30887, 3.7899], [-45.31331, 3.78471], [-45.31776, 3.77953], [-45.32221, 3.77435], [-45.32665, 3.76917], [-45.3311, 3.76399], [-45.33555, 3.75881], [-45.34297, 3.75014], [-45.35031, 3.74155], [-45.35765, 3.73295], [-45.51655, 3.54629], [-45.6425, 3.4095], [-45.6878, 3.3484], [-45.69116, 3.34482], [-45.69452, 3.34124], [-45.69788, 3.33766], [-45.70125, 3.33408], [-45.70461, 3.3305], [-45.70797, 3.32693], [-45.71133, 3.32334], [-45.71469, 3.31977], [-45.71805, 3.31618], [-45.72141, 3.31261], [-45.72393, 3.30992], [-45.72729, 3.30634], [-45.72982, 3.30366], [-45.73233, 3.30097], [-45.73486, 3.29829], [-45.73737, 3.2956], [-45.7399, 3.29292], [-45.74241, 3.29023], [-45.74494, 3.28754], [-45.74745, 3.28486], [-45.74998, 3.28217], [-45.75249, 3.27949], [-45.75502, 3.2768], [-45.75753, 3.27412], [-45.76005, 3.27144], [-45.76257, 3.26875], [-45.76509, 3.26606], [-45.76762, 3.26338], [-45.77013, 3.26069], [-45.77266, 3.25801], [-45.77517, 3.25532], [-45.7777, 3.25264], [-45.78021, 3.24995], [-45.78274, 3.24727], [-45.78526, 3.24457], [-45.78778, 3.24189], [-45.7903, 3.23921], [-45.79282, 3.23652], [-45.79534, 3.23384], [-45.79786, 3.23115], [-45.80038, 3.22847], [-45.8029, 3.22579], [-45.80542, 3.22309], [-45.80794, 3.22041], [-45.81047, 3.21772], [-45.81298, 3.21504], [-45.81551, 3.21236], [-45.81802, 3.20967], [-45.82055, 3.20699], [-45.82307, 3.2043], [-45.82559, 3.20161], [-45.82811, 3.19893], [-45.83063, 3.19624], [-45.83315, 3.19356], [-45.83567, 3.19087], [-45.83819, 3.18819], [-45.84071, 3.18551], [-45.84323, 3.18281], [-45.84575, 3.18013], [-45.84827, 3.17744], [-45.85079, 3.17476], [-45.85331, 3.17207], [-45.85583, 3.16939], [-45.85835, 3.1667], [-45.86087, 3.16401], [-45.8634, 3.16132], [-45.86591, 3.15864], [-45.86844, 3.15596], [-45.87095, 3.15327], [-45.87348, 3.15059], [-45.876, 3.1479], [-45.87852, 3.14521], [-45.88104, 3.14253], [-45.88356, 3.13984], [-45.88608, 3.13716], [-45.8886, 3.13447], [-45.89112, 3.13179], [-45.89364, 3.1291], [-45.89616, 3.12641], [-45.89868, 3.12373], [-45.9012, 3.12104], [-45.90372, 3.11836], [-45.90625, 3.11567], [-45.90876, 3.11299], [-45.91129, 3.1103], [-45.9138, 3.10761], [-45.91633, 3.10493], [-45.91884, 3.10225], [-45.92137, 3.09956], [-45.92389, 3.09688], [-45.9264, 3.09419], [-45.92893, 3.0915], [-45.93144, 3.08882], [-45.93397, 3.08613], [-45.93648, 3.08345], [-45.93816, 3.08166], [-45.93985, 3.07986], [-45.94153, 3.07808], [-45.94321, 3.07629], [-45.94489, 3.0745], [-45.94657, 3.0727], [-45.94825, 3.07091], [-45.94993, 3.06913], [-45.95161, 3.06734], [-45.95329, 3.06554], [-45.95497, 3.06375], [-45.95665, 3.06196], [-45.95833, 3.06018], [-45.96001, 3.05838], [-45.96169, 3.05659], [-45.96337, 3.0548], [-45.96505, 3.05301], [-45.96673, 3.05122], [-45.96841, 3.04943], [-45.97009, 3.04763], [-45.97177, 3.04585], [-45.97458, 3.04285], [-45.97739, 3.03985], [-45.98021, 3.03685], [-45.98303, 3.03385], [-45.98514, 3.0316], [-45.98724, 3.02935], [-45.98935, 3.02711], [-45.99146, 3.02486], [-45.99357, 3.02261], [-45.99568, 3.02036], [-45.99779, 3.01811], [-45.9999, 3.01587], [-46.00202, 3.01362], [-46.00413, 3.01137], [-46.00623, 3.00913], [-46.00834, 3.00688], [-46.01045, 3.00463], [-46.01256, 3.00238], [-46.01467, 3.00013], [-46.01678, 2.99788], [-46.0189, 2.99563], [-46.02101, 2.99338], [-46.02312, 2.99114], [-46.02522, 2.98889], [-46.03614, 2.97726], [-46.0411, 2.97198], [-46.04606, 2.96669], [-46.05102, 2.9614], [-46.05556, 2.95656], [-46.06012, 2.95172], [-46.06466, 2.94687], [-46.0688, 2.94247], [-46.07293, 2.93807], [-46.07665, 2.93411], [-46.08037, 2.93015], [-46.0841, 2.92618], [-46.08781, 2.92222], [-46.09112, 2.91869], [-46.09443, 2.91517], [-46.09773, 2.91165], [-46.10104, 2.90813], [-46.10393, 2.90504], [-46.10682, 2.90196], [-46.10972, 2.89888], [-46.11261, 2.8958], [-46.11509, 2.89315], [-46.11758, 2.89051], [-46.12005, 2.88787], [-46.12253, 2.88522], [-46.1246, 2.88302], [-46.12667, 2.88082], [-46.12873, 2.87862], [-46.1308, 2.87642], [-46.13286, 2.87422], [-46.13493, 2.87202], [-46.13658, 2.87026], [-46.13824, 2.86849], [-46.13989, 2.86673], [-46.14155, 2.86497], [-46.1432, 2.86321], [-46.14486, 2.86145], [-46.14651, 2.85969], [-46.14834, 2.85773], [-46.15071, 2.85521], [-46.1526, 2.85319], [-46.1545, 2.85117], [-46.15638, 2.84916], [-46.15828, 2.84714], [-46.202, 2.8005], [-46.34678, 2.65763], [-46.49718, 2.524], [-46.5485, 2.4814], [-46.7143, 2.3525], [-46.9689, 2.122], [-47.1699, 1.966], [-47.25481, 1.88374], [-47.3316, 1.8041], [-47.3573, 1.7723], [-47.4422, 1.6496], [-47.406, 1.8057], [-47.38845, 2.04844], [-47.38423, 2.09857], [-47.38073, 2.13998], [-47.37779, 2.17486], [-47.37522, 2.20538], [-47.37311, 2.23044], [-47.37127, 2.25223], [-47.36971, 2.27076], [-47.36842, 2.28601], [-47.36732, 2.29909], [-47.3664, 2.30998], [-47.36567, 2.3187], [-47.36502, 2.32633], [-47.36447, 2.33286], [-47.36401, 2.33831], [-47.362, 2.3608], [-47.4175, 2.4137], [-47.41694, 2.42091], [-47.41647, 2.42722], [-47.41598, 2.43352], [-47.4155, 2.43983], [-47.41501, 2.44614], [-47.4146, 2.45155], [-47.40288, 2.62483], [-47.3998, 2.7377], [-47.3897, 2.7843], [-47.3562, 2.9668], [-47.2738, 3.17], [-47.15923, 3.41077], [-47.11538, 3.49983], [-47.07981, 3.57206], [-47.04659, 3.63949], [-46.9368, 3.862], [-46.84233, 4.10133], [-46.81046, 4.17942], [-46.72007, 4.40132], [-46.70612, 4.43562], [-46.6812, 4.4972], [-46.7091, 4.4786], [-46.76926, 4.45138], [-47.0621, 4.32], [-47.2975, 4.2201], [-47.5479, 4.1399], [-47.78045, 4.07527], [-47.79328, 4.07171], [-48.05305, 4.00828], [-48.29148, 3.93943], [-48.4565, 3.898], [-48.8201, 3.7595], [-49.00984, 3.7172], [-49.1872, 3.682], [-49.3578, 3.6285], [-49.4083, 3.6084], [-49.41115, 3.60676], [-49.41401, 3.60512], [-49.41685, 3.60347], [-49.4197, 3.60182], [-49.42255, 3.60018], [-49.42541, 3.59854], [-49.42825, 3.59689], [-49.4311, 3.59524], [-49.43395, 3.5936], [-49.43681, 3.59196], [-49.43965, 3.59031], [-49.4425, 3.58866], [-49.44535, 3.58702], [-49.4482, 3.58538], [-49.45105, 3.58373], [-49.4539, 3.58208], [-49.45675, 3.58044], [-49.4596, 3.5788], [-49.46245, 3.57715], [-49.4653, 3.5755], [-49.46815, 3.57386], [-49.471, 3.57222], [-49.47385, 3.57057], [-49.47599, 3.56934], [-49.47813, 3.5681], [-49.48027, 3.56687], [-49.4824, 3.56564], [-49.48454, 3.5644], [-49.48668, 3.56317], [-49.48882, 3.56194], [-49.49095, 3.5607], [-49.49308, 3.55946], [-49.49522, 3.55823], [-49.49736, 3.557], [-49.4995, 3.55576], [-49.50164, 3.55453], [-49.50377, 3.5533], [-49.50591, 3.55206], [-49.50805, 3.55083], [-49.51019, 3.5496], [-49.51233, 3.54836], [-49.51446, 3.54713], [-49.5166, 3.5459], [-49.51874, 3.54466], [-49.52088, 3.54342], [-49.52302, 3.5422], [-49.52515, 3.54096], [-49.52729, 3.53972], [-49.52942, 3.53849], [-49.53156, 3.53726], [-49.5337, 3.53602], [-49.6585, 3.4619], [-49.7393, 3.39184], [-49.85858, 3.27751], [-49.984, 3.1518], [-49.9741, 3.403], [-49.9393, 3.68496], [-49.93862, 3.68938], [-49.93794, 3.69378], [-49.93725, 3.69819], [-49.93657, 3.7026], [-49.93598, 3.70638], [-49.9354, 3.71016], [-49.9348, 3.71393], [-49.93422, 3.71771], [-49.93364, 3.72149], [-49.93304, 3.72527], [-49.93246, 3.72905], [-49.93197, 3.7322], [-49.93148, 3.73535], [-49.931, 3.7385], [-49.9305, 3.74164], [-49.93002, 3.74479], [-49.92953, 3.74794], [-49.92904, 3.75109], [-49.92855, 3.75424], [-49.92816, 3.75676], [-49.92777, 3.75928], [-49.92738, 3.7618], [-49.92699, 3.76432], [-49.92659, 3.76684], [-49.92621, 3.76936], [-49.92581, 3.77188], [-49.92542, 3.77439], [-49.92503, 3.77691], [-49.92464, 3.77944], [-49.92434, 3.78132], [-49.92405, 3.78321], [-49.92376, 3.7851], [-49.92347, 3.78699], [-49.92317, 3.78888], [-49.92287, 3.79076], [-49.92259, 3.79266], [-49.9064, 3.8962], [-49.90379, 3.93155], [-49.90143, 3.9642], [-49.8928, 4.1111], [-49.89534, 4.25484], [-49.89544, 4.25841], [-49.89555, 4.26199], [-49.89565, 4.26556], [-49.89575, 4.26914], [-49.89584, 4.27271], [-49.89594, 4.27628], [-49.89605, 4.27985], [-49.89615, 4.28342], [-49.89626, 4.287], [-49.89636, 4.29057], [-49.89646, 4.29414], [-49.89656, 4.29772], [-49.89667, 4.3013], [-49.89677, 4.30487], [-49.89686, 4.30811], [-49.89695, 4.31137], [-49.89703, 4.31461], [-49.89712, 4.31786], [-49.89721, 4.32111], [-49.8973, 4.32436], [-49.89738, 4.32761], [-49.89745, 4.33021], [-49.89752, 4.3328], [-49.8976, 4.3354], [-49.89767, 4.33801], [-49.89774, 4.3406], [-49.8978, 4.3432], [-49.89787, 4.3458], [-49.89795, 4.34839], [-49.89802, 4.351], [-49.89809, 4.3536], [-49.89816, 4.35619], [-49.89822, 4.35879], [-49.8983, 4.36139], [-49.89837, 4.36399], [-49.89844, 4.36659], [-49.89851, 4.36919], [-49.89858, 4.37179], [-49.89865, 4.37438], [-49.89872, 4.37699], [-49.89879, 4.37958], [-49.89886, 4.38218], [-49.89893, 4.38478], [-49.899, 4.38738], [-49.89907, 4.38998], [-49.89914, 4.39258], [-49.89921, 4.39515], [-49.89926, 4.39701], [-49.89931, 4.39887], [-49.89936, 4.40073], [-49.89941, 4.4026], [-49.89946, 4.40445], [-49.89951, 4.40632], [-49.89956, 4.40818], [-49.89961, 4.41004], [-49.89966, 4.41191], [-49.89971, 4.41377], [-49.89976, 4.41563], [-49.89982, 4.41749], [-49.89986, 4.41936], [-49.89991, 4.42121], [-49.89997, 4.42308], [-49.90001, 4.42494], [-49.90007, 4.4268], [-49.90011, 4.42866], [-49.90017, 4.43053], [-49.90021, 4.43239], [-49.90026, 4.43425], [-49.90031, 4.43611], [-49.90036, 4.43798], [-49.90041, 4.43983], [-49.90046, 4.4417], [-49.90052, 4.44356], [-49.90056, 4.44542], [-49.90061, 4.44729], [-49.90067, 4.44915], [-49.90071, 4.45101], [-49.90077, 4.45287], [-49.90081, 4.45474], [-49.90087, 4.45659], [-49.90092, 4.45846], [-49.90096, 4.46032], [-49.90102, 4.46218], [-49.90106, 4.46404], [-49.90112, 4.46591], [-49.90116, 4.46777], [-49.90122, 4.46963], [-49.90126, 4.47149], [-49.90132, 4.47335], [-49.90137, 4.47521], [-49.9014, 4.47646], [-49.90143, 4.4777], [-49.90147, 4.47894], [-49.9015, 4.48018], [-49.90153, 4.48142], [-49.90157, 4.48267], [-49.9016, 4.4839], [-49.90164, 4.48515], [-49.90167, 4.48639], [-49.9017, 4.48763], [-49.90174, 4.48887], [-49.90176, 4.49012], [-49.9018, 4.49136], [-49.90184, 4.49259], [-49.90187, 4.49384], [-49.9019, 4.49508], [-49.90194, 4.49632], [-49.90197, 4.49756], [-49.90201, 4.49881], [-49.90203, 4.50004], [-49.90207, 4.50129], [-49.90211, 4.50253], [-49.90213, 4.50376], [-49.90217, 4.50501], [-49.9022, 4.50625], [-49.90223, 4.50749], [-49.90233, 4.51114], [-49.9025, 4.51721], [-49.90266, 4.52327], [-49.9028, 4.52832], [-49.90294, 4.53338], [-49.90956, 4.77768], [-49.91329, 4.8949], [-49.91909, 5.07824], [-49.92344, 5.21798], [-49.927, 5.33259], [-49.92892, 5.39486], [-49.92893, 5.39564], [-49.92894, 5.39642], [-49.92895, 5.39719], [-49.92896, 5.39797], [-49.92897, 5.39875], [-49.92897, 5.39952], [-49.92898, 5.4003], [-49.92899, 5.40107], [-49.929, 5.40186], [-49.92901, 5.40263], [-49.92902, 5.4034], [-49.92903, 5.40418], [-49.92904, 5.40496], [-49.92905, 5.40574], [-49.92906, 5.40651], [-49.92906, 5.40728], [-49.92908, 5.40807], [-49.92909, 5.40884], [-49.9291, 5.40962], [-49.92911, 5.41039], [-49.92912, 5.41117], [-49.92913, 5.41195], [-49.92914, 5.41272], [-49.92914, 5.4135], [-49.92915, 5.41428], [-49.92916, 5.41505], [-49.92917, 5.41583], [-49.92918, 5.41661], [-49.92919, 5.41739], [-49.9292, 5.41816], [-49.92921, 5.41893], [-49.92922, 5.41972], [-49.92923, 5.42049], [-49.92923, 5.42127], [-49.92924, 5.42204], [-49.92925, 5.42282], [-49.92926, 5.4236], [-49.92927, 5.42437], [-49.92928, 5.42516], [-49.92929, 5.42593], [-49.9293, 5.42632], [-49.9293, 5.4267], [-49.92931, 5.42709], [-49.92931, 5.42749], [-49.92932, 5.42787], [-49.92932, 5.42826], [-49.92932, 5.42865], [-49.92933, 5.42904], [-49.92933, 5.42942], [-49.92934, 5.42981], [-49.92934, 5.43021], [-49.92935, 5.43059], [-49.92935, 5.43098], [-49.92936, 5.43137], [-49.92936, 5.43175], [-49.92937, 5.43214], [-49.92937, 5.43254], [-49.92938, 5.43292], [-49.92938, 5.43331], [-49.92939, 5.4337], [-49.92939, 5.43409], [-49.9294, 5.43447], [-49.9294, 5.43487], [-49.92941, 5.43526], [-49.92941, 5.43564], [-49.92941, 5.43603], [-49.92942, 5.43642], [-49.92942, 5.4368], [-49.92943, 5.43719], [-49.92943, 5.43758], [-49.92944, 5.43797], [-49.92944, 5.43836], [-49.92945, 5.43875], [-49.92945, 5.43914], [-49.92946, 5.43952], [-49.92946, 5.43991], [-49.92947, 5.4403], [-49.92947, 5.44068], [-49.92948, 5.44108], [-49.92948, 5.44147], [-49.92949, 5.44185], [-49.92949, 5.44224], [-49.9295, 5.44263], [-49.9295, 5.44302], [-49.9295, 5.4434], [-49.9295, 5.44379], [-49.92951, 5.44419], [-49.92951, 5.44457], [-49.92952, 5.44496], [-49.92952, 5.44535], [-49.92953, 5.44573], [-49.92954, 5.44612], [-49.92954, 5.44651], [-49.92955, 5.4469], [-49.92955, 5.44729], [-49.92956, 5.44768], [-49.92956, 5.44807], [-49.92957, 5.44845], [-49.92957, 5.44884], [-49.92958, 5.44923], [-49.92958, 5.44961], [-49.92959, 5.45001], [-49.92959, 5.4504], [-49.92959, 5.45079], [-49.92959, 5.45117], [-49.9296, 5.45156], [-49.9296, 5.45195], [-49.92961, 5.45234], [-49.92961, 5.45273], [-49.92962, 5.45312], [-49.92962, 5.4535], [-49.92963, 5.45389], [-49.92963, 5.45428], [-49.92964, 5.45467], [-49.92964, 5.45506], [-49.92965, 5.45545], [-49.92965, 5.45584], [-49.92966, 5.45622], [-49.92968, 5.45684], [-49.92968, 5.45747], [-49.9297, 5.45809], [-49.92971, 5.45872], [-49.92972, 5.45935], [-49.92974, 5.45997], [-49.92975, 5.46059], [-49.92976, 5.46122], [-49.92978, 5.46184], [-49.92979, 5.46246], [-49.92981, 5.46309], [-49.92982, 5.46371], [-49.93055, 5.48716], [-49.93123, 5.50881], [-49.93186, 5.52865], [-49.93242, 5.54669], [-49.93299, 5.56472], [-49.9335, 5.58095], [-49.93396, 5.59538], [-49.93441, 5.60981], [-49.9348, 5.62243], [-49.9352, 5.63506], [-49.93554, 5.64588], [-49.93588, 5.6567], [-49.93622, 5.66752], [-49.93651, 5.67654], [-49.93679, 5.68555], [-49.93702, 5.69277], [-49.93725, 5.69998], [-49.93747, 5.70719], [-49.93771, 5.7144], [-49.93787, 5.71982], [-49.93804, 5.72523], [-49.93821, 5.73063], [-49.93838, 5.73604], [-49.9385, 5.73965], [-49.93964, 5.77365], [-49.94906, 5.98192], [-49.971, 6.2912], [-49.9714, 6.3166], [-49.9899, 6.3286], [-49.99058, 6.35614], [-49.99049, 6.3589], [-49.96943, 6.78004], [-49.95001, 7.07356], [-49.94408, 7.16233], [-49.93195, 7.29085], [-49.9038, 7.5493], [-49.9008, 7.7585], [-49.9425, 7.9803], [-49.9988, 8.2006], [-49.9867, 8.3393], [-49.98617, 8.35099], [-49.98564, 8.36266], [-49.98512, 8.37434], [-49.98459, 8.38596], [-49.98401, 8.39889], [-49.98349, 8.41039], [-49.9704, 8.7087], [-50.2003, 8.8231], [-50.2347, 8.8381], [-50.3017, 8.863], [-50.36102, 8.8912], [-50.96971, 9.19033], [-51.2196, 9.3097], [-51.6008, 9.4548], [-51.9305, 9.576], [-52.2531, 9.7357], [-52.6378, 9.9395], [-52.7711, 10.0]], [[-55.50042, 10.0], [-55.50622, 9.98623], [-55.56852, 9.82366], [-55.61113, 9.71243], [-55.6387, 9.64044], [-55.65589, 9.59556], [-55.66738, 9.5656], [-55.68514, 9.52066], [-55.7611, 9.3468], [-55.9164, 9.0922], [-56.1345, 8.6903], [-56.2143, 8.6925], [-56.3351, 8.5081], [-56.3602, 8.4578], [-56.4341, 8.049], [-56.49967, 7.88546], [-56.54933, 7.7616], [-56.6568, 7.4927], [-56.70348, 7.57719], [-56.80174, 7.74445], [-56.92248, 7.95614], [-57.1412, 8.3228], [-57.3848, 8.6342], [-57.4217, 8.6891], [-57.6233, 9.0307]]]}}, {"type": "Feature", "properties": {"ssGmStId": 471, "ssGmStNm": "RC1603", "cmpnntGmId": 5.0, "ss2dUqLnId": "RC1603", "district": "LANDMARK", "project": "NEOGENO_FOZAMAZONAS", "subprj": "ALL_DATA", "owtype": "Seis2DLine", "Shape_Leng": 0.0, "OBJECTID": 255.0, "Interpret": "Nao iniciada"}, "geometry": {"type": "MultiLineString", "coordinates": [[[-45.31662, 10.0], [-45.3126, 9.6881], [-45.31059, 9.03334], [-45.30442, 8.38128], [-45.3088, 7.7025], [-45.31809, 7.4453], [-45.32379, 7.28768], [-45.32749, 7.18526], [-45.3311, 7.08725], [-45.3356, 6.9764], [-45.34366, 6.88516], [-45.34966, 6.81725], [-45.35425, 6.76526], [-45.35772, 6.72599], [-45.36034, 6.69626], [-45.36241, 6.67292], [-45.364, 6.65487], [-45.3687, 6.60245], [-45.4585, 5.6293], [-45.3971, 5.5784], [-45.1176, 5.6881], [-45.0637, 5.6888], [-45.03717, 5.70005], [-45.0135, 5.71009], [-44.99172, 5.71933], [-44.97276, 5.72736], [-44.95571, 5.73459], [-44.93961, 5.74142], [-44.9254, 5.74744], [-44.91309, 5.75267], [-44.90172, 5.75748], [-44.7955, 5.8039], [-44.7854, 5.7974], [-44.7845, 5.7932], [-44.7594, 5.7803], [-44.7809, 5.8944], [-44.56534, 5.97806], [-44.41661, 6.03579], [-44.1911, 6.1243], [-44.1968, 6.0753], [-44.23923, 5.59415], [-44.2427, 5.5245], [-44.1485, 5.0987], [-44.1165, 4.9815], [-44.1105, 4.9233], [-44.1033, 4.9071], [-44.126, 4.6598], [-44.1787, 4.3591], [-44.2103, 4.2697], [-44.42673, 3.90217], [-44.4396, 3.8829], [-44.44003, 3.87852], [-44.44036, 3.87501], [-44.44063, 3.8722], [-44.44085, 3.86994], [-44.44102, 3.86812], [-44.44116, 3.86668], [-44.44127, 3.86552], [-44.44135, 3.86461], [-44.44143, 3.86387], [-44.44149, 3.86326], [-44.44153, 3.86279], [-44.44157, 3.8624], [-44.44169, 3.8615], [-44.442, 3.85914], [-44.44214, 3.85819], [-44.44238, 3.8565], [-44.5112, 3.3946], [-44.5849, 3.115], [-44.51305, 3.00848], [-44.309, 2.6801], [-44.1153, 2.3038], [-43.7333, 1.8008], [-43.69351, 1.74967]], [[-43.69351, 1.74967], [-43.6708, 1.7205], [-43.7036, 1.7316], [-43.69351, 1.74967]], [[-43.69351, 1.74967], [-43.4201, 2.2395], [-43.0923, 2.7409], [-42.8025, 3.1246], [-42.8642, 3.1237], [-42.9164, 3.1647], [-42.8691, 3.1647], [-42.45812, 3.14987], [-42.27292, 3.1432], [-42.033, 3.1352], [-41.7566, 3.0808], [-41.75474, 3.19305], [-41.73056, 3.75219], [-41.7075, 4.2458], [-41.7725, 4.2286], [-41.9002, 4.2294], [-41.93564, 4.23161], [-41.96842, 4.23366], [-41.99898, 4.23556], [-42.02777, 4.23736], [-42.05434, 4.23902], [-42.07871, 4.24053], [-42.1013, 4.24195], [-42.12255, 4.24327], [-42.14205, 4.24449], [-42.16021, 4.24563], [-42.17748, 4.2467], [-42.19343, 4.24769], [-42.20804, 4.2486], [-42.22177, 4.24946], [-42.23418, 4.25023], [-42.3784, 4.2591], [-42.4168, 4.2367], [-42.63929, 4.08197], [-42.9106, 3.8806], [-42.9245, 3.8718], [-42.92372, 3.87997], [-42.92309, 3.8868], [-42.92245, 3.89361], [-42.92181, 3.90042], [-42.9213, 3.90588], [-42.92079, 3.91133], [-42.92027, 3.91678], [-42.91976, 3.92224], [-42.91796, 3.94124], [-42.91549, 3.96731], [-42.9119, 4.0053], [-42.8833, 4.0209], [-42.9066, 4.5791], [-42.91052, 4.59983], [-42.91443, 4.62055], [-42.91835, 4.64127], [-43.03376, 5.25089], [-43.0802, 5.487], [-43.25276, 5.63894], [-43.26481, 5.64868], [-43.27645, 5.6581], [-43.28725, 5.66684], [-43.29765, 5.67524], [-43.30763, 5.6833], [-43.31719, 5.69104], [-43.32633, 5.69843], [-43.33505, 5.70549], [-43.34378, 5.71255], [-43.35209, 5.71927], [-43.36, 5.72566], [-43.36747, 5.7317], [-43.37454, 5.73742], [-43.38161, 5.74313], [-43.38826, 5.74851], [-43.39449, 5.75355], [-43.40073, 5.75859], [-43.40655, 5.7633], [-43.41236, 5.768], [-43.41777, 5.77237], [-43.42276, 5.7764], [-43.42774, 5.78043], [-43.43274, 5.78447], [-43.43731, 5.78816], [-43.44188, 5.79186], [-43.44603, 5.79523], [-43.45019, 5.79858], [-43.45394, 5.8016], [-43.45767, 5.80463], [-43.46141, 5.80766], [-43.46474, 5.81034], [-43.46807, 5.81303], [-43.47139, 5.81572], [-43.4743, 5.81808], [-43.47721, 5.82043], [-43.48012, 5.82278], [-43.48261, 5.8248], [-43.48511, 5.82681], [-43.4876, 5.82883], [-43.49009, 5.83084], [-43.49259, 5.83286], [-43.49467, 5.83454], [-43.49674, 5.83622], [-43.49882, 5.8379], [-43.5009, 5.83958], [-43.50256, 5.84093], [-43.50536, 5.84318], [-43.50821, 5.84548], [-43.51059, 5.84741], [-43.51298, 5.84932], [-43.51536, 5.85125], [-43.51727, 5.85278], [-43.51917, 5.85431], [-43.52108, 5.85585], [-43.52298, 5.85739], [-43.52488, 5.85892], [-43.52631, 5.86007], [-43.52774, 5.86122], [-43.52918, 5.86237], [-43.53061, 5.86353], [-43.53204, 5.86469], [-43.53299, 5.86545], [-43.53394, 5.86622], [-43.53489, 5.86699], [-43.53584, 5.86775], [-43.5368, 5.86852], [-43.5447, 5.87482]], [[-43.5447, 5.87482], [-43.5591, 5.8863], [-43.6137, 5.8544], [-43.60757, 5.85616], [-43.60146, 5.85791], [-43.59533, 5.85967], [-43.5447, 5.87482]], [[-43.5447, 5.87482], [-43.02698, 6.02971], [-42.8907, 6.06512], [-42.784, 6.0951], [-42.568, 6.1727], [-42.64217, 6.22666], [-42.9133, 6.4098], [-43.3068, 6.3984], [-43.4988, 6.4017], [-43.4334, 6.7236], [-43.5121, 6.7089], [-43.50874, 6.71233], [-43.50538, 6.71575], [-43.50202, 6.71918], [-43.49866, 6.72261], [-43.49529, 6.72604], [-43.49193, 6.72946], [-43.48857, 6.73289], [-43.48521, 6.73632], [-43.48186, 6.73974], [-43.4785, 6.74317], [-43.47514, 6.7466], [-43.47178, 6.75004], [-43.0632, 7.1604], [-42.53146, 7.62173], [-42.36288, 7.76538], [-42.26947, 7.84496], [-42.21365, 7.89249], [-42.17948, 7.9216], [-42.15898, 7.93906], [-42.1317, 7.9614], [-42.096, 7.965], [-41.6074, 8.3432], [-41.588, 8.3105], [-41.5562, 8.2778], [-41.3994, 7.9323], [-41.388, 7.9146], [-41.37824, 7.88893], [-41.13097, 7.32094], [-40.9031, 6.7742], [-40.6556, 6.22396], [-40.62852, 6.16749], [-40.60496, 6.11837], [-40.58435, 6.07539], [-40.56609, 6.03731], [-40.55019, 6.00415], [-40.53606, 5.97467], [-40.52311, 5.94765], [-40.51192, 5.92431], [-40.50191, 5.90342], [-40.49308, 5.885], [-40.48543, 5.86902], [-40.47836, 5.85428], [-40.4294, 5.7521], [-40.3745, 5.8037], [-40.35545, 5.75683], [-40.112, 5.1928], [-39.9007, 4.6057], [-39.8359, 4.3868], [-39.803, 4.0089], [-39.7819, 3.7088], [-39.7806, 3.6709], [-39.6573, 3.4288], [-39.6244, 3.3551], [-39.6241, 3.3881], [-39.62312, 3.37897], [-39.62215, 3.36984], [-39.62118, 3.36073], [-39.62037, 3.35312], [-39.61955, 3.34551], [-39.61874, 3.33791], [-39.61792, 3.3303], [-39.61712, 3.3227], [-39.61506, 3.30355], [-39.6007, 3.1692], [-39.6108, 2.8996], [-39.33254, 3.05159], [-39.06872, 3.18382], [-38.94867, 3.23684]], [[-38.94867, 3.23684], [-38.9372, 3.2419], [-38.9289, 3.2746], [-38.95987, 3.27515]], [[-38.95987, 3.27515], [-39.00711, 3.276], [-38.9697, 3.3068], [-38.96776, 3.30067], [-38.96583, 3.29455], [-38.96389, 3.28842], [-38.96196, 3.2823], [-38.95987, 3.27515]], [[-38.95987, 3.27515], [-38.94867, 3.23684]], [[-38.94867, 3.23684], [-38.7893, 2.6916], [-38.6361, 2.0985], [-38.6598, 2.0243], [-38.511, 1.5105], [-38.32505, 0.95685], [-38.1206, 0.4314], [-38.0502, 0.2649], [-37.9925, 0.2899], [-37.9644, 0.265], [-37.9708, 0.2392], [-37.8012, 0.1027], [-37.35511, -0.2465], [-36.89221, -0.56443], [-36.87224, -0.57866], [-36.85428, -0.59147], [-36.83731, -0.60356], [-36.82134, -0.61495], [-36.80636, -0.62562], [-36.79238, -0.63558], [-36.78041, -0.64411], [-36.76843, -0.65266], [-36.75745, -0.66048], [-36.74747, -0.6676], [-36.73848, -0.674], [-36.72949, -0.6804], [-36.72147, -0.68613], [-36.71342, -0.69186], [-36.70638, -0.69688], [-36.69934, -0.7019], [-36.69331, -0.7062], [-36.68727, -0.71051], [-36.68224, -0.71409], [-36.67721, -0.71768], [-36.67319, -0.72055], [-36.66916, -0.72341], [-36.63264, -0.74958]], [[-36.63264, -0.74958], [-36.6181, -0.76], [-36.6331, -0.7413], [-36.63264, -0.74958]], [[-36.63264, -0.74958], [-36.63206, -0.75992], [-36.63102, -0.77854], [-36.63006, -0.79583], [-36.62916, -0.8118], [-36.62827, -0.82775], [-36.62745, -0.84238], [-36.62671, -0.85568], [-36.62596, -0.86898], [-36.6253, -0.88096], [-36.62462, -0.89292], [-36.62403, -0.90356], [-36.62344, -0.9142], [-36.62284, -0.92484], [-36.62231, -0.93414], [-36.62179, -0.94346], [-36.62129, -0.95272], [-36.62083, -0.96187], [-36.6204, -0.97093], [-36.61997, -0.97999], [-36.6196, -0.98776], [-36.61923, -0.99552], [-36.61893, -1.002], [-36.61862, -1.00847], [-36.61817, -1.01811], [-36.61752, -1.0319], [-36.61703, -1.04225], [-36.61541, -1.0771]]]}}, {"type": "Feature", "properties": {"ssGmStId": 472, "ssGmStNm": "RC1612", "cmpnntGmId": 5.0, "ss2dUqLnId": "RC1612", "district": "LANDMARK", "project": "NEOGENO_FOZAMAZONAS", "subprj": "ALL_DATA", "owtype": "Seis2DLine", "Shape_Leng": 0.0, "OBJECTID": 256.0, "Interpret": "Nao iniciada"}, "geometry": {"type": "LineString", "coordinates": [[-39.217, -1.9844], [-39.4942, -2.0659], [-39.7614, -2.2133], [-39.76534, -2.21286], [-39.76926, -2.21242], [-39.77189, -2.21212], [-39.77451, -2.21182], [-39.77712, -2.21153], [-39.77975, -2.21123], [-39.78237, -2.21093], [-39.78499, -2.21065], [-39.78761, -2.21035], [-39.79023, -2.21005], [-39.79285, -2.20975], [-39.79548, -2.20946], [-39.79809, -2.20916], [-39.80071, -2.20886], [-39.80334, -2.20858], [-39.80596, -2.20828], [-39.80857, -2.20798], [-39.8112, -2.20768], [-39.81382, -2.20739], [-39.81643, -2.20709], [-39.81906, -2.2068], [-39.82168, -2.20651], [-39.8243, -2.20621], [-39.82561, -2.20605], [-39.82692, -2.20591], [-39.82823, -2.20577], [-39.82954, -2.20561], [-39.83085, -2.20547], [-39.89763, -2.19654], [-39.91194, -2.19462], [-39.91321, -2.19448], [-40.50031, -2.12932], [-40.50391, -2.12893], [-40.50631, -2.12867], [-40.50871, -2.12841], [-40.51112, -2.12815], [-40.51352, -2.12788], [-40.51592, -2.12762], [-40.51831, -2.12735], [-40.52072, -2.12709], [-40.52312, -2.12683], [-40.52552, -2.12656], [-40.52793, -2.1263], [-40.53032, -2.12604], [-40.53272, -2.12578], [-40.53513, -2.12552], [-40.53753, -2.12525], [-40.53993, -2.12499], [-40.54233, -2.12473], [-40.54473, -2.12447], [-40.54713, -2.1242], [-40.54953, -2.12394], [-40.6767, -2.1127], [-40.7354, -2.099], [-40.8598, -2.0879], [-40.6048, -1.9525], [-40.52094, -1.88582], [-40.44508, -1.81931], [-40.3774, -1.7548], [-40.3378, -1.727], [-40.1666, -1.6537], [-40.13166, -1.62851], [-40.09964, -1.60542], [-40.07052, -1.58444], [-40.04359, -1.56502], [-40.01957, -1.54771], [-39.99773, -1.53197], [-39.97809, -1.5178], [-39.95608, -1.50191], [-39.7936, -1.384], [-39.6091, -1.268], [-39.2013, -1.07077], [-38.75814, -0.87421], [-38.7045, -0.84705], [-38.29171, -0.6207], [-38.18972, -0.5613], [-37.82871, -0.3485], [-37.73021, -0.2862], [-37.74231, -0.2628], [-37.4912, -0.0704], [-37.96361, -0.1572], [-38.5969, -0.2924], [-38.60164, -0.29322], [-38.60639, -0.29405], [-38.61113, -0.29488], [-38.61587, -0.2957], [-38.62061, -0.29652], [-38.62536, -0.29735], [-38.6301, -0.29817], [-38.63484, -0.29899], [-38.63959, -0.29982], [-38.64433, -0.30064], [-38.64907, -0.30147], [-38.65382, -0.30229], [-38.65738, -0.30291], [-38.66094, -0.30352], [-38.6645, -0.30415], [-38.66805, -0.30476], [-38.67161, -0.30538], [-38.67517, -0.306], [-38.67873, -0.30662], [-38.68228, -0.30723], [-38.68584, -0.30785], [-38.6894, -0.30847], [-38.69296, -0.30908], [-38.69651, -0.30971], [-38.70007, -0.31032], [-38.70363, -0.31094], [-38.70719, -0.31156], [-38.71074, -0.31218], [-38.7143, -0.31279], [-38.71786, -0.31342], [-38.72141, -0.31403], [-38.72497, -0.31466], [-38.72853, -0.31527], [-38.73209, -0.31589], [-38.73564, -0.31651], [-38.7392, -0.31712], [-38.74276, -0.31774], [-38.74632, -0.31836], [-38.74987, -0.31898], [-38.75343, -0.31959], [-38.75699, -0.32021], [-38.76055, -0.32083], [-38.7641, -0.32145], [-38.76766, -0.32207], [-38.77123, -0.32269], [-38.77478, -0.3233], [-38.77834, -0.32393], [-38.7819, -0.32454], [-38.78546, -0.32516], [-38.78901, -0.32578], [-38.79257, -0.32639], [-38.79613, -0.32701], [-38.79968, -0.32763], [-38.80324, -0.32825], [-38.8068, -0.32886], [-38.81036, -0.32949], [-38.81391, -0.3301], [-38.81747, -0.33072], [-38.82103, -0.33134], [-38.82459, -0.33196], [-38.82814, -0.33257], [-38.8317, -0.33319], [-38.83526, -0.33381], [-38.83882, -0.33442], [-38.84237, -0.33505], [-38.84593, -0.33566], [-38.84949, -0.33628], [-38.85304, -0.3369], [-38.8566, -0.33752], [-38.86016, -0.33814], [-38.86372, -0.33876], [-38.86727, -0.33937], [-38.86965, -0.33979], [-38.87202, -0.3402], [-38.87439, -0.34061], [-38.87676, -0.34103], [-38.87913, -0.34143], [-38.8815, -0.34185], [-38.88387, -0.34226], [-38.88626, -0.34267], [-38.88863, -0.34308], [-38.891, -0.3435], [-38.89337, -0.3439], [-38.89574, -0.34432], [-38.89811, -0.34473], [-38.90048, -0.34514], [-38.90286, -0.34555], [-38.90523, -0.34596], [-38.9076, -0.34638], [-38.90997, -0.34679], [-38.91234, -0.3472], [-38.91471, -0.34762], [-38.91709, -0.34803], [-38.91946, -0.34844], [-38.92183, -0.34885], [-38.9242, -0.34927], [-38.92731, -0.34981], [-38.93043, -0.35035], [-38.93353, -0.35089], [-38.93664, -0.35143], [-38.93976, -0.35197], [-38.94287, -0.35251], [-38.94664, -0.35317], [-38.9504, -0.35383], [-38.95323, -0.35432], [-38.95605, -0.35482], [-38.95888, -0.35532], [-38.96171, -0.3558], [-38.96453, -0.3563], [-38.96736, -0.3568], [-38.97019, -0.35729], [-38.97302, -0.35778], [-38.97584, -0.35828], [-38.97867, -0.35877], [-38.98149, -0.35927], [-38.98432, -0.35976], [-38.98715, -0.36025], [-38.98997, -0.36075], [-38.99348, -0.36136], [-38.99689, -0.36194], [-39.00031, -0.36254], [-39.13291, -0.3846], [-39.66711, -0.46239], [-39.84141, -0.49072], [-39.9592, -0.50987], [-40.03133, -0.52159], [-40.0758, -0.52882], [-40.135, -0.53836], [-40.53377, -0.59113], [-40.59258, -0.59892], [-40.60787, -0.60092], [-41.1062, -0.664], [-41.13287, -0.67476], [-41.14985, -0.68162], [-41.16076, -0.68602], [-41.16804, -0.68895], [-41.17289, -0.69091], [-41.1767, -0.6924], [-41.4537, -0.7987], [-42.0571, -1.0022], [-42.28829, -1.11114], [-42.41428, -1.17051], [-42.51936, -1.21993], [-42.9729, -1.4315], [-43.0019, -0.9712], [-43.0503, -0.5002], [-43.1203, -0.4596], [-43.0485, -0.0857], [-43.0261, 0.06179], [-43.0219, 0.0573], [-42.9982, 0.2228], [-42.99663, 0.25192], [-42.99452, 0.29291], [-42.99421, 0.30712], [-42.9939, 0.32077], [-42.99362, 0.33329], [-42.99335, 0.34522], [-42.9931, 0.3566], [-42.99246, 0.38789], [-42.99193, 0.41377], [-42.9915, 0.43483], [-42.99116, 0.45168], [-42.99087, 0.46553], [-42.99064, 0.47696], [-42.9896, 0.5287], [-42.9903, 0.5638], [-42.9841, 0.6568], [-43.03705, 0.62317], [-43.04224, 0.61964], [-43.04743, 0.61613], [-43.05215, 0.61292], [-43.05686, 0.60972], [-43.06158, 0.60652], [-43.06629, 0.60333], [-43.07054, 0.60044], [-43.07479, 0.59757], [-43.07903, 0.59468], [-43.08328, 0.59181], [-43.08705, 0.58925], [-43.09084, 0.58669], [-43.09461, 0.58413], [-43.09838, 0.58157], [-43.10216, 0.57901], [-43.10546, 0.57677], [-43.10876, 0.57453], [-43.11206, 0.57229], [-43.11537, 0.57005], [-43.11867, 0.56781], [-43.12151, 0.56589], [-43.12434, 0.56397], [-43.12716, 0.56206], [-43.12999, 0.56013], [-43.13282, 0.55821], [-43.13565, 0.5563], [-43.13848, 0.55437], [-43.14085, 0.55277], [-43.14321, 0.55118], [-43.14557, 0.54958], [-43.14792, 0.54798], [-43.15029, 0.54638], [-43.15265, 0.54477], [-43.15501, 0.54317], [-43.1569, 0.54189], [-43.15879, 0.54061], [-43.16067, 0.53933], [-43.16256, 0.53806], [-43.16444, 0.53677], [-43.16633, 0.5355], [-43.16822, 0.53421], [-43.1701, 0.53294], [-43.17199, 0.53165], [-43.17388, 0.53038], [-43.1753, 0.52942], [-43.17671, 0.52845], [-43.17813, 0.52749], [-43.17954, 0.52653], [-43.18096, 0.52558], [-43.18241, 0.52459], [-43.18386, 0.5236], [-43.18531, 0.52262], [-43.18677, 0.52164], [-43.18822, 0.52066], [-43.18967, 0.51967], [-43.19112, 0.51868], [-43.19258, 0.5177], [-43.19404, 0.51671], [-43.19501, 0.51606], [-43.19597, 0.5154], [-43.19694, 0.51475], [-43.19791, 0.51409], [-43.25738, 0.47463], [-43.30129, 0.44601], [-43.33447, 0.4244], [-43.36173, 0.40668], [-43.4298, 0.3636], [-43.58495, 0.4187], [-43.71615, 0.46526], [-43.8282, 0.5047], [-44.2478, 0.3228], [-44.5074, 0.2193], [-44.5741, 0.1914], [-44.7253, 0.0404], [-44.83065, 0.08989], [-44.8575, -0.1025], [-45.00928, -0.06489], [-45.1411, -0.031], [-45.1972, -0.0082], [-45.27283, 0.04373], [-45.55503, 0.17633], [-45.9062, 0.3556], [-46.00678, 0.37619], [-46.03537, 0.38198], [-46.23443, 0.41194], [-46.437, 0.4365], [-46.80941, 0.57967], [-46.8871, 0.6151], [-46.88939, 0.6162], [-46.89167, 0.61729], [-46.89396, 0.6184], [-46.89624, 0.61949], [-46.89853, 0.62058], [-46.90082, 0.62168], [-46.9031, 0.62278], [-46.90539, 0.62388], [-46.90767, 0.62497], [-46.90996, 0.62606], [-46.91225, 0.62717], [-46.91453, 0.62826], [-46.91682, 0.62936], [-46.91911, 0.63045], [-46.9214, 0.63154], [-46.92368, 0.63265], [-46.92596, 0.63374], [-46.92825, 0.63484], [-46.93054, 0.63593], [-46.93282, 0.63703], [-46.93511, 0.63813], [-46.9374, 0.63922], [-46.93945, 0.64021], [-46.94151, 0.64119], [-46.94357, 0.64218], [-46.94562, 0.64316], [-46.94768, 0.64415], [-46.94975, 0.64514], [-46.9518, 0.64611], [-46.95386, 0.6471], [-46.95592, 0.64808], [-46.95798, 0.64907], [-46.96003, 0.65006], [-46.96209, 0.65104], [-47.1266, 0.7295], [-47.3464, 0.8602], [-47.51027, 0.95089], [-47.5764, 0.9838], [-47.65901, 1.12426], [-47.82884, 1.37367], [-47.8632, 1.4261], [-48.06316, 1.84559], [-48.2249, 2.2292], [-48.25354, 2.28944], [-48.455, 2.6619], [-48.5998, 2.9123], [-48.6274, 2.9774], [-48.6363, 3.1127], [-48.6152, 3.16], [-48.4352, 3.272], [-48.3679, 3.2065], [-48.3018, 3.1305], [-48.3433, 3.2524], [-48.4059, 3.4131], [-48.432, 3.4106], [-48.55126, 3.64022], [-48.61799, 3.77382], [-48.6546, 3.8472], [-48.3754, 3.6581], [-48.1988, 3.5326], [-48.18093, 3.52092], [-48.16388, 3.50977], [-47.91121, 3.34811], [-47.7736, 3.262], [-47.78885, 3.28714], [-47.80292, 3.31034], [-47.81582, 3.33161], [-47.82814, 3.35191], [-47.83928, 3.37027], [-47.84983, 3.38767], [-47.85921, 3.40314], [-47.87022, 3.4213], [-47.9735, 3.5929], [-47.9406, 3.5907], [-47.9239, 3.5976], [-47.92967, 3.60597], [-47.93487, 3.61349], [-47.94007, 3.62103], [-48.12963, 3.88553], [-48.3808, 4.2447], [-48.37428, 4.24163], [-48.36777, 4.23856], [-48.36124, 4.23549], [-48.35472, 4.23242], [-48.3482, 4.22936], [-48.34277, 4.22669], [-48.33952, 4.22505], [-48.33627, 4.22342], [-48.33302, 4.22179], [-48.32977, 4.22016], [-48.32705, 4.2188], [-48.32434, 4.21744], [-48.32163, 4.21608], [-48.31891, 4.21472], [-48.3162, 4.21336], [-48.31349, 4.212], [-48.31079, 4.21064], [-48.30807, 4.20928], [-48.30536, 4.20792], [-48.30265, 4.20657], [-48.29994, 4.2052], [-48.29723, 4.20385], [-48.29452, 4.20249], [-48.2918, 4.20113], [-48.28909, 4.19977], [-48.28638, 4.1984], [-48.28366, 4.19705], [-48.28095, 4.19569], [-48.27824, 4.19433], [-48.27553, 4.19297], [-48.27282, 4.1916], [-48.27011, 4.19025], [-48.2674, 4.18889], [-48.26468, 4.18753], [-48.26197, 4.18617], [-48.25926, 4.18481], [-48.25655, 4.18345], [-48.25384, 4.18209], [-48.25113, 4.18073], [-48.24842, 4.17937], [-48.2457, 4.17801], [-48.243, 4.17666], [-48.24029, 4.1753], [-48.23757, 4.17393], [-48.23486, 4.17257], [-48.23215, 4.17122], [-48.22944, 4.16986], [-48.22673, 4.1685], [-48.22402, 4.16713], [-48.22184, 4.16605], [-48.21968, 4.16496], [-48.21751, 4.16388], [-48.21534, 4.16279], [-48.21317, 4.1617], [-48.211, 4.16061], [-48.20884, 4.15952], [-48.20666, 4.15844], [-48.2045, 4.15735], [-48.20232, 4.15627], [-48.20016, 4.15517], [-48.19798, 4.15409], [-48.19582, 4.153], [-48.19365, 4.15191], [-48.19148, 4.15083], [-48.18931, 4.14973], [-48.18714, 4.14865], [-48.18498, 4.14756], [-48.1828, 4.14647], [-48.18064, 4.14539], [-48.17846, 4.1443], [-48.1763, 4.1432], [-48.17412, 4.14212], [-48.17195, 4.14103], [-48.16989, 4.13999], [-48.16838, 4.13924], [-48.16686, 4.13847], [-48.16483, 4.13745], [-48.16331, 4.13668], [-48.16179, 4.13593], [-48.16027, 4.13516], [-48.15875, 4.13439], [-48.15723, 4.13363], [-48.15571, 4.13287], [-48.15419, 4.1321], [-48.15267, 4.13133], [-48.15115, 4.13058], [-48.14963, 4.12981], [-48.14811, 4.12904], [-48.14659, 4.12828], [-48.14507, 4.12752], [-48.14355, 4.12675], [-48.14204, 4.12599], [-48.14051, 4.12523], [-48.13899, 4.12446], [-48.13747, 4.12369], [-48.13595, 4.12293], [-48.13444, 4.12217], [-48.13292, 4.1214], [-48.1314, 4.12064], [-48.12987, 4.11988], [-48.12836, 4.11911], [-48.12684, 4.11835], [-48.12532, 4.11759], [-48.1238, 4.11682], [-48.12228, 4.11605], [-48.12076, 4.11529], [-48.11924, 4.11453], [-48.11772, 4.11376], [-48.1162, 4.113], [-48.11468, 4.11224], [-48.11316, 4.11147], [-48.11164, 4.11071], [-48.11012, 4.10994], [-48.1086, 4.10918], [-48.10708, 4.10841], [-48.10569, 4.10771], [-48.1043, 4.10701], [-48.10291, 4.1063], [-48.10151, 4.1056], [-48.10012, 4.10491], [-48.09873, 4.1042], [-48.09735, 4.1035], [-48.09595, 4.1028], [-48.09456, 4.10209], [-48.09317, 4.10139], [-48.09178, 4.10068], [-48.09038, 4.09998], [-48.08899, 4.09929], [-48.0876, 4.09858], [-48.08621, 4.09788], [-48.08528, 4.09741], [-48.08436, 4.09694], [-48.08342, 4.09647], [-48.0825, 4.096], [-48.08157, 4.09553], [-48.08064, 4.09506], [-48.07971, 4.0946], [-48.07879, 4.09413], [-48.07786, 4.09366], [-48.07693, 4.09319], [-48.076, 4.09272], [-48.07508, 4.09225], [-48.07414, 4.09178], [-48.07322, 4.09132], [-48.07229, 4.09085], [-48.07136, 4.09038], [-48.07043, 4.08991], [-48.06951, 4.08945], [-48.06857, 4.08898], [-48.06765, 4.08851], [-48.06672, 4.08804], [-48.0658, 4.08757], [-48.06486, 4.0871], [-48.06394, 4.08663], [-48.06301, 4.08616], [-48.06208, 4.08569], [-48.06115, 4.08522], [-48.06023, 4.08475], [-48.05929, 4.08429], [-48.05837, 4.08383], [-48.05744, 4.08336], [-48.05651, 4.08289], [-48.05558, 4.08242], [-48.05466, 4.08195], [-48.05372, 4.08148], [-48.0528, 4.08101], [-48.05187, 4.08054], [-48.05095, 4.08007], [-48.05001, 4.0796], [-48.04909, 4.07914], [-48.04816, 4.07867], [-48.04723, 4.07821], [-48.0463, 4.07774], [-48.04538, 4.07727], [-48.04445, 4.0768], [-48.04352, 4.07633], [-48.04259, 4.07586], [-48.04167, 4.07539], [-48.04074, 4.07492], [-48.03981, 4.07445], [-48.03888, 4.07398], [-48.03796, 4.07352], [-48.03702, 4.07305], [-48.0361, 4.07259], [-48.03517, 4.07212], [-48.03425, 4.07165], [-48.03331, 4.07118], [-48.03239, 4.07071], [-48.03047, 4.06975], [-48.02856, 4.0688], [-48.02665, 4.06784], [-47.96657, 4.03819], [-47.91535, 4.01291], [-47.872, 3.99151], [-47.83655, 3.97401], [-47.80601, 3.95894], [-47.7804, 3.9463], [-47.75873, 3.9356], [-47.741, 3.92685], [-47.72623, 3.91956], [-47.71342, 3.91324], [-47.6445, 3.8789], [-47.4094, 3.7663], [-47.1668, 3.6583], [-46.9813, 3.5659], [-46.7917, 3.4782], [-46.7868, 3.47621], [-46.78192, 3.47423], [-46.77824, 3.47275], [-46.77457, 3.47126], [-46.7709, 3.46977], [-46.76723, 3.46828], [-46.76356, 3.46679], [-46.75989, 3.4653], [-46.75622, 3.46381], [-46.75255, 3.46232], [-46.75011, 3.46134], [-46.74765, 3.46034], [-46.74521, 3.45935], [-46.74277, 3.45836], [-46.74031, 3.45737], [-46.73412, 3.45486], [-46.7242, 3.45086], [-46.71593, 3.44752], [-46.7093, 3.44484], [-46.6749, 3.431], [-46.45732, 3.28439], [-46.3198, 3.1992], [-46.2717, 3.265], [-46.05187, 3.60131], [-45.88343, 3.86272], [-45.84669, 3.91979], [-45.84395, 3.92424], [-45.84121, 3.92869], [-45.83848, 3.93314], [-45.83604, 3.93709], [-45.8336, 3.94105], [-45.83117, 3.94501], [-45.82873, 3.94897], [-45.8263, 3.95292], [-45.82386, 3.95688], [-45.82173, 3.96034], [-45.8196, 3.9638], [-45.81748, 3.96725], [-45.81535, 3.97072], [-45.81321, 3.97418], [-45.81108, 3.97764], [-45.80895, 3.9811], [-45.80682, 3.98457], [-45.805, 3.98754], [-45.80317, 3.9905], [-45.80134, 3.99346], [-45.79952, 3.99643], [-45.79769, 3.9994], [-45.79587, 4.00237], [-45.79404, 4.00533], [-45.79221, 4.0083], [-45.7907, 4.01077], [-45.78917, 4.01325], [-45.78765, 4.01571], [-45.78613, 4.01819], [-45.78461, 4.02066], [-45.78309, 4.02313], [-45.78157, 4.02561], [-45.78004, 4.02808], [-45.77852, 4.03055], [-45.777, 4.03302], [-45.77548, 4.03549], [-45.77427, 4.03747], [-45.77304, 4.03945], [-45.77183, 4.04143], [-45.77061, 4.0434], [-45.76939, 4.04538], [-45.76818, 4.04736], [-45.76695, 4.04934], [-45.76574, 4.05132], [-45.76452, 4.05329], [-45.76331, 4.05527], [-45.76208, 4.05725], [-45.76087, 4.05923], [-45.75965, 4.0612], [-45.75874, 4.06269], [-45.75783, 4.06417], [-45.75689, 4.06569], [-45.75596, 4.0672], [-45.75502, 4.06872], [-45.7541, 4.07023], [-45.75316, 4.07175], [-45.75223, 4.07327], [-45.7513, 4.07479], [-45.75036, 4.0763], [-45.74943, 4.07782], [-45.7485, 4.07933], [-45.6889, 4.1761], [-45.7536, 4.2064], [-45.97828, 4.29704], [-46.1963, 4.3945], [-46.246, 4.4524], [-46.25313, 4.45556], [-46.25955, 4.4584], [-46.26526, 4.46092], [-46.27025, 4.46313], [-46.27453, 4.46503], [-46.27881, 4.46693], [-46.28238, 4.4685], [-46.28595, 4.47008], [-46.28951, 4.47166], [-46.29236, 4.47292], [-46.29522, 4.47418], [-46.3281, 4.4887], [-46.43648, 4.53361], [-46.67502, 4.6292], [-46.9047, 4.7159], [-47.1388, 4.8103], [-47.14509, 4.8126], [-47.15137, 4.8149], [-47.15766, 4.8172], [-47.16394, 4.81949], [-47.17023, 4.82178], [-47.17652, 4.82408], [-47.18281, 4.82638], [-47.18909, 4.82868], [-47.19538, 4.83097], [-47.20166, 4.83327], [-47.20795, 4.83557], [-47.21424, 4.83787], [-47.21948, 4.83978], [-47.22472, 4.84169], [-47.22996, 4.84361], [-47.2352, 4.84552], [-47.24043, 4.84744], [-47.24567, 4.84935], [-47.25092, 4.85126], [-47.25615, 4.85318], [-47.26139, 4.85509], [-47.26663, 4.85701], [-47.27187, 4.85892], [-47.27711, 4.86083], [-47.28235, 4.86275], [-47.28759, 4.86466], [-47.29282, 4.86658], [-47.29806, 4.86849], [-47.30331, 4.8704], [-47.30854, 4.87232], [-47.31378, 4.87423], [-47.31902, 4.87615], [-47.32426, 4.87806], [-47.3295, 4.87997], [-47.33474, 4.88188], [-47.33998, 4.8838], [-47.34417, 4.88533], [-47.34836, 4.88686], [-47.35255, 4.88839], [-47.35674, 4.88992], [-47.36093, 4.89145], [-47.36512, 4.89299], [-47.36931, 4.89452], [-47.37351, 4.89605], [-47.3777, 4.89758], [-47.38645, 4.90081], [-47.38958, 4.90196], [-47.3927, 4.90311], [-47.39582, 4.90427], [-47.39894, 4.90542], [-47.40206, 4.90657], [-47.40518, 4.90773], [-47.4083, 4.90888], [-47.41142, 4.91003], [-47.41392, 4.91095], [-47.41641, 4.91187], [-47.41891, 4.9128], [-47.42141, 4.91372], [-47.42391, 4.91465], [-47.4264, 4.91557], [-47.4289, 4.91648], [-47.4314, 4.91741], [-47.43389, 4.91833], [-47.43639, 4.91926], [-47.43888, 4.92018], [-47.44138, 4.9211], [-47.44387, 4.92203], [-47.44637, 4.92294], [-47.44887, 4.92386], [-47.45137, 4.92479], [-47.45386, 4.92571], [-47.45636, 4.92664], [-47.45886, 4.92756], [-47.46136, 4.92848], [-47.46385, 4.9294], [-47.46635, 4.93032], [-47.46885, 4.93125], [-47.47072, 4.93194], [-47.47259, 4.93263], [-47.47447, 4.93332], [-47.47634, 4.93402], [-47.47822, 4.9347], [-47.48009, 4.9354], [-47.48195, 4.93609], [-47.48383, 4.93678], [-47.48671, 4.93784], [-47.49238, 4.9399], [-47.721, 5.0224], [-47.72315, 5.02301], [-47.7253, 5.02362], [-47.72746, 5.02423], [-47.72961, 5.02484], [-47.73177, 5.02545], [-47.73391, 5.02606], [-47.73607, 5.02668], [-47.73823, 5.02728], [-47.74037, 5.02789], [-47.74253, 5.0285], [-47.74468, 5.02912], [-47.74683, 5.02973], [-47.74899, 5.03033], [-47.75114, 5.03095], [-47.7533, 5.03156], [-47.75545, 5.03217], [-47.7576, 5.03278], [-47.75976, 5.03339], [-47.76191, 5.034], [-47.76406, 5.03461], [-47.76622, 5.03522], [-47.76836, 5.03584], [-47.77052, 5.03644], [-47.77268, 5.03705], [-47.77482, 5.03767], [-47.77698, 5.03828], [-47.77914, 5.03889], [-47.78128, 5.0395], [-47.78344, 5.04011], [-47.78559, 5.04072], [-47.78775, 5.04133], [-47.7899, 5.04195], [-47.79205, 5.04256], [-47.79421, 5.04316], [-47.79636, 5.04377], [-47.79851, 5.04439], [-47.80067, 5.045], [-47.80281, 5.04561], [-47.80497, 5.04622], [-47.80713, 5.04683], [-47.80927, 5.04744], [-47.81143, 5.04805], [-47.81359, 5.04867], [-47.81573, 5.04928], [-47.81789, 5.04988], [-47.82004, 5.05049], [-47.8222, 5.05111], [-47.82435, 5.05172], [-47.8265, 5.05233], [-47.82866, 5.05294], [-47.83081, 5.05355], [-47.83296, 5.05416], [-47.83512, 5.05477], [-47.83727, 5.05539], [-47.83942, 5.056], [-47.84158, 5.0566], [-47.84373, 5.05721], [-47.84588, 5.05783], [-47.84804, 5.05844], [-47.85019, 5.05905], [-47.85234, 5.05966], [-47.85449, 5.06027], [-47.85665, 5.06088], [-47.8588, 5.06149], [-47.86095, 5.06211], [-47.86311, 5.06272], [-47.86527, 5.06333], [-47.86741, 5.06393], [-47.86957, 5.06455], [-47.87172, 5.06516], [-47.87387, 5.06577], [-47.87603, 5.06638], [-47.87818, 5.06699], [-47.88033, 5.0676], [-47.88249, 5.06821], [-47.88464, 5.06883], [-47.88679, 5.06944], [-47.88895, 5.07005], [-47.8911, 5.07065], [-47.89326, 5.07127], [-47.8954, 5.07188], [-47.89756, 5.07249], [-47.89972, 5.0731], [-47.90186, 5.07371], [-47.90402, 5.07432], [-47.90617, 5.07493], [-47.90832, 5.07554], [-47.91048, 5.07616], [-47.91263, 5.07677], [-47.91479, 5.07737], [-47.91694, 5.07799], [-47.91909, 5.0786], [-47.92118, 5.07919], [-47.92326, 5.07978], [-47.92534, 5.08037], [-47.92743, 5.08096], [-47.92951, 5.08155], [-47.93159, 5.08215], [-47.93367, 5.08273], [-47.93576, 5.08333], [-47.93784, 5.08391], [-47.93992, 5.08451], [-47.94201, 5.0851], [-47.94409, 5.08569], [-47.94618, 5.08628], [-47.94826, 5.08687], [-47.95035, 5.08746], [-47.95242, 5.08806], [-47.9545, 5.08864], [-47.95659, 5.08924], [-47.95867, 5.08982], [-47.96076, 5.09042], [-48.207, 5.1607], [-48.2376, 5.17774], [-48.26629, 5.19372], [-48.29307, 5.20864], [-48.31697, 5.22195], [-48.33992, 5.23473], [-48.36095, 5.24644], [-48.38103, 5.25763], [-48.39921, 5.26775], [-48.41642, 5.27734], [-48.6441, 5.40543], [-48.9113, 5.59757], [-48.945, 5.624], [-49.035, 5.6579], [-49.08395, 5.70201], [-49.2695, 5.8792], [-49.4033, 6.0125], [-49.2016, 6.105], [-49.08723, 6.14421], [-48.9772, 6.1764], [-48.7649, 6.2866], [-48.399, 6.4528], [-48.0412, 6.3545], [-47.8381, 6.3162], [-47.76931, 6.31002], [-47.72048, 6.30565], [-47.68609, 6.30256], [-47.66167, 6.30037], [-47.64503, 6.29888], [-47.6021, 6.2946], [-47.5685, 6.239], [-47.51966, 6.23473], [-47.265, 6.2217], [-46.8143, 6.1552], [-46.69316, 6.13175], [-46.61354, 6.11633], [-46.55642, 6.10527], [-46.4625, 6.0872], [-45.94173, 5.93997], [-45.58826, 5.84267], [-45.2771, 5.7751], [-45.3639, 5.87576], [-45.4244, 5.953], [-45.53965, 6.08447], [-45.60991, 6.16458], [-45.64859, 6.2087], [-45.6707, 6.2339], [-45.69538, 6.26214], [-45.69867, 6.26599], [-45.7028, 6.27083], [-45.70693, 6.27566], [-45.71105, 6.2805], [-45.71518, 6.28533], [-45.71931, 6.29017], [-45.72292, 6.29439], [-45.72653, 6.29863], [-45.73014, 6.30286], [-45.73375, 6.30709], [-45.73736, 6.31132], [-45.74045, 6.31494], [-45.74355, 6.31857], [-45.74664, 6.32219], [-45.83206, 6.42164], [-45.83555, 6.42589], [-45.83902, 6.43013], [-45.84248, 6.43437], [-45.84557, 6.43813], [-45.84866, 6.44191], [-45.85175, 6.44567], [-45.85483, 6.44945], [-45.85792, 6.45321], [-45.861, 6.45699], [-45.86409, 6.46076], [-45.86717, 6.46453], [-45.87026, 6.4683], [-45.87334, 6.47206], [-45.87643, 6.47584], [-45.87951, 6.4796], [-45.8826, 6.48338], [-45.88568, 6.48715], [-45.88877, 6.49092], [-45.89147, 6.49421], [-45.89417, 6.49751], [-45.89688, 6.50082], [-45.89957, 6.50411], [-45.90228, 6.50741], [-45.90497, 6.51071], [-45.90767, 6.51401], [-45.91037, 6.5173], [-45.91307, 6.5206], [-45.91577, 6.5239], [-45.91847, 6.5272], [-45.92118, 6.5305], [-45.92387, 6.5338], [-45.92658, 6.5371], [-45.92927, 6.54039], [-45.93197, 6.54369], [-45.93428, 6.54652], [-45.9366, 6.54935], [-45.93892, 6.55217], [-45.94123, 6.555], [-45.94354, 6.55783], [-45.94586, 6.56065], [-45.94817, 6.56348], [-45.95049, 6.56631], [-45.9528, 6.56913], [-45.95511, 6.57196], [-45.95743, 6.57479], [-45.95974, 6.57761], [-45.96206, 6.58044], [-45.96433, 6.58328], [-45.9666, 6.58612], [-45.96888, 6.58896], [-45.97114, 6.5918], [-45.97341, 6.59464], [-45.97531, 6.59701], [-45.9772, 6.59937], [-45.97909, 6.60174], [-45.98099, 6.6041], [-45.98288, 6.60647], [-45.9848, 6.60887], [-45.98713, 6.61177], [-45.98947, 6.61469], [-45.99141, 6.6171], [-45.99335, 6.61953], [-45.99529, 6.62195], [-45.99723, 6.62437], [-45.99917, 6.62679], [-46.00112, 6.62921], [-46.00306, 6.63164], [-46.005, 6.63405], [-46.00694, 6.63648], [-46.01204, 6.64274], [-46.01715, 6.649], [-46.02225, 6.65526], [-46.02735, 6.66152], [-46.03199, 6.6672], [-46.03663, 6.6729], [-46.04126, 6.67859], [-46.04591, 6.68428], [-46.05008, 6.6894], [-46.05425, 6.69452], [-46.05843, 6.69964], [-46.06261, 6.70476], [-46.06678, 6.70988], [-46.07095, 6.715], [-46.07466, 6.71956], [-46.07837, 6.72411], [-46.08208, 6.72865], [-46.08579, 6.73321], [-46.0895, 6.73776], [-46.09275, 6.74174], [-46.096, 6.74573], [-46.09924, 6.74971], [-46.10249, 6.75369], [-46.10574, 6.75768], [-46.10899, 6.76166], [-46.11223, 6.76563], [-46.11501, 6.76905], [-46.1178, 6.77246], [-46.12058, 6.77587], [-46.12337, 6.77929], [-46.12615, 6.7827], [-46.12893, 6.78612], [-46.13171, 6.78953], [-46.13403, 6.79238], [-46.13635, 6.79522], [-46.13867, 6.79806], [-46.14099, 6.80091], [-46.14331, 6.80375], [-46.14563, 6.80659], [-46.14795, 6.80944], [-46.15026, 6.81228], [-46.15258, 6.81512], [-46.1549, 6.81797], [-46.15676, 6.82025], [-46.15861, 6.82252], [-46.16047, 6.8248], [-46.16232, 6.82707], [-46.16418, 6.82934], [-46.16603, 6.83162], [-46.16789, 6.83389], [-46.16974, 6.83617], [-46.1716, 6.83845], [-46.17346, 6.84072], [-46.17549, 6.8432], [-46.17881, 6.84726], [-46.2654, 6.9522], [-46.4463, 7.16352], [-46.6126, 7.3641], [-46.78534, 7.56918], [-46.9335, 7.7484], [-46.2815, 7.8422], [-46.19288, 7.85336], [-46.13381, 7.8608], [-46.09363, 7.86586], [-46.06764, 7.86914], [-46.04991, 7.87137], [-46.0381, 7.87286], [-46.03101, 7.87376], [-46.01534, 7.87567], [-45.96974, 7.88112], [-45.92903, 7.88598], [-45.91622, 7.88751], [-45.90856, 7.8884], [-45.90092, 7.88931], [-45.89341, 7.89016], [-45.8878, 7.89077], [-45.88221, 7.8914], [-45.8766, 7.89203], [-45.87101, 7.89265], [-45.8654, 7.89327], [-45.8598, 7.8939], [-45.8542, 7.89452], [-45.8486, 7.89515], [-45.843, 7.89577], [-45.8374, 7.89639], [-45.8318, 7.89702], [-45.8262, 7.89764], [-45.8206, 7.89827], [-45.815, 7.89889], [-45.8094, 7.89952], [-45.8038, 7.90014], [-45.7982, 7.90076], [-45.7926, 7.90139], [-45.787, 7.90202], [-45.7814, 7.90263], [-45.77579, 7.90326], [-45.7702, 7.90389], [-45.76459, 7.90451], [-45.75899, 7.90513], [-45.75637, 7.90543], [-45.75375, 7.90572], [-45.75113, 7.90602], [-45.7485, 7.90631], [-45.74587, 7.90662], [-45.74325, 7.90691], [-45.74062, 7.90721], [-45.738, 7.90751], [-45.73538, 7.9078], [-45.51861, 7.93396], [-45.51654, 7.93422], [-45.51448, 7.93449], [-45.51242, 7.93475], [-45.51044, 7.93501], [-45.50856, 7.93527], [-45.50668, 7.93553], [-45.50574, 7.93566], [-45.50481, 7.93578], [-45.50386, 7.93592], [-45.50293, 7.93604], [-45.50199, 7.93617], [-45.50104, 7.9363], [-45.50011, 7.93643], [-45.49917, 7.93655], [-45.49823, 7.93668], [-45.49729, 7.93681], [-45.49635, 7.93694], [-45.49541, 7.93706], [-45.49447, 7.9372], [-45.49353, 7.93732], [-45.49259, 7.93745], [-45.49165, 7.93758], [-45.49071, 7.93771], [-45.48977, 7.93783], [-45.48884, 7.93797], [-45.48789, 7.93809], [-45.48695, 7.93822], [-45.48601, 7.93835], [-45.48507, 7.93848], [-45.48414, 7.9386], [-45.48319, 7.93874], [-45.48225, 7.93886], [-45.48132, 7.93899], [-45.48037, 7.93912], [-45.47944, 7.93925], [-45.4785, 7.93937], [-45.47755, 7.93951], [-45.47662, 7.93963], [-45.47567, 7.93976], [-45.47474, 7.93988], [-45.4738, 7.94002], [-45.47285, 7.94014], [-45.47192, 7.94027], [-45.47098, 7.9404], [-45.47004, 7.94053], [-45.4691, 7.94065], [-45.46816, 7.94079], [-45.46722, 7.94091], [-45.46628, 7.94104], [-45.46534, 7.94117], [-45.4644, 7.9413], [-45.46083, 7.94178], [-45.45726, 7.94227], [-45.45368, 7.94276], [-45.45011, 7.94325], [-45.44654, 7.94373], [-45.44297, 7.94423], [-45.43939, 7.94471], [-45.43582, 7.9452], [-45.43225, 7.94569], [-45.42868, 7.94618], [-45.4251, 7.94666], [-45.42153, 7.94715], [-45.41796, 7.94764], [-45.41438, 7.94813], [-45.41082, 7.94861], [-45.40724, 7.94911], [-45.40367, 7.94959], [-45.40009, 7.95008], [-45.39652, 7.95057], [-45.39295, 7.95106], [-45.38937, 7.95154], [-45.38581, 7.95203], [-45.38223, 7.95252], [-45.37866, 7.953], [-45.37509, 7.9535], [-45.37152, 7.95398], [-45.36794, 7.95447], [-45.36436, 7.95496], [-45.3608, 7.95545], [-45.35722, 7.95593], [-45.35365, 7.95642], [-45.35008, 7.95691], [-45.34651, 7.9574], [-45.34293, 7.95788], [-45.33936, 7.95838], [-45.33579, 7.95886], [-45.33221, 7.95935], [-45.32864, 7.95984], [-45.32507, 7.96033], [-45.3215, 7.96081], [-45.28011, 7.96619], [-45.04341, 7.99354], [-45.0112, 7.9993], [-45.0755, 8.0197], [-45.0783, 8.02073], [-45.08109, 8.02176], [-45.08388, 8.02279], [-45.08668, 8.02382], [-45.08947, 8.02485], [-45.09226, 8.02588], [-45.09505, 8.02691], [-45.09784, 8.02794], [-45.10064, 8.02897], [-45.10343, 8.03], [-45.10622, 8.03102], [-45.10902, 8.03205], [-45.11181, 8.03308], [-45.11461, 8.03411], [-45.1174, 8.03515], [-45.12019, 8.03618], [-45.12299, 8.03721], [-45.12578, 8.03824], [-45.12857, 8.03927], [-45.13136, 8.0403], [-45.13415, 8.04133], [-45.13695, 8.04236], [-45.13974, 8.04339], [-45.14253, 8.04442], [-45.14533, 8.04545], [-45.14812, 8.04648], [-45.15092, 8.04751], [-45.15371, 8.04854], [-45.1565, 8.04957], [-45.1593, 8.0506], [-45.16209, 8.05163], [-45.16488, 8.05266], [-45.16767, 8.05369], [-45.17046, 8.05472], [-45.17326, 8.05575], [-45.17605, 8.05678], [-45.17884, 8.0578], [-45.18164, 8.05883], [-45.18443, 8.05986], [-45.18723, 8.06089], [-45.19002, 8.06192], [-45.19281, 8.06295], [-45.19561, 8.06399], [-45.1984, 8.06502], [-45.20119, 8.06605], [-45.20398, 8.06708], [-45.20677, 8.06811], [-45.20957, 8.06914], [-45.21236, 8.07017], [-45.21515, 8.0712], [-45.21795, 8.07223], [-45.22074, 8.07326], [-45.22354, 8.07429], [-45.22633, 8.07532], [-45.22912, 8.07635], [-45.23192, 8.07738], [-45.23471, 8.07841], [-45.2375, 8.07944], [-45.2403, 8.08046], [-45.24308, 8.08149], [-45.24588, 8.08252], [-45.24867, 8.08355], [-45.25146, 8.08458], [-45.25426, 8.08561], [-45.25705, 8.08664], [-45.25985, 8.08767], [-45.26264, 8.0887], [-45.26543, 8.08973], [-45.26823, 8.09076], [-45.27102, 8.09179], [-45.27381, 8.09283], [-45.27661, 8.09386], [-45.27939, 8.09489], [-45.28219, 8.09592], [-45.28498, 8.09695], [-45.28638, 8.09746], [-45.28777, 8.09798], [-45.28918, 8.09849], [-45.29057, 8.09901], [-45.29197, 8.09952], [-45.29336, 8.10004], [-45.29476, 8.10055], [-45.29616, 8.10106], [-45.29755, 8.10157], [-45.29895, 8.10209], [-45.30034, 8.1026], [-45.30174, 8.10312], [-45.30314, 8.10363], [-45.30454, 8.10415], [-45.30593, 8.10466], [-45.30733, 8.10518], [-45.30872, 8.10569], [-45.31012, 8.10621], [-45.31152, 8.10673], [-45.31292, 8.10724], [-45.31431, 8.10776], [-45.3157, 8.10827], [-45.3171, 8.10879], [-45.3185, 8.1093], [-45.3199, 8.10982], [-45.32129, 8.11033], [-45.32269, 8.11085], [-45.32408, 8.11136], [-45.32549, 8.11188], [-45.32688, 8.11239], [-45.32828, 8.11291], [-45.32967, 8.11342], [-45.33107, 8.11394], [-45.33247, 8.11445], [-45.33386, 8.11497], [-45.33526, 8.11548], [-45.33665, 8.116], [-45.33805, 8.11651], [-45.33945, 8.11703], [-45.34085, 8.11754], [-45.34224, 8.11806], [-45.34364, 8.11857], [-45.34503, 8.11909], [-45.34643, 8.1196], [-45.34783, 8.12011], [-45.34923, 8.12062], [-45.35062, 8.12114], [-45.3521, 8.12169], [-45.35358, 8.12223], [-45.35507, 8.12277], [-45.35655, 8.12332], [-45.35803, 8.12387], [-45.35951, 8.1244], [-45.361, 8.12495], [-45.36248, 8.12549], [-45.36396, 8.12604], [-45.36543, 8.12658], [-45.36692, 8.12712], [-45.3684, 8.12767], [-45.36988, 8.12822], [-45.37136, 8.12875], [-45.37284, 8.1293], [-45.37433, 8.12985], [-45.37581, 8.13039], [-45.37729, 8.13093], [-45.37877, 8.13147], [-45.38026, 8.13202], [-45.38174, 8.13257], [-45.38322, 8.1331], [-45.3847, 8.13365], [-45.38618, 8.1342], [-45.38767, 8.13474], [-45.38915, 8.13528], [-45.39063, 8.13582], [-45.39211, 8.13637], [-45.3936, 8.13692], [-45.39507, 8.13745], [-45.39655, 8.138], [-45.39803, 8.13855], [-45.39952, 8.13908], [-45.401, 8.13963], [-45.40248, 8.14018], [-45.40396, 8.14072], [-45.40544, 8.14126], [-45.40693, 8.1418], [-45.40841, 8.14235], [-45.40989, 8.1429], [-45.41137, 8.14343], [-45.41286, 8.14398], [-45.41434, 8.14453], [-45.41582, 8.14507], [-45.4173, 8.14561], [-45.41878, 8.14615], [-45.42027, 8.1467], [-45.42175, 8.14725], [-45.42322, 8.14778], [-45.4247, 8.14833], [-45.42619, 8.14888], [-45.42767, 8.14942], [-45.42915, 8.14996], [-45.43063, 8.1505], [-45.43212, 8.15105], [-45.4336, 8.1516], [-45.43508, 8.15213], [-45.43656, 8.15268], [-45.43804, 8.15323], [-45.43953, 8.15377], [-45.44101, 8.15431], [-45.44249, 8.15486], [-45.44397, 8.1554], [-45.44546, 8.15595], [-45.44694, 8.15649], [-45.44841, 8.15703], [-45.44989, 8.15758], [-45.45138, 8.15812], [-45.45286, 8.15867], [-45.45434, 8.15921], [-45.45582, 8.15975], [-45.4573, 8.1603], [-45.45879, 8.16084], [-45.46027, 8.16138], [-45.46175, 8.16193], [-45.46323, 8.16247], [-45.46472, 8.16302], [-45.4662, 8.16356], [-45.46767, 8.1641], [-45.46915, 8.16465], [-45.47064, 8.16519], [-45.47212, 8.16573], [-45.4736, 8.16628], [-45.47508, 8.16682], [-45.47656, 8.16737], [-45.47805, 8.16791], [-45.47953, 8.16845], [-45.48101, 8.169], [-45.48249, 8.16954], [-45.48398, 8.17008], [-45.48546, 8.17063], [-45.48694, 8.17117], [-45.48841, 8.17172], [-45.4899, 8.17226], [-45.49138, 8.1728], [-45.49286, 8.17335], [-45.49434, 8.17389], [-45.49582, 8.17443], [-45.49731, 8.17498], [-45.49879, 8.17552], [-45.50027, 8.17607], [-45.50175, 8.17661], [-45.50324, 8.17715], [-45.50472, 8.1777], [-45.5062, 8.17824], [-45.50768, 8.17878], [-45.50916, 8.17933], [-45.51064, 8.17987], [-45.51212, 8.18042], [-45.5136, 8.18096], [-45.51508, 8.1815], [-45.51657, 8.18205], [-45.51805, 8.18259], [-45.51953, 8.18313], [-45.52101, 8.18368], [-45.5225, 8.18422], [-45.52398, 8.18477], [-45.52546, 8.18531], [-45.52694, 8.18585], [-45.52842, 8.1864], [-45.5299, 8.18694], [-45.53138, 8.18748], [-45.53286, 8.18803], [-45.53434, 8.18857], [-45.53583, 8.18912], [-45.53731, 8.18966], [-45.53879, 8.1902], [-45.54027, 8.19075], [-45.54175, 8.19129], [-45.54324, 8.19183], [-45.54472, 8.19238], [-45.5462, 8.19292], [-45.54768, 8.19347], [-45.54917, 8.19401], [-45.55065, 8.19455], [-45.55212, 8.1951], [-45.5536, 8.19564], [-45.55509, 8.19618], [-45.55657, 8.19673], [-45.55805, 8.19727], [-45.55953, 8.19782], [-45.56101, 8.19835], [-45.5625, 8.1989], [-45.77127, 8.27557], [-45.78362, 8.28034], [-45.79596, 8.28512], [-45.80831, 8.28989], [-46.3889, 8.5211], [-46.8131, 8.6818], [-46.8922, 8.7108], [-46.9822, 8.74], [-46.9856, 8.74136], [-46.98899, 8.7427], [-46.99238, 8.74406], [-46.99578, 8.74542], [-46.99916, 8.74678], [-47.00256, 8.74813], [-47.00595, 8.74949], [-47.00934, 8.75085], [-47.01274, 8.75221], [-47.01612, 8.75355], [-47.01952, 8.75491], [-47.02291, 8.75627], [-47.0263, 8.75762], [-47.02986, 8.75904], [-47.03351, 8.76049], [-47.03714, 8.76195], [-47.04078, 8.76339], [-47.04443, 8.76484], [-47.29651, 8.86381], [-47.969, 9.0909], [-48.56348, 9.30954], [-49.04358, 9.4908], [-49.5333, 9.6733], [-50.09212, 9.87536], [-50.11866, 9.88531], [-50.144, 9.89479], [-50.16934, 9.90429], [-50.19347, 9.91333], [-50.2176, 9.92237], [-50.24053, 9.93096], [-50.26224, 9.93909], [-50.28396, 9.94723], [-50.30447, 9.95491], [-50.32498, 9.96259], [-50.34428, 9.96982], [-50.36359, 9.97705], [-50.38169, 9.98383], [-50.39979, 9.9906], [-50.41668, 9.99694], [-50.42486, 10.0]]}}, {"type": "Feature", "properties": {"ssGmStId": 473, "ssGmStNm": "RC2514", "cmpnntGmId": 5.0, "ss2dUqLnId": "RC2514", "district": "LANDMARK", "project": "NEOGENO_FOZAMAZONAS", "subprj": "ALL_DATA", "owtype": "Seis2DLine", "Shape_Leng": 0.0, "OBJECTID": 257.0, "Interpret": "Nao iniciada"}, "geometry": {"type": "LineString", "coordinates": [[-47.99637, 3.46473], [-47.9961, 3.47783], [-47.99999, 3.6256], [-47.98526, 3.72157], [-47.98392, 3.72321], [-47.93605, 3.73952], [-47.93467, 3.73898], [-47.82095, 3.48322], [-47.81807, 3.48336], [-47.73788, 3.53304], [-47.73383, 3.53577], [-47.73344, 3.53858]]}}, {"type": "Feature", "properties": {"ssGmStId": 474, "ssGmStNm": "V2413", "cmpnntGmId": 5.0, "ss2dUqLnId": "V2413", "district": "LANDMARK", "project": "NEOGENO_FOZAMAZONAS", "subprj": "ALL_DATA", "owtype": "Seis2DLine", "Shape_Leng": 0.0, "OBJECTID": 258.0, "Interpret": "Nao iniciada"}, "geometry": {"type": "LineString", "coordinates": [[-38.7332, 1.169], [-39.3837, 1.3585], [-39.57504, 1.40948], [-39.60455, 1.4175], [-39.63405, 1.42553], [-39.66356, 1.43355], [-39.69142, 1.44113], [-39.71929, 1.44871], [-39.74716, 1.45628], [-39.77339, 1.46342], [-39.79962, 1.47055], [-39.82585, 1.47768], [-39.87892, 1.49217], [-39.96832, 1.51659], [-40.05134, 1.53928], [-40.13117, 1.5611], [-40.21407, 1.58374], [-40.9339, 1.7798], [-41.4655, 1.90709], [-42.03268, 2.04523], [-42.6814, 2.1953], [-43.2254, 2.3405], [-43.3361, 2.3622], [-43.34171, 2.36371], [-43.34731, 2.36523], [-43.35291, 2.36674], [-43.35852, 2.36826], [-43.36412, 2.36977], [-43.36973, 2.37128], [-43.37532, 2.37279], [-43.38093, 2.3743], [-43.38654, 2.37582], [-43.39214, 2.37733], [-43.39775, 2.37884], [-43.40334, 2.38035], [-43.40895, 2.38187], [-43.41455, 2.38337], [-43.42139, 2.38521], [-43.42823, 2.38703], [-43.45256, 2.39348], [-43.48123, 2.40107], [-43.50686, 2.40785], [-43.53101, 2.41423], [-43.55364, 2.42022], [-43.57326, 2.42542], [-43.59136, 2.43021], [-43.60795, 2.4346], [-43.62304, 2.43858], [-43.63813, 2.44258], [-43.6517, 2.44617], [-43.66377, 2.44936], [-43.67433, 2.45215], [-43.68489, 2.45495], [-43.69395, 2.45735], [-43.70299, 2.45974], [-43.71054, 2.46174], [-43.71809, 2.46374], [-43.72412, 2.46533], [-43.73016, 2.46693], [-43.77716, 2.4793], [-43.84667, 2.49684], [-43.88571, 2.50669], [-43.90809, 2.51234], [-43.92047, 2.51545], [-43.92761, 2.51726], [-43.93865, 2.52011], [-44.5587, 2.6912], [-45.4235, 2.9052], [-45.4292, 2.90697], [-45.43489, 2.90873], [-45.44058, 2.9105], [-45.44627, 2.91227], [-45.45115, 2.91379], [-45.45604, 2.9153], [-45.46092, 2.91682], [-45.46579, 2.91833], [-45.47067, 2.91985], [-45.47555, 2.92137], [-45.48044, 2.92288], [-45.48531, 2.92439], [-45.48938, 2.92566], [-45.49344, 2.92692], [-45.49751, 2.92819], [-45.50158, 2.92944], [-45.50564, 2.93071], [-45.50971, 2.93197], [-45.51685, 2.93419], [-45.524, 2.93642], [-45.53024, 2.93836], [-45.53649, 2.94032], [-45.54273, 2.94226], [-45.54899, 2.94421], [-45.55434, 2.94587], [-45.55969, 2.94754], [-45.56505, 2.94921], [-45.5704, 2.95087], [-45.57576, 2.95254], [-45.58111, 2.95422], [-45.58558, 2.95561], [-45.59004, 2.957], [-45.73848, 3.00353], [-45.85002, 3.04054], [-45.86105, 3.04356], [-45.87155, 3.04643], [-45.88153, 3.04916], [-45.89098, 3.05174], [-45.8999, 3.05419], [-45.90883, 3.05663], [-45.91723, 3.05893], [-45.92511, 3.06108], [-45.93247, 3.06309], [-45.93982, 3.0651], [-45.94664, 3.06697], [-45.95347, 3.06884], [-45.95977, 3.07056], [-45.966, 3.07226], [-45.9722, 3.07395], [-45.97841, 3.07565], [-45.98409, 3.07719], [-45.98973, 3.07873], [-45.99699, 3.0807], [-46.00377, 3.08255], [-46.01006, 3.08426], [-46.01587, 3.08585], [-46.02119, 3.0873], [-46.02603, 3.08861], [-46.03038, 3.08981], [-46.03426, 3.09085], [-46.0678, 3.1], [-46.3014, 3.1595], [-46.36653, 3.17763], [-46.88539, 3.3178], [-46.88767, 3.3184], [-46.88996, 3.31901], [-46.89224, 3.31962], [-46.89452, 3.32023], [-46.8968, 3.32083], [-46.89908, 3.32144], [-46.90136, 3.32205], [-46.90365, 3.32265], [-46.90592, 3.32326], [-46.9082, 3.32387], [-46.91048, 3.32448], [-46.91276, 3.32508], [-46.91505, 3.3257], [-46.91733, 3.3263], [-46.91961, 3.32691], [-46.92189, 3.32751], [-46.92417, 3.32813], [-46.92645, 3.32873], [-46.92953, 3.32954], [-46.9326, 3.33036], [-46.93567, 3.33118], [-46.93875, 3.33199], [-46.94182, 3.33281], [-46.9449, 3.33362], [-46.94797, 3.33444], [-46.95002, 3.33499], [-46.95207, 3.33553], [-46.95411, 3.33607], [-46.95616, 3.33661], [-46.95821, 3.33715], [-46.96026, 3.3377], [-46.96232, 3.33825], [-46.96436, 3.33879], [-46.96641, 3.33933], [-46.96846, 3.33987], [-46.97051, 3.34042], [-46.97256, 3.34096], [-46.97516, 3.34165], [-46.97831, 3.34249], [-46.98147, 3.34332], [-47.1671, 3.3914], [-47.4051, 3.5227], [-47.51084, 3.58786], [-47.58346, 3.63261], [-47.63313, 3.66322], [-47.66625, 3.68363], [-47.68791, 3.69697], [-47.72889, 3.72225], [-47.73038, 3.7232], [-47.73187, 3.72416], [-47.73336, 3.7251], [-47.73485, 3.72605], [-47.73634, 3.72701], [-47.73783, 3.72796], [-47.73932, 3.7289], [-47.7408, 3.72985], [-47.7423, 3.73081], [-47.74379, 3.73175], [-47.74528, 3.7327], [-47.74676, 3.73366], [-47.74825, 3.73461], [-47.74974, 3.73555], [-47.75123, 3.73651], [-47.75272, 3.73746], [-47.75421, 3.73841], [-47.7557, 3.73935], [-47.75719, 3.74031], [-47.75868, 3.74126], [-47.76017, 3.7422], [-47.76165, 3.74316], [-47.76315, 3.74411], [-47.76464, 3.74506], [-47.76613, 3.74601], [-47.76761, 3.74696], [-47.7691, 3.74791], [-47.77059, 3.74886], [-47.77208, 3.74981], [-47.77357, 3.75076], [-47.77507, 3.75171], [-47.77655, 3.75265], [-47.77804, 3.75361], [-47.77953, 3.75456], [-47.78102, 3.75551], [-47.78251, 3.75645], [-47.784, 3.75741], [-47.78549, 3.75836], [-47.78698, 3.75931], [-47.78847, 3.76026], [-47.78996, 3.76121], [-47.79144, 3.76217], [-47.79293, 3.76311], [-47.79442, 3.76406], [-47.79541, 3.76469], [-47.7969, 3.76565], [-47.7979, 3.76628], [-47.7989, 3.76691], [-47.79989, 3.76754], [-47.80088, 3.76818], [-47.80187, 3.76881], [-47.80287, 3.76944], [-47.80387, 3.77008], [-47.80485, 3.77071], [-47.80585, 3.77134], [-47.80684, 3.77197], [-47.80784, 3.77261], [-47.80882, 3.77325], [-47.80981, 3.77388], [-47.81081, 3.77451], [-47.8118, 3.77514], [-47.8128, 3.77577], [-47.81378, 3.77641], [-47.81478, 3.77705], [-47.81577, 3.77768], [-47.81677, 3.77831], [-47.81776, 3.77895], [-47.81875, 3.77958], [-47.81975, 3.78021], [-47.82074, 3.78084], [-47.82173, 3.78148], [-47.82272, 3.78212], [-47.82372, 3.78275], [-47.82471, 3.78338], [-47.8257, 3.78401], [-47.82669, 3.78464], [-47.82769, 3.78528], [-47.82868, 3.78592], [-47.82967, 3.78655], [-47.83067, 3.78718], [-47.83166, 3.78781], [-47.83266, 3.78844], [-47.83364, 3.78907], [-47.83464, 3.78972], [-47.83563, 3.79035], [-47.83663, 3.79098], [-47.83783, 3.79175], [-47.83996, 3.7931], [-47.84209, 3.79445], [-47.84422, 3.79581], [-48.0746, 3.9418], [-48.09493, 3.94349], [-48.11526, 3.94517], [-48.13375, 3.9467], [-48.15222, 3.94823], [-48.17071, 3.94976], [-48.18734, 3.95113], [-48.20398, 3.95251], [-48.22061, 3.95388], [-48.2354, 3.95511], [-48.25018, 3.95633], [-48.26497, 3.95756], [-48.27976, 3.95877], [-48.29269, 3.95985], [-48.30563, 3.96092], [-48.31856, 3.96199], [-48.32966, 3.96291], [-48.34074, 3.96383], [-48.35184, 3.96474], [-48.36451, 3.9658], [-48.37887, 3.967], [-48.39144, 3.96806], [-48.49494, 3.97708], [-48.57453, 3.98404], [-48.5878, 3.9852], [-48.58837, 3.98531], [-48.72273, 4.01128], [-48.9977, 4.0905], [-49.27387, 4.14593], [-49.444, 4.18006], [-49.55193, 4.20171], [-49.61959, 4.2153], [-49.71429, 4.23489], [-49.71686, 4.23544], [-49.71941, 4.23598], [-49.72197, 4.23653], [-49.72453, 4.23707], [-49.72709, 4.23761], [-49.72964, 4.23815], [-49.7322, 4.2387], [-49.73476, 4.23924], [-49.92534, 4.28348], [-49.93089, 4.2847], [-49.93587, 4.2858], [-49.94086, 4.2869], [-49.94584, 4.288], [-49.95083, 4.2891], [-49.95499, 4.29001], [-49.95914, 4.29093], [-49.9633, 4.29184], [-49.96745, 4.29276], [-49.97161, 4.29368], [-49.97576, 4.2946], [-49.97992, 4.29551], [-49.98407, 4.29643], [-49.98823, 4.29735], [-49.99238, 4.29826], [-49.99653, 4.29918], [-50.00069, 4.30009], [-50.00484, 4.30101], [-50.009, 4.30193], [-50.01316, 4.30284], [-50.01731, 4.30376], [-50.02063, 4.30449], [-50.02395, 4.30522], [-50.02728, 4.30596], [-50.0306, 4.30669], [-50.03392, 4.30742], [-50.03725, 4.30815], [-50.04057, 4.30889], [-50.0439, 4.30962], [-50.05288, 4.3116], [-50.06415, 4.31409], [-50.07418, 4.31631], [-50.16726, 4.33692], [-50.1942, 4.3428], [-50.19608, 4.34673], [-50.19772, 4.35016], [-50.19937, 4.3536], [-50.20101, 4.35703], [-50.20266, 4.36047], [-50.2043, 4.3639], [-50.20594, 4.36733], [-50.2076, 4.37077], [-50.20924, 4.3742], [-50.21065, 4.37715], [-50.21206, 4.38009], [-50.21347, 4.38303], [-50.21488, 4.38598], [-50.21628, 4.38892], [-50.21769, 4.39187], [-50.2191, 4.39481], [-50.22051, 4.39775], [-50.22192, 4.40069], [-50.2231, 4.40315], [-50.22428, 4.4056], [-50.22545, 4.40806], [-50.22662, 4.41051], [-50.2278, 4.41296], [-50.22898, 4.41542], [-50.23014, 4.41787], [-50.23132, 4.42032], [-50.2325, 4.42277], [-50.23367, 4.42523], [-50.23485, 4.42768], [-50.23578, 4.42964], [-50.23673, 4.4316], [-50.23767, 4.43357], [-50.23861, 4.43552], [-50.23955, 4.43749], [-50.24049, 4.43945], [-50.24143, 4.44141], [-50.24237, 4.44338], [-50.2433, 4.44533], [-50.24425, 4.4473], [-50.24519, 4.44926], [-50.24612, 4.45122], [-50.24707, 4.45319], [-50.24777, 4.45466], [-50.24848, 4.45613], [-50.24918, 4.4576], [-50.24989, 4.45907], [-50.25059, 4.46054], [-50.2513, 4.46201], [-50.252, 4.46348], [-50.2527, 4.46495], [-50.25341, 4.46643], [-50.25411, 4.4679], [-50.25482, 4.46937], [-50.25552, 4.47084], [-50.25623, 4.47231], [-50.25693, 4.47379], [-50.25764, 4.47526], [-50.25834, 4.47673], [-50.25905, 4.4782], [-50.25975, 4.47967], [-50.26046, 4.48114], [-50.26093, 4.48212], [-50.2614, 4.4831], [-50.26186, 4.48408], [-50.26234, 4.48507], [-50.26281, 4.48605], [-50.26327, 4.48702], [-50.26375, 4.48801], [-50.26422, 4.48899], [-50.26468, 4.48997], [-50.26516, 4.49095], [-50.26563, 4.49194], [-50.26609, 4.49292], [-50.26657, 4.49389], [-50.26704, 4.49488], [-50.2675, 4.49586], [-50.26798, 4.49684], [-50.26845, 4.49782], [-50.26948, 4.50001], [-50.27051, 4.5022], [-50.27121, 4.50367], [-50.2719, 4.50512], [-50.27258, 4.50658], [-50.27327, 4.50804], [-50.27396, 4.5095], [-50.27466, 4.51096], [-50.3059, 4.5779], [-50.3458, 4.7645], [-50.38756, 4.94569], [-50.40984, 5.04904], [-50.42627, 5.12528], [-50.4387, 5.18287], [-50.44782, 5.22522], [-50.4544, 5.2557], [-50.45951, 5.27941], [-50.46316, 5.29634], [-50.46572, 5.3082], [-50.46754, 5.31666], [-50.47159, 5.33536], [-50.52801, 5.58505], [-50.52838, 5.58678], [-50.52874, 5.5885], [-50.54762, 5.682], [-50.55003, 5.69462], [-50.55128, 5.7012], [-50.55252, 5.70779], [-50.55376, 5.71437], [-50.555, 5.72096], [-50.55624, 5.72755], [-50.55748, 5.73413], [-50.55873, 5.74071], [-50.55997, 5.7473], [-50.56121, 5.75388], [-50.56245, 5.76047], [-50.56344, 5.76574], [-50.56443, 5.77101], [-50.56542, 5.77628], [-50.56642, 5.78154], [-50.56742, 5.78681], [-50.56841, 5.79208], [-50.5694, 5.79735], [-50.5704, 5.80261], [-50.57139, 5.80788], [-50.57238, 5.81315], [-50.57337, 5.81842], [-50.57437, 5.82368], [-50.57536, 5.82895], [-50.57635, 5.83422], [-50.57734, 5.83949], [-50.57834, 5.84475], [-50.57933, 5.85002], [-50.58032, 5.85529], [-50.58131, 5.86056], [-50.58231, 5.86582], [-50.5833, 5.87109], [-50.58404, 5.87504], [-50.58479, 5.87899], [-50.58554, 5.88294], [-50.58719, 5.8918], [-50.58884, 5.90066], [-50.5905, 5.90952], [-50.59216, 5.91838], [-50.59381, 5.92724], [-50.59546, 5.9361], [-50.59684, 5.94348], [-50.65687, 6.26746], [-50.66162, 6.2934], [-50.6938, 6.4724], [-50.73558, 6.72805], [-50.75176, 6.82706], [-50.7738, 6.9825], [-50.79151, 7.14207], [-50.827, 7.3937], [-50.83088, 7.4181], [-50.8343, 7.43963], [-50.84, 7.4755], [-50.84226, 7.48971], [-50.84499, 7.5069], [-50.85253, 7.55453], [-50.85372, 7.56208], [-50.85437, 7.56629], [-50.85478, 7.56899], [-50.85519, 7.57169], [-50.8556, 7.57438], [-50.85601, 7.57708], [-50.85641, 7.57978], [-50.85683, 7.58248], [-50.85724, 7.58518], [-50.85764, 7.58787], [-50.85806, 7.59057], [-50.85847, 7.59327], [-50.85888, 7.59597], [-50.85929, 7.59867], [-50.8597, 7.60136], [-50.86011, 7.60406], [-50.86052, 7.60676], [-50.86093, 7.60946], [-50.86134, 7.61216], [-50.86176, 7.61485], [-50.86216, 7.61755], [-50.86258, 7.62025], [-50.86299, 7.62295], [-50.86339, 7.62565], [-50.86381, 7.62834], [-50.86422, 7.63104], [-50.86462, 7.63374], [-50.86504, 7.63644], [-50.86545, 7.63913], [-50.86585, 7.64183], [-50.86627, 7.64453], [-50.86655, 7.64633], [-50.86682, 7.64812], [-50.86708, 7.64992], [-50.86736, 7.65173], [-50.86763, 7.65352], [-50.86791, 7.65532], [-50.86818, 7.65712], [-50.86846, 7.65891], [-50.86873, 7.66071], [-50.86901, 7.66252], [-50.86928, 7.66432], [-50.86955, 7.66611], [-50.86982, 7.66791], [-50.87009, 7.66971], [-50.87037, 7.6715], [-50.87064, 7.67331], [-50.87105, 7.67602], [-50.87146, 7.67874], [-50.87177, 7.68077], [-50.8829, 7.7607], [-51.0801, 8.0285], [-51.1222, 7.9889], [-51.12529, 7.99205], [-51.12839, 7.99519], [-51.13148, 7.99833], [-51.13457, 8.00148], [-51.13766, 8.00462], [-51.14076, 8.00776], [-51.14385, 8.01091], [-51.14694, 8.01405], [-51.15004, 8.01719], [-51.15313, 8.02033], [-51.4854, 8.3599], [-51.648, 8.2235], [-51.8509, 8.0365], [-52.3265, 7.6769], [-52.52064, 7.55998], [-52.55142, 7.54149], [-52.799, 7.3997], [-52.8902, 7.3741], [-53.09089, 7.35569], [-53.3527, 7.3511], [-53.4589, 7.344], [-53.69517, 7.34686], [-53.7135, 7.34649], [-53.73017, 7.34616], [-53.74517, 7.34586], [-53.7585, 7.3456], [-53.77369, 7.34529], [-53.78721, 7.34502], [-53.79905, 7.34479], [-53.8934, 7.3429], [-53.89566, 7.35887], [-53.89767, 7.37311], [-53.8995, 7.38606], [-53.90141, 7.39959], [-53.9177, 7.515], [-53.92576, 7.59279], [-53.94962, 7.8893], [-53.9616, 8.08004], [-53.97288, 8.36634], [-53.9836, 8.7363], [-53.95984, 9.28528], [-53.95814, 9.32194], [-53.95665, 9.35391], [-53.95516, 9.38587], [-53.95367, 9.41781], [-53.95225, 9.44817], [-53.95084, 9.47852], [-53.94949, 9.50727], [-53.94815, 9.53601], [-53.94689, 9.56316], [-53.94562, 9.59031], [-53.94443, 9.61586], [-53.94324, 9.6414], [-53.94205, 9.66694], [-53.94093, 9.69089], [-53.93981, 9.71483], [-53.93869, 9.73878], [-53.93765, 9.76112], [-53.9366, 9.78346], [-53.93564, 9.80421], [-53.93467, 9.82495], [-53.9337, 9.84569], [-53.93273, 9.86643], [-53.93183, 9.88557], [-53.93094, 9.90472], [-53.93005, 9.92387], [-53.92924, 9.94141], [-53.92841, 9.95896], [-53.92759, 9.9765], [-53.92678, 9.99397], [-53.9265, 10.0]]}}, {"type": "Feature", "properties": {"ssGmStId": 475, "ssGmStNm": "V2502_1", "cmpnntGmId": 5.0, "ss2dUqLnId": "V2502_1", "district": "LANDMARK", "project": "NEOGENO_FOZAMAZONAS", "subprj": "ALL_DATA", "owtype": "Seis2DLine", "Shape_Leng": 0.0, "OBJECTID": 259.0, "Interpret": "Nao iniciada"}, "geometry": {"type": "MultiLineString", "coordinates": [[[-37.538, 3.357], [-37.87249, 3.35303], [-38.24979, 3.36125], [-38.29268, 3.36276], [-38.33239, 3.36415], [-38.37051, 3.36548], [-38.40859, 3.36683], [-38.9583, 3.38689], [-39.2298, 3.3987], [-39.27148, 3.39964], [-39.30817, 3.40048], [-39.34152, 3.40123], [-39.37153, 3.40192], [-39.39821, 3.40252], [-39.42156, 3.40305], [-39.44157, 3.40351], [-39.45991, 3.40392], [-39.47658, 3.4043], [-39.49158, 3.40464], [-39.50492, 3.40494], [-39.59371, 3.4066], [-39.74451, 3.4252], [-39.7768, 3.428], [-39.85093, 3.43252], [-39.92183, 3.43685], [-39.9863, 3.44077], [-40.04753, 3.44451], [-40.10393, 3.44795], [-40.1555, 3.45109], [-40.20385, 3.45404], [-40.24897, 3.4568], [-40.28925, 3.45925], [-40.32632, 3.46151], [-40.36017, 3.46357], [-40.3924, 3.46553], [-40.42139, 3.4673], [-40.44719, 3.46887], [-40.48526, 3.47123], [-40.51857, 3.4733], [-40.5471, 3.47507], [-40.6952, 3.4846], [-40.71884, 3.4854], [-40.74089, 3.48614], [-40.76295, 3.48689], [-40.78343, 3.48759], [-40.80392, 3.48827], [-40.82282, 3.48891], [-40.84015, 3.4895], [-40.85748, 3.49009], [-40.87482, 3.49067], [-40.89058, 3.49121], [-40.90633, 3.49174], [-40.92051, 3.49222], [-40.93468, 3.4927], [-40.94887, 3.49318], [-40.96147, 3.49361], [-40.97407, 3.49403], [-40.98668, 3.49447], [-40.99771, 3.49484], [-41.00874, 3.49521], [-41.01971, 3.49558], [-41.03489, 3.49609], [-41.05008, 3.4966], [-41.06374, 3.49706], [-41.07589, 3.49747], [-41.10057, 3.4983], [-41.12646, 3.49917], [-41.14802, 3.49989], [-41.16528, 3.50047], [-41.22832, 3.50268], [-41.23306, 3.50291], [-41.23778, 3.50315], [-41.24252, 3.50338], [-41.24724, 3.50362], [-41.25198, 3.50385], [-41.25671, 3.50409], [-41.26144, 3.50433], [-41.26617, 3.50457], [-41.2709, 3.5048], [-41.27372, 3.50494], [-41.27652, 3.50507], [-41.27933, 3.50522], [-41.28214, 3.50535], [-41.28494, 3.50549], [-41.28776, 3.50562], [-41.29057, 3.50576], [-41.29337, 3.5059], [-41.29618, 3.50604], [-41.29899, 3.50617], [-41.3018, 3.50631], [-41.30461, 3.50644], [-41.30742, 3.50659], [-41.31022, 3.50672], [-41.31304, 3.50686], [-41.31585, 3.50699], [-41.31865, 3.50713], [-41.32146, 3.50727], [-41.32427, 3.50741], [-41.32708, 3.50754], [-41.32989, 3.50768], [-41.3327, 3.50782], [-41.3355, 3.50796], [-41.33831, 3.5081], [-41.34113, 3.50823], [-41.34393, 3.50837], [-41.34674, 3.5085], [-41.34954, 3.50865], [-41.35235, 3.50878], [-41.35517, 3.50892], [-41.35797, 3.50905], [-41.36078, 3.50919], [-41.36359, 3.50933], [-41.3664, 3.50947], [-41.36921, 3.5096], [-41.37202, 3.50974], [-41.37482, 3.50987], [-41.37763, 3.51002], [-41.38044, 3.51015], [-41.38325, 3.51029], [-41.38606, 3.51042], [-41.38887, 3.51056], [-41.39167, 3.5107], [-41.39449, 3.51084], [-41.3973, 3.51098], [-41.4001, 3.51111], [-41.40291, 3.51125], [-41.40572, 3.51139], [-41.40853, 3.51153], [-41.41134, 3.51166], [-41.41415, 3.5118], [-41.41695, 3.51193], [-41.41976, 3.51208], [-41.42258, 3.51221], [-41.42538, 3.51235], [-41.42819, 3.51248], [-41.431, 3.51262], [-41.4338, 3.51276], [-41.43568, 3.51285], [-41.43755, 3.51294], [-41.43943, 3.51303], [-41.4413, 3.51312], [-41.44317, 3.51321], [-41.44504, 3.5133], [-41.44691, 3.5134], [-41.44879, 3.51349], [-41.45066, 3.51358], [-41.45253, 3.51367], [-41.4544, 3.51376], [-41.45628, 3.51385], [-41.45815, 3.51394], [-41.46002, 3.51404], [-41.46189, 3.51413], [-41.46376, 3.51422], [-41.46564, 3.51431], [-41.46751, 3.51441], [-41.46939, 3.5145], [-41.47126, 3.51459], [-41.47313, 3.51468], [-41.475, 3.51478], [-41.47687, 3.51487], [-41.47875, 3.51496], [-41.48062, 3.51505], [-41.48249, 3.51514], [-41.48436, 3.51523], [-41.48624, 3.51532], [-41.48811, 3.51542], [-41.48999, 3.51551], [-41.49185, 3.5156], [-41.49372, 3.51569], [-41.4956, 3.51578], [-41.49747, 3.51587], [-41.49935, 3.51596], [-41.50121, 3.51606], [-41.50309, 3.51615], [-41.50496, 3.51624], [-41.50683, 3.51633], [-41.50871, 3.51642], [-41.51057, 3.51651], [-41.51245, 3.5166], [-41.51432, 3.51669], [-41.5162, 3.51679], [-41.51807, 3.51688], [-41.51994, 3.51697], [-41.52181, 3.51706], [-41.52425, 3.51719], [-41.52668, 3.51733], [-41.52912, 3.51747], [-41.53155, 3.51761], [-41.53371, 3.51773], [-41.53587, 3.51785], [-41.53804, 3.51798], [-41.5402, 3.5181], [-41.54237, 3.51822], [-41.54426, 3.51833], [-41.54616, 3.51843], [-41.54805, 3.51854], [-41.54994, 3.51865], [-41.55183, 3.51876], [-41.55372, 3.51886], [-41.55535, 3.51895], [-41.55696, 3.51904], [-41.55859, 3.51913], [-41.56022, 3.51923], [-41.56183, 3.51932], [-41.56349, 3.51941], [-41.56564, 3.51953], [-41.56779, 3.51966], [-41.56963, 3.51976], [-41.6511, 3.5243], [-41.7299, 3.5365], [-41.73312, 3.53662], [-41.73528, 3.53669], [-41.73744, 3.53676], [-41.73958, 3.53684], [-41.74174, 3.53692], [-41.74389, 3.537], [-41.74604, 3.53707], [-41.7482, 3.53714], [-41.75034, 3.53722], [-41.7525, 3.5373], [-41.75465, 3.53738], [-41.7568, 3.53745], [-41.75896, 3.53753], [-41.76111, 3.5376], [-41.76326, 3.53768], [-41.76542, 3.53776], [-41.76756, 3.53784], [-41.76972, 3.53791], [-41.81898, 3.53958], [-41.86363, 3.54109], [-41.95875, 3.54431], [-41.98627, 3.54523], [-42.01225, 3.5461], [-42.03671, 3.54692], [-42.05811, 3.54764], [-42.07798, 3.5483], [-42.09632, 3.54892], [-42.11314, 3.54948], [-42.13003, 3.55005], [-42.3187, 3.5574], [-42.49132, 3.57826], [-42.75038, 3.60393], [-42.76036, 3.60475], [-42.77034, 3.60556], [-42.78033, 3.60637], [-42.79031, 3.60718], [-42.79864, 3.60785], [-42.80696, 3.60853], [-42.81528, 3.60921], [-42.82361, 3.60988], [-42.83192, 3.61056], [-42.83858, 3.6111], [-42.84955, 3.61206], [-42.86894, 3.61383], [-42.88685, 3.61546], [-42.90177, 3.61682], [-42.9152, 3.61805], [-42.92714, 3.61914], [-42.93758, 3.62009], [-42.94653, 3.62091], [-42.95548, 3.62173], [-42.96294, 3.62242], [-42.97517, 3.62348], [-43.00327, 3.62569], [-43.1766, 3.6362], [-43.18422, 3.63649], [-43.19183, 3.63678], [-43.19945, 3.63707], [-43.20707, 3.63736], [-43.21469, 3.63764], [-43.22231, 3.63793], [-43.22992, 3.63822], [-43.23754, 3.63851], [-43.24364, 3.63875], [-43.24973, 3.63898], [-43.25587, 3.63921], [-43.2637, 3.63951], [-43.27152, 3.63982], [-43.27935, 3.64012], [-43.28561, 3.64036], [-43.29187, 3.6406], [-43.29813, 3.64085], [-43.30439, 3.64109], [-43.31065, 3.64134], [-43.31692, 3.64158], [-43.32318, 3.64181], [-43.32944, 3.64206], [-43.3357, 3.6423], [-43.3404, 3.64248], [-43.3451, 3.64266], [-43.34979, 3.64285], [-43.35448, 3.64303], [-43.35918, 3.64321], [-43.36388, 3.64339], [-43.52617, 3.65059], [-43.52869, 3.65076], [-43.53122, 3.65094], [-43.53374, 3.65111], [-43.53627, 3.65128], [-43.53879, 3.65146], [-43.54131, 3.65163], [-43.54384, 3.65181], [-43.54636, 3.65199], [-43.54889, 3.65216], [-43.55141, 3.65234], [-43.55394, 3.65251], [-43.55646, 3.65268], [-43.55898, 3.65286], [-43.56151, 3.65303], [-43.56403, 3.6532], [-43.56656, 3.65338], [-43.56908, 3.65356], [-43.57161, 3.65374], [-43.57413, 3.65391], [-43.57665, 3.65408], [-43.57917, 3.65426], [-43.58169, 3.65443], [-43.58422, 3.65461], [-43.58674, 3.65478], [-43.58927, 3.65495], [-43.5918, 3.65513], [-43.59432, 3.65531], [-43.59685, 3.65548], [-43.59937, 3.65566], [-43.60189, 3.65583], [-43.60441, 3.656], [-43.60694, 3.65618], [-43.60946, 3.65635], [-43.61199, 3.65653], [-43.61451, 3.65671], [-43.61704, 3.65688], [-43.61957, 3.65706], [-43.62208, 3.65723], [-43.62462, 3.6574], [-43.62714, 3.65758], [-43.62966, 3.65775], [-43.63219, 3.65793], [-43.63471, 3.6581], [-43.63723, 3.65828], [-43.63975, 3.65846], [-43.64228, 3.65863], [-43.64477, 3.6588], [-43.64724, 3.65897], [-43.6497, 3.65914], [-43.65216, 3.65931], [-43.65462, 3.65948], [-43.65708, 3.65966], [-43.65954, 3.65983], [-43.662, 3.65999], [-43.66446, 3.66016], [-43.66693, 3.66033], [-43.66939, 3.6605], [-43.67185, 3.66068], [-43.67431, 3.66085], [-43.78154, 3.66822], [-43.8899, 3.6715], [-43.9543, 3.6802], [-44.01037, 3.66314], [-44.01963, 3.66029], [-44.02889, 3.65743], [-44.03816, 3.65458], [-44.04743, 3.65171], [-44.05553, 3.64921], [-44.06363, 3.64672], [-44.07174, 3.64422], [-44.07985, 3.64172], [-44.08795, 3.63922], [-44.09736, 3.63633], [-44.10688, 3.6334], [-44.11638, 3.63049], [-44.12589, 3.62756], [-44.13421, 3.62501], [-44.14253, 3.62245], [-44.15085, 3.6199], [-44.15917, 3.61735], [-44.1663, 3.61515], [-44.17342, 3.61297], [-44.18862, 3.60831], [-44.20529, 3.6032], [-44.22067, 3.59848], [-44.23476, 3.59416], [-44.24886, 3.58984], [-44.26168, 3.58591], [-44.27322, 3.58237], [-44.28347, 3.57922], [-44.29373, 3.57608], [-44.3027, 3.57333], [-44.31167, 3.57058], [-44.4164, 3.5384], [-44.73154, 3.4157], [-44.88491, 3.35904], [-45.0294, 3.3086], [-45.04692, 3.28815], [-45.06351, 3.26877], [-45.07919, 3.25048], [-45.47349, 2.79346], [-45.50762, 2.75394], [-45.53897, 2.71763], [-45.56755, 2.68451], [-45.60422, 2.64208], [-45.63991, 2.60078], [-45.67101, 2.56478], [-45.8646, 2.3414], [-45.92738, 2.29125], [-45.9787, 2.25016], [-45.9799, 2.24906], [-45.9811, 2.24796], [-45.98231, 2.24686], [-45.98351, 2.24575], [-45.98471, 2.24465], [-45.98592, 2.24355], [-45.98712, 2.24245], [-45.98833, 2.24134], [-45.98953, 2.24024], [-45.99072, 2.23914], [-45.99193, 2.23804], [-45.99313, 2.23693], [-45.99434, 2.23583], [-45.99554, 2.23473], [-45.99674, 2.23363], [-45.99795, 2.23252], [-45.99915, 2.23142], [-46.00035, 2.23032], [-46.00156, 2.22922], [-46.00276, 2.22811], [-46.00397, 2.22701], [-46.00517, 2.22591], [-46.00637, 2.22481], [-46.00758, 2.2237], [-46.00878, 2.2226], [-46.00998, 2.2215], [-46.01119, 2.2204], [-46.01238, 2.21929], [-46.01359, 2.21819], [-46.01479, 2.21709], [-46.01599, 2.21599], [-46.0172, 2.21488], [-46.0184, 2.21378], [-46.01961, 2.21268], [-46.02081, 2.21158], [-46.02201, 2.21047], [-46.02322, 2.20937], [-46.02442, 2.20827], [-46.02562, 2.20717], [-46.02642, 2.20643], [-46.02722, 2.2057], [-46.02803, 2.20496], [-46.02883, 2.20423], [-46.02963, 2.2035], [-46.03044, 2.20276], [-46.03124, 2.20202], [-46.03204, 2.20129], [-46.03285, 2.20055], [-46.03365, 2.19982], [-46.03445, 2.19909], [-46.03524, 2.19835], [-46.03605, 2.19761], [-46.03685, 2.19688], [-46.03765, 2.19614], [-46.03846, 2.19541], [-46.03926, 2.19468], [-46.04006, 2.19394], [-46.04087, 2.1932], [-46.04167, 2.19247], [-46.04247, 2.19173], [-46.04327, 2.191], [-46.04408, 2.19027], [-46.04487, 2.18953], [-46.04567, 2.18879], [-46.04648, 2.18806], [-46.04728, 2.18732], [-46.04808, 2.18659], [-46.04888, 2.18586], [-46.04969, 2.18512], [-46.05049, 2.18438], [-46.05129, 2.18365], [-46.0521, 2.18291], [-46.0529, 2.18218], [-46.0537, 2.18145], [-46.0545, 2.18071], [-46.0553, 2.17997], [-46.0561, 2.17924], [-46.0569, 2.17851], [-46.05771, 2.17777], [-46.05851, 2.17704], [-46.05931, 2.1763], [-46.06012, 2.17556], [-46.06092, 2.17483], [-46.06172, 2.1741], [-46.06253, 2.17336], [-46.06333, 2.17263], [-46.06413, 2.17189], [-46.06493, 2.17115], [-46.06573, 2.17042], [-46.06653, 2.16969], [-46.06733, 2.16895], [-46.06814, 2.16822], [-46.06894, 2.16748], [-46.06974, 2.16674], [-46.07054, 2.16601], [-46.07135, 2.16528], [-46.07215, 2.16454], [-46.07295, 2.16381], [-46.07376, 2.16307], [-46.07456, 2.16233], [-46.07535, 2.1616], [-46.07616, 2.16087], [-46.07696, 2.16013], [-46.07776, 2.1594], [-46.07856, 2.15866], [-46.07937, 2.15792], [-46.08017, 2.15719], [-46.08097, 2.15646], [-46.2286, 2.0209], [-46.27361, 1.97643], [-46.31018, 1.94028], [-46.33832, 1.91248], [-46.36083, 1.89024], [-46.37962, 1.87165], [-46.4469, 1.8043], [-46.45629, 1.79582], [-46.46475, 1.7882], [-46.4732, 1.78057], [-46.48165, 1.77294], [-46.48917, 1.76616], [-46.49668, 1.75937], [-46.5042, 1.75259], [-46.51171, 1.74581], [-46.51829, 1.73987], [-46.52486, 1.73393], [-46.53144, 1.728], [-46.53801, 1.72207], [-46.54365, 1.71698], [-46.54929, 1.71189], [-46.55492, 1.70681], [-46.56055, 1.70172], [-46.56619, 1.69664], [-46.57089, 1.6924], [-46.57559, 1.68816], [-46.58028, 1.68392], [-46.58498, 1.67968], [-46.58968, 1.67545], [-46.59437, 1.67121], [-46.59813, 1.66782], [-46.60188, 1.66442], [-46.60564, 1.66103], [-46.6094, 1.65764], [-46.61316, 1.65425], [-46.61691, 1.65086], [-46.62067, 1.64746], [-46.62443, 1.64407], [-46.62724, 1.64153], [-46.63006, 1.63899], [-46.63288, 1.63644], [-46.6357, 1.6339], [-46.63852, 1.63136], [-46.64134, 1.62881], [-46.64415, 1.62627], [-46.64697, 1.62373], [-46.64979, 1.62119], [-46.65246, 1.61878], [-46.65561, 1.61595], [-46.65876, 1.61312], [-46.6871, 1.5881], [-46.8343, 1.5032], [-46.894, 1.451], [-47.0742, 1.2619], [-47.0769, 1.25921], [-47.07962, 1.25653], [-47.08193, 1.25423], [-47.08425, 1.25194], [-47.08657, 1.24963], [-47.0889, 1.24733], [-47.09121, 1.24504], [-47.09353, 1.24273], [-47.09585, 1.24043], [-47.09818, 1.23813], [-47.10049, 1.23583], [-47.10281, 1.23354], [-47.10513, 1.23123], [-47.10746, 1.22893], [-47.10939, 1.22702], [-47.11132, 1.2251], [-47.11325, 1.22318], [-47.11518, 1.22127], [-47.11712, 1.21935], [-47.11905, 1.21743], [-47.12098, 1.21552], [-47.12292, 1.2136], [-47.12485, 1.21168], [-47.12679, 1.20977], [-47.12872, 1.20785], [-47.13065, 1.20593], [-47.13258, 1.20401], [-47.13451, 1.2021], [-47.13645, 1.20018], [-47.138, 1.19864], [-47.13954, 1.19712], [-47.14109, 1.19558], [-47.14263, 1.19405], [-47.14418, 1.19251], [-47.14573, 1.19099], [-47.14728, 1.18945], [-47.14882, 1.18791], [-47.15037, 1.18638], [-47.15191, 1.18485], [-47.15346, 1.18332], [-47.15501, 1.18178], [-47.15656, 1.18024], [-47.1581, 1.17872], [-47.15965, 1.17718], [-47.16119, 1.17565], [-47.16274, 1.17411], [-47.16429, 1.17259], [-47.16545, 1.17143], [-47.16661, 1.17028], [-47.16777, 1.16913], [-47.16893, 1.16798], [-47.17009, 1.16684], [-47.17125, 1.16568], [-47.1724, 1.16453], [-47.17357, 1.16338], [-47.17473, 1.16223], [-47.17589, 1.16108], [-47.17705, 1.15993], [-47.17821, 1.15878], [-47.17937, 1.15763], [-47.18052, 1.15648], [-47.18168, 1.15533], [-47.18285, 1.15418], [-47.18401, 1.15303], [-47.18517, 1.15188], [-47.18633, 1.15073], [-47.18759, 1.14947], [-47.18953, 1.14753], [-47.19148, 1.14559], [-47.19343, 1.14365], [-47.1949, 1.14219], [-47.19635, 1.14073], [-47.19782, 1.13928], [-47.19928, 1.13782], [-47.20075, 1.13636], [-47.2022, 1.13491], [-47.20367, 1.13344], [-47.20513, 1.13199], [-47.20658, 1.13053], [-47.20805, 1.12908], [-47.20951, 1.12762], [-47.21098, 1.12616], [-47.2924, 1.0443], [-47.4035, 0.9887], [-47.78773, 1.34096], [-48.17385, 1.73734], [-48.58648, 2.13656], [-48.842, 2.3769], [-49.0114, 2.5907], [-49.0618, 2.763], [-49.07451, 2.79538], [-49.08668, 2.82642], [-49.09832, 2.85611], [-49.10891, 2.8831], [-49.11896, 2.90873], [-49.12849, 2.93302], [-49.13749, 2.95596], [-49.14596, 2.97754], [-49.1539, 2.99778], [-49.16131, 3.01667], [-49.27311, 3.30343], [-49.39646, 3.64917], [-49.5162, 3.9949], [-49.5914, 4.2638], [-49.61321, 4.44076], [-49.64835, 4.7042], [-49.6914, 4.9584], [-49.7035, 5.0116], [-49.7399, 5.0481], [-49.8029, 5.6266], [-49.8016, 5.7907], [-49.79497, 5.83425], [-49.78931, 5.8714], [-49.78444, 5.90342], [-49.78016, 5.93158], [-49.758, 6.0793], [-49.7265, 6.3185], [-49.67126, 6.53606], [-49.6134, 6.7515], [-49.5504, 6.876], [-49.5038, 7.0271], [-49.4042, 7.3153], [-49.3578, 7.6068], [-49.3362, 7.8263], [-49.3244, 8.0476], [-49.32382, 8.08773], [-49.32324, 8.12662], [-49.32271, 8.16299], [-49.3222, 8.1981], [-49.32172, 8.2307], [-49.32126, 8.26205], [-49.32082, 8.29214], [-49.3204, 8.32097], [-49.32002, 8.34729], [-49.31964, 8.37362], [-49.31834, 8.45779], [-49.31778, 8.49376], [-49.31727, 8.52707], [-49.31679, 8.5577], [-49.31634, 8.587], [-49.31593, 8.61364], [-49.31553, 8.63895], [-49.31518, 8.66158], [-49.31485, 8.68289], [-49.31454, 8.70286], [-49.31425, 8.72151], [-49.31398, 8.73881], [-49.31374, 8.75479], [-49.3135, 8.76943], [-49.31326, 8.7852], [-49.31266, 8.82303], [-49.3119, 8.86913], [-49.31146, 8.89654], [-49.3108, 8.93291], [-49.3103, 8.94096], [-49.30982, 8.9485], [-49.30935, 8.95604], [-49.30891, 8.96308], [-49.30847, 8.97011], [-49.30803, 8.97715], [-49.30762, 8.98369], [-49.30718, 8.99077], [-49.30669, 8.9985], [-49.30625, 9.0057], [-49.3058, 9.0129], [-49.30535, 9.02011], [-49.30494, 9.0268], [-49.2917, 9.2488], [-49.2853, 9.5486], [-49.2896, 9.8606], [-49.3155, 9.9916], [-49.39447, 9.9667], [-49.6087, 9.9222], [-49.94293, 9.86432], [-50.1414, 9.8251], [-50.47855, 9.77315], [-51.14538, 9.65908], [-51.7622, 9.5478], [-51.77208, 9.54624], [-51.78197, 9.54468], [-51.79185, 9.54312], [-51.80174, 9.54157], [-51.80997, 9.54027], [-51.8182, 9.53896], [-51.82643, 9.53766], [-51.83467, 9.53636], [-51.8429, 9.53506], [-51.85114, 9.53376], [-51.85773, 9.53272], [-51.86431, 9.53168], [-51.8709, 9.53064], [-51.87749, 9.5296], [-51.88408, 9.52856], [-51.89067, 9.52752], [-51.89726, 9.52648], [-51.9022, 9.52569], [-51.90719, 9.52491], [-51.91399, 9.52383], [-51.92079, 9.52275], [-51.92588, 9.52194], [-51.93099, 9.52113], [-52.05925, 9.50022], [-53.0479, 9.3738], [-53.1008, 9.3343], [-53.15085, 9.0238], [-53.15782, 8.9594], [-53.16387, 8.90341], [-53.17255, 8.82322], [-53.17589, 8.79246], [-53.17878, 8.76574], [-53.18139, 8.74169], [-53.18385, 8.71897], [-53.18601, 8.69893], [-53.18804, 8.68022], [-53.18995, 8.66257]], [[-53.18995, 8.66257], [-53.19069, 8.65574], [-53.19475, 8.61835], [-53.2087, 8.4897], [-53.2048, 8.59604], [-53.2, 8.7269], [-53.18995, 8.66257]], [[-53.18995, 8.66257], [-53.1628, 8.4887], [-53.1705, 8.4638], [-53.17172, 8.46027], [-53.17295, 8.45674], [-53.17417, 8.4532], [-53.1754, 8.44968], [-53.17621, 8.44732], [-53.17744, 8.44379], [-53.17825, 8.44143], [-53.17907, 8.43908], [-53.17989, 8.43673], [-53.18071, 8.43438], [-53.18152, 8.43202], [-53.18233, 8.42966], [-53.18315, 8.42731], [-53.18397, 8.42496], [-53.18478, 8.4226], [-53.1856, 8.42024], [-53.18642, 8.41789], [-53.18724, 8.41554], [-53.18804, 8.41318], [-53.18886, 8.41082], [-53.18968, 8.40847], [-53.1905, 8.40612], [-53.19131, 8.40376], [-53.19213, 8.40141], [-53.19295, 8.39905], [-53.19376, 8.3967], [-53.19458, 8.39435], [-53.19539, 8.39199], [-53.19621, 8.38963], [-53.19703, 8.38728], [-53.19784, 8.38493], [-53.19865, 8.38257], [-53.19947, 8.38021], [-53.20029, 8.37786], [-53.20111, 8.37551], [-53.20192, 8.37315], [-53.20274, 8.37079], [-53.20356, 8.36844], [-53.20437, 8.36609], [-53.20518, 8.36373], [-53.206, 8.36137], [-53.20682, 8.35902], [-53.20764, 8.35667], [-53.20845, 8.35431], [-53.20927, 8.35195], [-53.21009, 8.3496], [-53.2109, 8.34725], [-53.21171, 8.34489], [-53.21253, 8.34253], [-53.21335, 8.34018], [-53.21417, 8.33783], [-53.21498, 8.33547], [-53.2158, 8.33311], [-53.21662, 8.33076], [-53.21743, 8.3284], [-53.21825, 8.32605], [-53.21906, 8.32369], [-53.21988, 8.32134], [-53.2207, 8.31898], [-53.22152, 8.31663], [-53.22233, 8.31427], [-53.22314, 8.31191], [-53.22396, 8.30956], [-53.22478, 8.3072], [-53.22559, 8.30485], [-53.22641, 8.30249], [-53.22723, 8.30014], [-53.22805, 8.29779], [-53.22885, 8.29542], [-53.22967, 8.29307], [-53.23049, 8.29072], [-53.23131, 8.28836], [-53.23211, 8.28603], [-53.23291, 8.28373], [-53.23371, 8.28143], [-53.23451, 8.27913], [-53.2353, 8.27682], [-53.2361, 8.27452], [-53.23689, 8.27222], [-53.23769, 8.26991], [-53.23848, 8.26761], [-53.23928, 8.26531], [-53.24008, 8.26301], [-53.24087, 8.26071], [-53.24167, 8.25841], [-53.24247, 8.25611], [-53.24322, 8.25392], [-53.24428, 8.25083], [-53.24534, 8.24774], [-53.2464, 8.24465], [-53.24746, 8.24156], [-53.24852, 8.23847], [-53.24958, 8.23538], [-53.25064, 8.23229], [-53.2517, 8.2292], [-53.25276, 8.22611], [-53.25383, 8.22302], [-53.25489, 8.21992], [-53.25595, 8.21684], [-53.25701, 8.21375], [-53.25771, 8.21169], [-53.25842, 8.20963], [-53.25913, 8.20756], [-53.25983, 8.20551], [-53.26054, 8.20345], [-53.26125, 8.20139], [-53.26196, 8.19933], [-53.26266, 8.19727], [-53.26337, 8.19521], [-53.26408, 8.19315], [-53.26478, 8.19109], [-53.26549, 8.18903], [-53.2662, 8.18697], [-53.2669, 8.18491], [-53.26761, 8.18285], [-53.26832, 8.18079], [-53.26903, 8.17873], [-53.26973, 8.17667], [-53.27044, 8.17461], [-53.27115, 8.17255], [-53.27185, 8.17048], [-53.27256, 8.16842], [-53.27327, 8.16637], [-53.27398, 8.16431], [-53.27468, 8.16225], [-53.27539, 8.16018], [-53.2761, 8.15812], [-53.2768, 8.15606], [-53.27751, 8.154], [-53.27822, 8.15195], [-53.27892, 8.14989], [-53.27963, 8.14782], [-53.28033, 8.14576], [-53.28104, 8.1437], [-53.28175, 8.14164], [-53.28245, 8.13958], [-53.28316, 8.13753], [-53.28387, 8.13547], [-53.28458, 8.13341], [-53.28528, 8.13134], [-53.28599, 8.12928], [-53.2867, 8.12722], [-53.2874, 8.12516], [-53.28811, 8.1231], [-53.28882, 8.12105], [-53.28953, 8.11899], [-53.29023, 8.11692], [-53.29094, 8.11486], [-53.29165, 8.1128], [-53.29247, 8.11038], [-53.29367, 8.10689], [-53.29486, 8.10341], [-53.29606, 8.09992], [-53.29725, 8.09644], [-53.29845, 8.09295], [-53.29964, 8.08946], [-53.30084, 8.08598], [-53.3018, 8.08319], [-53.30275, 8.0804], [-53.30371, 8.07762], [-53.30466, 8.07482], [-53.30562, 8.07204], [-53.30658, 8.06925], [-53.30753, 8.06646], [-53.30849, 8.06367], [-53.30944, 8.06089], [-53.3104, 8.05809], [-53.31136, 8.05531], [-53.31231, 8.05251], [-53.31327, 8.04973], [-53.31422, 8.04694], [-53.31518, 8.04415], [-53.31614, 8.04136], [-53.3171, 8.03857], [-53.31805, 8.03579], [-53.319, 8.033], [-53.31996, 8.03021], [-53.32091, 8.02742], [-53.32188, 8.02463], [-53.32283, 8.02184], [-53.32378, 8.01905], [-53.3245, 8.01696], [-53.32522, 8.01487], [-53.32594, 8.01278], [-53.32665, 8.01068], [-53.32737, 8.0086], [-53.32808, 8.0065], [-53.3288, 8.00441], [-53.32952, 8.00232], [-53.33024, 8.00022], [-53.33096, 7.99814], [-53.33167, 7.99604], [-53.33239, 7.99395], [-53.3331, 7.99186], [-53.33382, 7.98976], [-53.33454, 7.98768], [-53.33526, 7.98558], [-53.33597, 7.9835], [-53.33669, 7.9814], [-53.33741, 7.9793], [-53.33813, 7.97722], [-53.3662, 7.8951], [-53.48308, 7.69765], [-53.70926, 7.29542], [-53.7113, 7.29179], [-53.71333, 7.28816], [-53.71536, 7.28453], [-53.71769, 7.28023], [-53.72044, 7.27508], [-53.72318, 7.26993], [-53.72593, 7.26479], [-53.72867, 7.25964], [-53.73139, 7.25453], [-53.7341, 7.24943], [-53.73683, 7.24434], [-53.73954, 7.23924], [-53.74226, 7.23414], [-53.74497, 7.22904], [-53.74715, 7.22496], [-53.74932, 7.22089], [-53.75149, 7.21681], [-53.75367, 7.21273], [-53.75584, 7.20865], [-53.75802, 7.20457], [-53.76019, 7.2005], [-53.76236, 7.19642], [-53.76454, 7.19234], [-53.76671, 7.18826], [-53.76889, 7.18418], [-53.77106, 7.18011], [-53.77323, 7.17602], [-53.77541, 7.17195], [-53.77704, 7.16889], [-53.8394, 7.051], [-53.9529, 6.9288], [-53.95617, 6.92679], [-53.95944, 6.92478], [-53.96189, 6.92328], [-53.96434, 6.92177], [-53.96679, 6.92026], [-53.96925, 6.91875], [-53.9717, 6.91724], [-53.97414, 6.91574], [-53.97659, 6.91424], [-53.97905, 6.91273], [-53.9815, 6.91122], [-53.98395, 6.90971], [-53.9864, 6.90821], [-53.98886, 6.9067], [-53.99131, 6.9052], [-53.99376, 6.90369], [-53.99621, 6.90218], [-53.99867, 6.90068], [-54.00112, 6.89917], [-54.00357, 6.89766], [-54.00602, 6.89616], [-54.00848, 6.89465], [-54.01092, 6.89315], [-54.01337, 6.89164], [-54.01582, 6.89013], [-54.01828, 6.88862], [-54.02073, 6.88712], [-54.02318, 6.88562], [-54.02563, 6.88411], [-54.02809, 6.8826], [-54.2366, 6.757], [-54.4688, 6.612], [-54.54233, 6.5618], [-54.65075, 6.49209], [-54.73284, 6.43932], [-54.9522, 6.2978]]]}}, {"type": "Feature", "properties": {"ssGmStId": 476, "ssGmStNm": "V2502_2", "cmpnntGmId": 5.0, "ss2dUqLnId": "V2502_2", "district": "LANDMARK", "project": "NEOGENO_FOZAMAZONAS", "subprj": "ALL_DATA", "owtype": "Seis2DLine", "Shape_Leng": 0.0, "OBJECTID": 260.0, "Interpret": "Nao iniciada"}, "geometry": {"type": "LineString", "coordinates": [[-43.18743, 10.0], [-43.11552, 9.71817], [-43.01036, 9.37396], [-43.0096, 9.3715], [-42.9412, 9.2324], [-42.7539, 8.7286], [-42.70382, 8.57641], [-42.54472, 8.07587], [-42.52245, 8.00288], [-42.4939, 7.9084], [-42.4703, 7.5886], [-42.47078, 7.53433], [-42.4712, 7.48721], [-42.47157, 7.44436], [-42.47192, 7.4058], [-42.47222, 7.37151], [-42.47249, 7.34151], [-42.47273, 7.31437], [-42.47295, 7.29008], [-42.47487, 7.09347], [-42.4791, 6.9213], [-42.4813, 6.9515], [-42.5206, 6.9901], [-42.52077, 6.9875], [-42.52094, 6.9849], [-42.52111, 6.9823], [-42.52128, 6.97969], [-42.52145, 6.97709], [-42.52161, 6.97449], [-42.52178, 6.97188], [-42.52195, 6.96928], [-42.52212, 6.96668], [-42.52228, 6.96407], [-42.52245, 6.96147], [-42.52263, 6.95887], [-42.5228, 6.95626], [-42.52296, 6.95367], [-42.52313, 6.95107], [-42.5233, 6.94846], [-42.52347, 6.94586], [-42.52363, 6.94326], [-42.5238, 6.94065], [-42.52397, 6.93805], [-42.52414, 6.93545], [-42.52431, 6.93285], [-42.52448, 6.93024], [-42.52465, 6.92764], [-42.52482, 6.92504], [-42.52498, 6.92243], [-42.52515, 6.91983], [-42.5253, 6.91712], [-42.52545, 6.91441], [-42.52561, 6.9117], [-42.52577, 6.90898], [-42.52592, 6.90626], [-42.52607, 6.90355], [-42.52623, 6.90084], [-42.52638, 6.89813], [-42.52653, 6.89542], [-42.52669, 6.8927], [-42.52685, 6.88999], [-42.527, 6.88728], [-42.52715, 6.88457], [-42.52731, 6.88185], [-42.52746, 6.87914], [-42.52762, 6.87642], [-42.52777, 6.87371], [-42.52793, 6.871], [-42.52808, 6.86829], [-42.52823, 6.86558], [-42.52838, 6.86287], [-42.52855, 6.86015], [-42.5287, 6.85744], [-42.52885, 6.85472], [-42.529, 6.85201], [-42.52916, 6.8493], [-42.52931, 6.84659], [-42.52947, 6.84387], [-42.52962, 6.84116], [-42.52978, 6.83845], [-42.52993, 6.83573], [-42.53454, 6.75582], [-42.5541, 6.5405], [-42.55681, 6.49553], [-42.57901, 6.13837], [-42.58155, 6.10104], [-42.58442, 6.05909], [-42.58718, 6.01864], [-42.58973, 5.98117], [-42.59218, 5.9452], [-42.59453, 5.91072], [-42.59677, 5.87774], [-42.59892, 5.84626], [-42.60097, 5.81629], [-42.60682, 5.72568], [-42.60884, 5.6939], [-42.61085, 5.66214], [-42.61266, 5.63355], [-42.61437, 5.60653], [-42.61598, 5.5811], [-42.61749, 5.55728], [-42.6191, 5.53196], [-42.642, 5.1806], [-42.6814, 4.9507], [-42.68162, 4.94542], [-42.68183, 4.94014], [-42.68204, 4.93486], [-42.68226, 4.92958], [-42.68247, 4.92431], [-42.68269, 4.91903], [-42.6829, 4.91375], [-42.68311, 4.90847], [-42.68332, 4.90319], [-42.68354, 4.89791], [-42.68365, 4.89527], [-42.68376, 4.89263], [-42.68386, 4.88999], [-42.68397, 4.88736], [-42.68407, 4.88472], [-42.68418, 4.88208], [-42.68429, 4.87944], [-42.68439, 4.8768], [-42.6845, 4.87416], [-42.68461, 4.87152], [-42.68472, 4.86888], [-42.68483, 4.86624], [-42.68493, 4.8636], [-42.68503, 4.86096], [-42.68514, 4.85832], [-42.68525, 4.85568], [-42.68536, 4.85304], [-42.68546, 4.8504], [-42.68557, 4.84776], [-42.68568, 4.84513], [-42.68579, 4.84249], [-42.68589, 4.83985], [-42.686, 4.83721], [-42.6861, 4.83457], [-42.68621, 4.83193], [-42.68632, 4.82929], [-42.68642, 4.82665], [-42.68653, 4.82401], [-42.6963, 4.5898], [-42.70468, 4.05822], [-42.71218, 3.75847], [-42.71336, 3.71141], [-42.71442, 3.66905], [-42.7154, 3.62982], [-42.71631, 3.59374], [-42.71714, 3.56078], [-42.71976, 3.45784], [-42.72313, 3.32639], [-42.72501, 3.25306], [-42.72698, 3.17853], [-42.7372, 2.9362], [-42.7593, 2.7897], [-42.7618, 2.4744], [-42.76209, 2.43226], [-42.7622, 2.10478], [-42.76195, 2.09131], [-42.76173, 2.07932], [-42.7615, 2.06733], [-42.76125, 2.05534], [-42.76105, 2.04485], [-42.76084, 2.03436], [-42.76063, 2.02387], [-42.76043, 2.01338], [-42.76025, 2.00438], [-42.76008, 1.99539], [-42.7599, 1.9864], [-42.75972, 1.9774], [-42.75955, 1.96841], [-42.75937, 1.95943], [-42.75921, 1.95192], [-42.75907, 1.94443], [-42.75893, 1.93694], [-42.75878, 1.92945], [-42.75863, 1.92195], [-42.75851, 1.91595], [-42.7584, 1.90996], [-42.75827, 1.90397], [-42.75815, 1.89796], [-42.75804, 1.89197], [-42.75792, 1.88598], [-42.7578, 1.87998], [-42.75769, 1.87399], [-42.7576, 1.86948], [-42.75751, 1.86499], [-42.75727, 1.85234], [-42.757, 1.8387], [-42.75566, 1.7678], [-42.74937, 1.35165], [-42.74891, 1.28648], [-42.74847, 1.22414], [-42.74807, 1.16605], [-42.7477, 1.11221], [-42.74734, 1.06121], [-42.7419, 0.286], [-42.7477, 0.218], [-42.7882, 0.1587], [-42.7911, 0.1156], [-42.8013, -0.1413], [-42.7746, -0.1505], [-42.75466, -0.13035], [-42.73637, -0.11187], [-42.68752, -0.06253], [-42.66367, -0.03844], [-42.64246, -0.01702], [-42.62214, 0.0035], [-42.60359, 0.02224], [-42.5868, 0.0392], [-42.3786, 0.2469]]}}, {"type": "Feature", "properties": {"ssGmStId": 477, "ssGmStNm": "V2607", "cmpnntGmId": 5.0, "ss2dUqLnId": "V2607", "district": "LANDMARK", "project": "NEOGENO_FOZAMAZONAS", "subprj": "ALL_DATA", "owtype": "Seis2DLine", "Shape_Leng": 0.0, "OBJECTID": 261.0, "Interpret": "Nao iniciada"}, "geometry": {"type": "LineString", "coordinates": [[-41.4736, 0.0013], [-41.6763, 0.1297], [-41.7206, 0.1832], [-41.72575, 0.31545], [-41.72878, 0.39333], [-41.73055, 0.43906], [-41.73188, 0.47343], [-41.7329, 0.5024], [-41.74279, 0.49475], [-41.75269, 0.4871], [-41.77044, 0.47335], [-41.96836, 0.32002], [-42.3797, 0.0093], [-42.45, -0.0283], [-42.51207, 0.00091], [-42.7501, 0.1128], [-42.903, 0.1865], [-43.1027, 0.3502], [-43.3779, 0.5635], [-43.82, 0.8183], [-43.83846, 0.81668], [-43.85357, 0.81536], [-43.86868, 0.81404], [-43.88211, 0.81286], [-43.89386, 0.81184], [-43.90393, 0.81096], [-43.914, 0.81008], [-43.92239, 0.80935], [-43.92911, 0.80876], [-43.93582, 0.80817], [-43.94253, 0.80758], [-43.94757, 0.80714], [-43.95261, 0.80671], [-43.95764, 0.80626], [-43.961, 0.80597], [-43.96436, 0.80568], [-43.96771, 0.80538], [-43.97107, 0.80509], [-43.99845, 0.80242], [-44.17322, 0.77715], [-44.19162, 0.77451], [-44.4567, 0.7394], [-44.5501, 0.7283], [-44.6136, 0.7644], [-44.66628, 0.87673], [-44.743, 1.0406], [-44.8749, 1.0581], [-44.9848, 1.0706], [-45.0319, 1.3972], [-45.38609, 1.43062], [-45.48817, 1.43758], [-45.5743, 1.44345], [-45.64927, 1.44856], [-45.74219, 1.45487], [-46.14602, 1.48184], [-46.3418, 1.4981], [-46.4702, 1.5402], [-46.50041, 1.54311], [-46.52884, 1.54584], [-46.8082, 1.573], [-46.8341, 1.6535], [-46.873, 1.8222], [-46.9059, 2.1587], [-46.90745, 2.49803], [-46.9045, 2.6628], [-46.8942, 2.99638], [-46.8861, 3.3305], [-46.88908, 3.4975], [-46.88864, 3.66946], [-46.88653, 3.76605], [-46.88476, 3.84746], [-46.88319, 3.91919], [-46.88184, 3.98123], [-46.8755, 4.3092], [-46.87556, 4.31207], [-46.87563, 4.31495], [-46.8757, 4.31782], [-46.87576, 4.32069], [-46.87583, 4.32356], [-46.87589, 4.32644], [-46.87595, 4.3293], [-46.87602, 4.33217], [-46.87609, 4.33505], [-46.87615, 4.33792], [-46.87621, 4.34079], [-46.87627, 4.34366], [-46.87634, 4.34654], [-46.8764, 4.3494], [-46.87646, 4.35227], [-46.87653, 4.35515], [-46.87659, 4.35802], [-46.87666, 4.36089], [-46.87672, 4.36376], [-46.87679, 4.36663], [-46.87685, 4.3695], [-46.87692, 4.37237], [-46.87698, 4.37525], [-46.87705, 4.37811], [-46.87711, 4.38098], [-46.87718, 4.38386], [-46.87724, 4.38673], [-46.87731, 4.3896], [-46.87737, 4.39247], [-46.87743, 4.39535], [-46.8775, 4.39821], [-46.87756, 4.40108], [-46.87762, 4.40396], [-46.87768, 4.40682], [-46.87776, 4.4097], [-46.87782, 4.41257], [-46.87788, 4.41544], [-46.87795, 4.41831], [-46.87801, 4.42118], [-46.87808, 4.42405], [-46.87814, 4.42692], [-46.87819, 4.42883], [-46.87823, 4.43075], [-46.87827, 4.43267], [-46.87831, 4.43458], [-46.87836, 4.43649], [-46.8784, 4.43841], [-46.87845, 4.44032], [-46.87848, 4.44223], [-46.87853, 4.44414], [-46.87857, 4.44606], [-46.87862, 4.44797], [-46.87865, 4.44989], [-46.8787, 4.45181], [-46.87874, 4.45372], [-46.87879, 4.45563], [-46.87883, 4.45755], [-46.87887, 4.45946], [-46.87892, 4.46137], [-46.87896, 4.46328], [-46.87901, 4.4652], [-46.87904, 4.46712], [-46.87909, 4.46903], [-46.87913, 4.47095], [-46.87918, 4.47286], [-46.88059, 4.5336], [-46.8813, 4.56437], [-46.8832, 4.6896], [-46.9015, 4.7825], [-46.89885, 4.91797], [-46.8986, 4.92884], [-46.89836, 4.9388], [-46.8951, 5.0697], [-46.8637, 5.3863], [-46.86381, 5.4112], [-46.8639, 5.43464], [-46.86399, 5.45662], [-46.86409, 5.47859], [-46.86418, 5.49911], [-46.86426, 5.51961], [-46.86435, 5.54012], [-46.86443, 5.55916], [-46.86452, 5.5782], [-46.8646, 5.59578], [-46.86467, 5.61335], [-46.86475, 5.63087], [-46.86483, 5.64975], [-46.86491, 5.66717], [-46.86499, 5.6846], [-46.86506, 5.70057], [-46.86514, 5.71654], [-46.8671, 6.0303], [-46.8658, 6.1812], [-46.8489, 6.3347], [-46.8069, 6.63363], [-46.75963, 6.93852], [-46.72113, 7.24032], [-46.69934, 7.3891], [-46.69733, 7.40245], [-46.69553, 7.41446], [-46.6899, 7.452], [-46.6761, 7.5074], [-46.67607, 7.51153], [-46.67603, 7.51567], [-46.67599, 7.5198], [-46.67596, 7.52394], [-46.67591, 7.52808], [-46.67588, 7.53221], [-46.67584, 7.53634], [-46.67581, 7.54047], [-46.67577, 7.54461], [-46.67573, 7.54875], [-46.6757, 7.55288], [-46.67566, 7.55701], [-46.67562, 7.56114], [-46.67558, 7.56528], [-46.67555, 7.56941], [-46.67551, 7.57354], [-46.67543, 7.58322], [-46.67525, 7.60352], [-46.67509, 7.62256], [-46.67493, 7.64033], [-46.67479, 7.65682], [-46.67466, 7.67205], [-46.67453, 7.68728], [-46.67441, 7.70123], [-46.6743, 7.71392], [-46.67419, 7.72661], [-46.67409, 7.73802], [-46.67399, 7.74944], [-46.6739, 7.75959], [-46.67381, 7.76973], [-46.6725, 7.9326], [-46.9355, 8.1661], [-46.98611, 8.20687], [-47.0295, 8.24181], [-47.07053, 8.27484], [-47.36114, 8.50569], [-47.70611, 8.77625], [-48.09563, 9.08242], [-48.38095, 9.31848], [-48.6746, 9.5501], [-49.2177, 10.0]]}}, {"type": "Feature", "properties": {"ssGmStId": 478, "ssGmStNm": "V3003", "cmpnntGmId": 5.0, "ss2dUqLnId": "V3003", "district": "LANDMARK", "project": "NEOGENO_FOZAMAZONAS", "subprj": "ALL_DATA", "owtype": "Seis2DLine", "Shape_Leng": 0.0, "OBJECTID": 262.0, "Interpret": "Nao iniciada"}, "geometry": {"type": "MultiLineString", "coordinates": [[[-54.77808, 10.0], [-54.8507, 9.2651], [-54.9254, 8.8525], [-54.9749, 8.7332], [-54.91978, 8.70003], [-54.43713, 8.38224], [-54.1709, 8.21828], [-53.9346, 8.0727], [-53.6926, 7.9447], [-53.37663, 7.81959], [-53.21512, 7.76732], [-52.88853, 7.6342], [-52.88657, 7.63343], [-52.8846, 7.63265], [-52.60993, 7.52636], [-52.60953, 7.52616], [-52.60913, 7.52596], [-52.60873, 7.52575], [-52.60833, 7.52556], [-52.60793, 7.52535], [-52.60753, 7.52515], [-52.60713, 7.52495], [-52.60673, 7.52475], [-52.60632, 7.52454], [-52.60593, 7.52434], [-52.60552, 7.52414], [-52.60512, 7.52393], [-52.60472, 7.52374], [-52.60432, 7.52353], [-52.60391, 7.52333], [-52.60352, 7.52313], [-52.60312, 7.52293], [-52.60272, 7.52272], [-52.60232, 7.52253], [-52.60191, 7.52232], [-52.60152, 7.52211], [-52.60111, 7.52192], [-52.60072, 7.52171], [-52.60031, 7.5215], [-52.59991, 7.52131], [-52.59951, 7.5211], [-52.59911, 7.5209], [-52.59871, 7.5207], [-52.59831, 7.52049], [-52.59791, 7.52029], [-52.59751, 7.52009], [-52.59711, 7.51988], [-52.59671, 7.51968], [-52.59631, 7.51948], [-52.5959, 7.51928], [-52.59551, 7.51907], [-52.5951, 7.51888], [-52.59471, 7.51867], [-52.5943, 7.51847], [-52.5939, 7.51827], [-52.5935, 7.51806], [-52.5931, 7.51786], [-52.5927, 7.51766], [-52.5923, 7.51746], [-52.5919, 7.51725], [-52.5915, 7.51706], [-52.5911, 7.51685], [-52.59069, 7.51665], [-52.5903, 7.51645], [-52.58989, 7.51624], [-52.5895, 7.51604], [-52.58909, 7.51584], [-52.58869, 7.51564], [-52.58829, 7.51543], [-52.58789, 7.51523], [-52.58749, 7.51503], [-52.58709, 7.51483], [-52.58669, 7.51462], [-52.58629, 7.51442], [-52.58589, 7.51422], [-52.58563, 7.51408], [-52.58522, 7.51387], [-52.58495, 7.51374], [-52.58469, 7.51361], [-52.58442, 7.51347], [-52.58415, 7.51334], [-52.58389, 7.5132], [-52.58362, 7.51307], [-52.58335, 7.51293], [-52.58308, 7.5128], [-52.58282, 7.51266], [-52.58255, 7.51253], [-52.58228, 7.5124], [-52.58202, 7.51226], [-52.58175, 7.51213], [-52.58148, 7.51199], [-52.58121, 7.51186], [-52.58095, 7.51172], [-52.58068, 7.51159], [-52.58041, 7.51145], [-52.58015, 7.51132], [-52.57988, 7.51119], [-52.57962, 7.51105], [-52.57935, 7.51092], [-52.57909, 7.51078], [-52.57882, 7.51065], [-52.57855, 7.51051], [-52.57829, 7.51038], [-52.57802, 7.51024], [-52.57768, 7.51007], [-52.57709, 7.50979], [-52.5765, 7.50949], [-52.57591, 7.5092], [-52.57532, 7.50891], [-52.57473, 7.50861], [-52.57414, 7.50832], [-52.57354, 7.50803], [-52.57316, 7.50783], [-52.57276, 7.50764], [-52.57237, 7.50745], [-52.57197, 7.50725], [-52.57158, 7.50705], [-52.57118, 7.50686], [-52.57078, 7.50667], [-52.57039, 7.50647], [-52.57, 7.50627], [-52.56961, 7.50608], [-52.56921, 7.50589], [-52.56882, 7.50569], [-52.27316, 7.36417], [-51.9848, 7.2421], [-51.8554, 7.2104], [-51.8295, 7.1914], [-51.769, 7.1026], [-51.73773, 7.12012], [-51.73758, 7.12015], [-51.73744, 7.1202], [-51.73728, 7.12023], [-51.73713, 7.12027], [-51.73699, 7.1203], [-51.73683, 7.12035], [-51.73668, 7.12038], [-51.73654, 7.12042], [-51.73638, 7.12047], [-51.73623, 7.1205], [-51.73609, 7.12054], [-51.73594, 7.12058], [-51.73578, 7.12062], [-51.73564, 7.12065], [-51.73549, 7.12069], [-51.73533, 7.12073], [-51.73519, 7.12077], [-51.73504, 7.12081], [-51.73489, 7.12084], [-51.73474, 7.12088], [-51.73459, 7.12092], [-51.73444, 7.12096], [-51.73429, 7.12099], [-51.73414, 7.12103], [-51.734, 7.12107], [-51.73384, 7.12111], [-51.7337, 7.12115], [-51.73355, 7.12118], [-51.73339, 7.12122], [-51.73325, 7.12126], [-51.7331, 7.1213], [-51.73294, 7.12134], [-51.7328, 7.12137], [-51.73265, 7.12142], [-51.7325, 7.12145], [-51.73235, 7.12149], [-51.7322, 7.12153], [-51.73205, 7.12157], [-51.7319, 7.1216], [-51.73175, 7.12165], [-51.7316, 7.12169], [-51.73145, 7.12172], [-51.7313, 7.12176], [-51.73115, 7.1218], [-51.731, 7.12184], [-51.73085, 7.12187], [-51.7307, 7.12192], [-51.73055, 7.12195], [-51.7304, 7.12199], [-51.73026, 7.12203], [-51.73011, 7.12207], [-51.72995, 7.12211], [-51.72981, 7.12214], [-51.72966, 7.12218], [-51.7295, 7.12222], [-51.72936, 7.12226], [-51.72921, 7.1223], [-51.72905, 7.12233], [-51.72891, 7.12238], [-51.72876, 7.12241], [-51.72861, 7.12245], [-51.72846, 7.12248], [-51.72831, 7.12252], [-51.72817, 7.12257], [-51.72801, 7.1226], [-51.72786, 7.12264], [-51.72772, 7.12267], [-51.72756, 7.12272], [-51.72741, 7.12275], [-51.72727, 7.12279], [-51.72711, 7.12283], [-51.72697, 7.12287], [-51.72682, 7.12291], [-51.72666, 7.12294], [-51.72652, 7.12298], [-51.72637, 7.12302], [-51.72622, 7.12306], [-51.72607, 7.12309], [-51.72592, 7.12313], [-51.72577, 7.12318], [-51.72562, 7.12321], [-51.72547, 7.12325], [-51.72533, 7.12328], [-51.72517, 7.12333], [-51.72502, 7.12336], [-51.72488, 7.1234], [-51.72472, 7.12344], [-51.72457, 7.12348], [-51.72443, 7.12352], [-51.72428, 7.12355], [-51.72412, 7.12359], [-51.72398, 7.12363], [-51.72383, 7.12367], [-51.72368, 7.1237], [-51.72353, 7.12374], [-51.72338, 7.12379], [-51.72323, 7.12382], [-51.72308, 7.12386], [-51.72293, 7.12389], [-51.72278, 7.12394], [-51.72263, 7.12397], [-51.72248, 7.12401], [-51.72234, 7.12405], [-51.72218, 7.12409], [-51.72203, 7.12413], [-51.72189, 7.12417], [-51.72173, 7.12421], [-51.72158, 7.12424], [-51.72144, 7.12428], [-51.72128, 7.12432], [-51.72113, 7.12436], [-51.72099, 7.1244], [-51.72083, 7.12443], [-51.72069, 7.12448], [-51.72054, 7.12451], [-51.72039, 7.12455], [-51.72024, 7.12458], [-51.72009, 7.12462], [-51.71994, 7.12466], [-51.71979, 7.1247], [-51.71964, 7.12474], [-51.71949, 7.12477], [-51.71934, 7.12482], [-51.71919, 7.12485], [-51.71905, 7.12489], [-51.71889, 7.12493], [-51.71875, 7.12497], [-51.7186, 7.12501], [-51.71853, 7.12502], [-51.71837, 7.12507], [-51.7183, 7.12509], [-51.71822, 7.1251], [-51.71815, 7.12512], [-51.71808, 7.12514], [-51.718, 7.12516], [-51.71792, 7.12518], [-51.71785, 7.12519], [-51.71778, 7.12522], [-51.7177, 7.12524], [-51.71763, 7.12526], [-51.71756, 7.12527], [-51.71748, 7.12529], [-51.7174, 7.12531], [-51.71733, 7.12533], [-51.71725, 7.12535], [-51.71718, 7.12536], [-51.71711, 7.12538], [-51.71703, 7.12541], [-51.71695, 7.12543], [-51.71688, 7.12545], [-51.7168, 7.12546], [-51.71673, 7.12548], [-51.71666, 7.1255], [-51.71658, 7.12552], [-51.71651, 7.12554], [-51.71643, 7.12556], [-51.71635, 7.12558], [-51.71628, 7.1256], [-51.71621, 7.12562], [-51.71613, 7.12563], [-51.71606, 7.12566], [-51.71598, 7.12568], [-51.7159, 7.1257], [-51.71583, 7.12571], [-51.71575, 7.12573], [-51.71568, 7.12575], [-51.71561, 7.12578], [-51.71553, 7.1258], [-51.71545, 7.12581], [-51.71538, 7.12583], [-51.7153, 7.12585], [-51.71523, 7.12587], [-51.71516, 7.12589], [-51.71508, 7.12591], [-51.715, 7.12593], [-51.71493, 7.12595], [-51.71485, 7.12597], [-51.71478, 7.12598], [-51.71471, 7.126], [-51.71463, 7.12602], [-51.71456, 7.12604], [-51.71448, 7.12606], [-51.71441, 7.12608], [-51.71433, 7.1261], [-51.71426, 7.12612], [-51.71419, 7.12614], [-51.71411, 7.12615], [-51.71403, 7.12617], [-51.71396, 7.12619], [-51.71388, 7.12622], [-51.71381, 7.12623], [-51.71374, 7.12625], [-51.71366, 7.12627], [-51.71359, 7.12629], [-51.71351, 7.12631], [-51.71343, 7.12632], [-51.71336, 7.12634], [-51.71329, 7.12637], [-51.71321, 7.12639], [-51.71314, 7.12641], [-51.71306, 7.12642], [-51.71298, 7.12644], [-51.71291, 7.12646], [-51.71284, 7.12648], [-51.71276, 7.1265], [-51.71269, 7.12652], [-51.71262, 7.12654], [-51.71253, 7.12656], [-51.71246, 7.12658], [-51.71239, 7.12659], [-51.71232, 7.12661], [-51.71224, 7.12663], [-51.71217, 7.12665], [-51.71209, 7.12667], [-51.71201, 7.12669], [-51.71194, 7.12671], [-51.71187, 7.12673], [-51.71179, 7.12675], [-51.71172, 7.12676], [-51.71165, 7.12678], [-51.71156, 7.1268], [-51.71149, 7.12683], [-51.71142, 7.12685], [-51.71134, 7.12686], [-51.71127, 7.12688], [-51.7112, 7.1269], [-51.71112, 7.12692], [-51.71104, 7.12693], [-51.71097, 7.12695], [-51.71089, 7.12697], [-51.71082, 7.127], [-51.71075, 7.12702], [-51.71067, 7.12703], [-51.71059, 7.12705], [-51.71052, 7.12707], [-51.71045, 7.12709], [-51.71037, 7.12711], [-51.7103, 7.12712], [-51.71023, 7.12715], [-51.71014, 7.12717], [-51.71007, 7.12719], [-51.71, 7.1272], [-51.70992, 7.12722], [-51.70985, 7.12724], [-51.70978, 7.12726], [-51.7097, 7.12728], [-51.70962, 7.1273], [-51.70955, 7.12732], [-51.70947, 7.12734], [-51.7094, 7.12736], [-51.70933, 7.12737], [-51.70925, 7.12739], [-51.70917, 7.12741], [-51.7091, 7.12743], [-51.70902, 7.12746], [-51.70895, 7.12747], [-51.70888, 7.12749], [-51.7088, 7.12751], [-51.70873, 7.12753], [-51.70865, 7.12755], [-51.70857, 7.12756], [-51.7085, 7.12758], [-51.70843, 7.12761], [-51.70836, 7.12763], [-51.70828, 7.12764], [-51.7082, 7.12766], [-51.70813, 7.12768], [-51.70805, 7.1277], [-51.70798, 7.12772], [-51.70791, 7.12773], [-51.70783, 7.12776], [-51.70776, 7.12778], [-51.70768, 7.1278], [-51.7076, 7.12781], [-51.70753, 7.12783], [-51.70746, 7.12785], [-51.70738, 7.12787], [-51.70731, 7.12789], [-51.70723, 7.12791], [-51.70716, 7.12793], [-51.70708, 7.12795], [-51.70701, 7.12797], [-51.70694, 7.12798], [-51.70687, 7.12801], [-51.70679, 7.12803], [-51.70671, 7.12805], [-51.70664, 7.12807], [-51.70656, 7.12808], [-51.70649, 7.1281], [-51.70642, 7.12812], [-51.70634, 7.12815], [-51.70626, 7.12816], [-51.70619, 7.12818], [-51.70611, 7.1282], [-51.70604, 7.12822], [-51.70597, 7.12824], [-51.70589, 7.12825], [-51.70582, 7.12827], [-51.70574, 7.12829], [-51.70567, 7.12832], [-51.70559, 7.12833], [-51.70552, 7.12835], [-51.70545, 7.12837], [-51.70537, 7.12839], [-51.70529, 7.12841], [-51.70522, 7.12842], [-51.70514, 7.12844], [-51.70507, 7.12846], [-51.705, 7.12848], [-51.70492, 7.12851], [-51.70484, 7.12852], [-51.70477, 7.12854], [-51.70469, 7.12856], [-51.70462, 7.12858], [-51.70455, 7.12859], [-51.70447, 7.12861], [-51.7044, 7.12864], [-51.70432, 7.12866], [-51.70424, 7.12868], [-51.70417, 7.12869], [-51.7041, 7.12871], [-51.70402, 7.12873], [-51.70395, 7.12876], [-51.70387, 7.12877], [-51.70379, 7.12879], [-51.70372, 7.12881], [-51.70364, 7.12883], [-51.70357, 7.12885], [-51.7035, 7.12887], [-51.70342, 7.12889], [-51.70334, 7.12891], [-51.70311, 7.12897], [-51.70287, 7.12903], [-51.70264, 7.12909], [-51.7024, 7.12915], [-51.70216, 7.12921], [-51.70193, 7.12927], [-51.70169, 7.12933], [-51.70146, 7.12939], [-51.70122, 7.12946], [-51.70098, 7.12951], [-51.70075, 7.12957], [-51.70051, 7.12964], [-51.70027, 7.12969], [-51.70004, 7.12975], [-51.6998, 7.12982], [-51.69956, 7.12988], [-51.69933, 7.12993], [-51.69909, 7.12999], [-51.69885, 7.13006], [-51.69862, 7.13011], [-51.69838, 7.13017], [-51.69814, 7.13024], [-51.69791, 7.1303], [-51.69768, 7.13035], [-51.69743, 7.13042], [-51.6972, 7.13048], [-51.69697, 7.13054], [-51.69672, 7.1306], [-51.69649, 7.13066], [-51.2164, 7.2536], [-50.914, 7.2669], [-50.84832, 7.25722], [-50.84804, 7.25714], [-50.84776, 7.25706], [-50.84748, 7.25698], [-50.84721, 7.2569], [-50.84693, 7.25682], [-50.84665, 7.25674], [-50.84637, 7.25666], [-50.84609, 7.25657], [-50.84581, 7.25649], [-50.84553, 7.25641], [-50.84526, 7.25633], [-50.84498, 7.25625], [-50.84469, 7.25617], [-50.84441, 7.25609], [-50.84413, 7.25601], [-50.84385, 7.25593], [-50.84358, 7.25585], [-50.8433, 7.25577], [-50.84302, 7.25569], [-50.84274, 7.25561], [-50.84246, 7.25553], [-50.84218, 7.25544], [-50.84191, 7.25536], [-50.84163, 7.25528], [-50.84135, 7.2552], [-50.84107, 7.25512], [-50.84079, 7.25504], [-50.84051, 7.25496], [-50.84023, 7.25488], [-50.83996, 7.25481], [-50.83968, 7.25473], [-50.8394, 7.25465], [-50.83912, 7.25457], [-50.83884, 7.25448], [-50.83856, 7.2544], [-50.83829, 7.25432], [-50.83801, 7.25424], [-50.83773, 7.25416], [-50.83744, 7.25408], [-50.83716, 7.254], [-50.83688, 7.25392], [-50.83661, 7.25384], [-50.83633, 7.25376], [-50.83605, 7.25368], [-50.83577, 7.2536], [-50.83549, 7.25352], [-50.83521, 7.25343], [-50.83493, 7.25335], [-50.83466, 7.25327], [-50.83438, 7.25319], [-50.8341, 7.25311], [-50.83382, 7.25303], [-50.83354, 7.25295], [-50.83326, 7.25287], [-50.83298, 7.25279], [-50.83271, 7.25271], [-50.83243, 7.25263], [-50.83215, 7.25255], [-50.83187, 7.25247], [-50.83159, 7.25239], [-50.83131, 7.2523], [-50.83104, 7.25222], [-50.83076, 7.25214], [-50.83047, 7.25206], [-50.83019, 7.25198], [-50.82991, 7.2519], [-50.82963, 7.25182], [-50.82936, 7.25174], [-50.82908, 7.25166], [-50.8288, 7.25158], [-50.82852, 7.2515], [-50.82824, 7.25142], [-50.82796, 7.25134], [-50.82768, 7.25126], [-50.82741, 7.25117], [-50.82713, 7.25109], [-50.82685, 7.25101], [-50.82657, 7.25093], [-50.82629, 7.25085], [-50.82601, 7.25077], [-50.82574, 7.25069], [-50.82546, 7.25061], [-50.82518, 7.25053], [-50.8249, 7.25045], [-50.82462, 7.25037], [-50.82434, 7.25029], [-50.82406, 7.25021], [-50.82379, 7.25012], [-50.82351, 7.25004], [-50.82322, 7.24997], [-50.82294, 7.24989], [-50.82266, 7.24981], [-50.82238, 7.24973], [-50.82211, 7.24965], [-50.82183, 7.24957], [-50.82155, 7.24949], [-50.82127, 7.24941], [-50.82099, 7.24933], [-50.82071, 7.24925], [-50.82044, 7.24917], [-50.82016, 7.24908], [-50.81988, 7.249], [-50.8196, 7.24892], [-50.81932, 7.24884], [-50.81904, 7.24876], [-50.81876, 7.24868], [-50.81849, 7.2486], [-50.81821, 7.24852], [-50.81793, 7.24844], [-50.81765, 7.24836], [-50.81737, 7.24828], [-50.81709, 7.2482], [-50.81682, 7.24812], [-50.81654, 7.24803], [-50.81626, 7.24795], [-50.81597, 7.24787], [-50.81569, 7.24779], [-50.81541, 7.24771], [-50.81514, 7.24763], [-50.81486, 7.24755], [-50.81458, 7.24747], [-50.8143, 7.24739], [-50.81402, 7.24731], [-50.81374, 7.24723], [-50.81346, 7.24715], [-50.81319, 7.24707], [-50.81291, 7.24699], [-50.81263, 7.2469], [-50.81235, 7.24682], [-50.81207, 7.24674], [-50.81179, 7.24666], [-50.81152, 7.24658], [-50.81124, 7.2465], [-50.81096, 7.24642], [-50.81068, 7.24634], [-50.8104, 7.24626], [-50.81012, 7.24618], [-50.80984, 7.2461], [-50.80957, 7.24602], [-50.80929, 7.24594], [-50.809, 7.24585], [-50.80872, 7.24577], [-50.80844, 7.24569], [-50.80816, 7.24561], [-50.80789, 7.24553], [-50.80761, 7.24545], [-50.80733, 7.24537], [-50.80705, 7.24529], [-50.80677, 7.24521], [-50.80649, 7.24514], [-50.80622, 7.24506], [-50.80594, 7.24498], [-50.80566, 7.2449], [-50.80538, 7.24481], [-50.8051, 7.24473], [-50.80482, 7.24465], [-50.80454, 7.24457], [-50.80427, 7.24449], [-50.80399, 7.24441], [-50.80371, 7.24433], [-50.80343, 7.24425], [-50.80315, 7.24417], [-50.80287, 7.24409], [-50.80259, 7.24401], [-50.80232, 7.24393], [-50.80204, 7.24385], [-50.80175, 7.24376], [-50.80147, 7.24368], [-50.80119, 7.2436], [-50.80092, 7.24352], [-50.80064, 7.24344], [-50.80036, 7.24336], [-50.80008, 7.24328], [-50.7998, 7.2432], [-50.79952, 7.24312], [-50.79924, 7.24304], [-50.79897, 7.24296], [-50.79869, 7.24288], [-50.79841, 7.2428], [-50.79813, 7.24272], [-50.79785, 7.24263], [-50.79757, 7.24255], [-50.79729, 7.24247], [-50.79702, 7.24239], [-50.79674, 7.24232], [-50.79646, 7.24224], [-50.79618, 7.24216], [-50.7959, 7.24208], [-50.79562, 7.242], [-50.79535, 7.24192], [-50.79507, 7.24184], [-50.79479, 7.24176], [-50.79451, 7.24167], [-50.79423, 7.24159], [-50.79395, 7.24151], [-50.79367, 7.24143], [-50.7934, 7.24135], [-50.79312, 7.24127], [-50.79284, 7.24119], [-50.79256, 7.24111], [-50.79228, 7.24103], [-50.792, 7.24095], [-50.79172, 7.24087], [-50.79144, 7.24079], [-50.79116, 7.24071], [-50.79088, 7.24063], [-50.7906, 7.24054], [-50.79032, 7.24046], [-50.79005, 7.24038], [-50.78977, 7.2403], [-50.78949, 7.24022], [-50.78921, 7.24014], [-50.78893, 7.24006], [-50.78865, 7.23999], [-50.78837, 7.23991], [-50.7881, 7.23983], [-50.78782, 7.23975], [-50.78754, 7.23967], [-50.78726, 7.23958], [-50.78698, 7.2395], [-50.7867, 7.23942], [-50.78643, 7.23934], [-50.78615, 7.23926], [-50.78587, 7.23918], [-50.78559, 7.2391], [-50.7853, 7.23902], [-50.78502, 7.23894], [-50.78475, 7.23886], [-50.78447, 7.23878], [-50.78419, 7.2387], [-50.78391, 7.23862], [-50.78363, 7.23853], [-50.78335, 7.23845], [-50.78307, 7.23837], [-50.7828, 7.23829], [-50.78252, 7.23821], [-50.78224, 7.23813], [-50.78196, 7.23805], [-50.78168, 7.23797], [-50.7814, 7.23789], [-50.78113, 7.23781], [-50.78085, 7.23773], [-50.78057, 7.23765], [-50.78029, 7.23757], [-50.78001, 7.23749], [-50.77973, 7.2374], [-50.77945, 7.23732], [-50.77918, 7.23724], [-50.7789, 7.23716], [-50.77862, 7.23708], [-50.77833, 7.237], [-50.77805, 7.23692], [-50.77777, 7.23684], [-50.7775, 7.23676], [-50.77722, 7.23668], [-50.77694, 7.2366], [-50.77666, 7.23652], [-50.77638, 7.23644], [-50.7761, 7.23636], [-50.77583, 7.23627], [-50.77555, 7.23619], [-50.77527, 7.23611], [-50.77499, 7.23603], [-50.77471, 7.23595], [-50.77443, 7.23587], [-50.77415, 7.23579], [-50.77388, 7.23571], [-50.7736, 7.23563], [-50.77332, 7.23556], [-50.77304, 7.23548], [-50.77276, 7.2354], [-50.77248, 7.23531], [-50.7722, 7.23523], [-50.77193, 7.23515], [-50.77165, 7.23507], [-50.77137, 7.23499], [-50.77108, 7.23491], [-50.7708, 7.23483], [-50.77053, 7.23475], [-50.77025, 7.23467], [-50.76997, 7.23459], [-50.76969, 7.23451], [-50.76941, 7.23443], [-50.76913, 7.23435], [-50.76885, 7.23426], [-50.76858, 7.23418], [-50.7683, 7.2341], [-50.76802, 7.23402], [-50.76774, 7.23394], [-50.76746, 7.23386], [-50.76718, 7.23378], [-50.7669, 7.2337], [-50.76663, 7.23362], [-50.76635, 7.23354], [-50.76607, 7.23346], [-50.76579, 7.23338], [-50.76551, 7.2333], [-50.76523, 7.23322], [-50.76496, 7.23313], [-50.76468, 7.23305], [-50.7644, 7.23297], [-50.76412, 7.23289], [-50.76384, 7.23281], [-50.76355, 7.23273], [-50.76328, 7.23265], [-50.763, 7.23257], [-50.76272, 7.23249], [-50.76244, 7.23241], [-50.76216, 7.23233], [-50.76188, 7.23225], [-50.7616, 7.23217], [-50.76133, 7.23208], [-50.76105, 7.232], [-50.76077, 7.23192], [-50.76049, 7.23184], [-50.76021, 7.23176], [-50.75993, 7.23168], [-50.75966, 7.2316], [-50.75938, 7.23152], [-50.7591, 7.23144], [-50.75882, 7.23136], [-50.75854, 7.23128], [-50.75826, 7.2312], [-50.75798, 7.23112], [-50.75771, 7.23104], [-50.75743, 7.23095], [-50.75715, 7.23087], [-50.75687, 7.23079], [-50.75659, 7.23071], [-50.75631, 7.23064], [-50.75603, 7.23056], [-50.75575, 7.23048], [-50.75547, 7.2304], [-50.75519, 7.23032], [-50.75491, 7.23024], [-50.75463, 7.23016], [-50.75436, 7.23008], [-50.75408, 7.22999], [-50.7538, 7.22991], [-50.75352, 7.22983], [-50.75324, 7.22975], [-50.75296, 7.22967], [-50.75268, 7.22959], [-50.75241, 7.22951], [-50.75213, 7.22943], [-50.75185, 7.22935], [-50.75157, 7.22927], [-50.75129, 7.22919], [-50.75101, 7.22911], [-50.75074, 7.22903], [-50.75046, 7.22895], [-50.75018, 7.22886], [-50.7499, 7.22878], [-50.74962, 7.2287], [-50.74934, 7.22862], [-50.74906, 7.22854], [-50.74878, 7.22846], [-50.7485, 7.22838], [-50.74822, 7.2283], [-50.74794, 7.22822], [-50.74766, 7.22814], [-50.74738, 7.22806], [-50.74711, 7.22798], [-50.74683, 7.2279], [-50.74655, 7.22781], [-50.74627, 7.22773], [-50.74599, 7.22765], [-50.74571, 7.22757], [-50.74544, 7.22749], [-50.74516, 7.22741], [-50.74488, 7.22733], [-50.7446, 7.22725], [-50.74432, 7.22717], [-50.74404, 7.22709], [-50.74376, 7.22701], [-50.74349, 7.22693], [-50.74321, 7.22685], [-50.74293, 7.22677], [-50.74265, 7.22668], [-50.74237, 7.2266], [-50.74209, 7.22652], [-50.74181, 7.22644], [-50.74154, 7.22636], [-50.74125, 7.22628], [-50.74097, 7.2262], [-50.74069, 7.22612], [-50.74041, 7.22604], [-50.74014, 7.22596], [-50.73986, 7.22588], [-50.73958, 7.2258], [-50.7393, 7.22572], [-50.73902, 7.22564], [-50.73874, 7.22556], [-50.73846, 7.22548], [-50.73819, 7.2254], [-50.73791, 7.22532], [-50.73763, 7.22524], [-50.73735, 7.22516], [-50.73707, 7.22508], [-50.73679, 7.225], [-50.73651, 7.22492], [-50.73624, 7.22484], [-50.73596, 7.22476], [-50.73568, 7.22468], [-50.7354, 7.22459], [-50.73512, 7.22451], [-50.73484, 7.22443], [-50.73457, 7.22435], [-50.73429, 7.22427], [-50.734, 7.22419], [-50.73372, 7.22411], [-50.73344, 7.22403], [-50.73316, 7.22395], [-50.73289, 7.22387], [-50.73261, 7.22379], [-50.73233, 7.22371], [-50.73205, 7.22363], [-50.73177, 7.22354], [-50.73149, 7.22346], [-50.73121, 7.22338], [-50.73094, 7.2233], [-50.73066, 7.22322], [-50.73038, 7.22314], [-50.7301, 7.22306], [-50.72982, 7.22298], [-50.72954, 7.2229], [-50.72927, 7.22282], [-50.72899, 7.22274], [-50.72871, 7.22266], [-50.72843, 7.22258], [-50.72815, 7.2225], [-50.72787, 7.22241], [-50.72759, 7.22233], [-50.72731, 7.22225], [-50.72703, 7.22217], [-50.72675, 7.22209], [-50.72647, 7.22201], [-50.72619, 7.22193], [-50.72591, 7.22185], [-50.72564, 7.22177], [-50.72536, 7.22169], [-50.72508, 7.22161], [-50.7248, 7.22154], [-50.72452, 7.22145], [-50.72424, 7.22137], [-50.72397, 7.22129], [-50.72369, 7.22121], [-50.72341, 7.22113], [-50.72313, 7.22105], [-50.72285, 7.22097], [-50.72257, 7.22089], [-50.72229, 7.22081], [-50.72201, 7.22073], [-50.72173, 7.22065], [-50.72145, 7.22057], [-50.72117, 7.22049], [-50.72089, 7.2204], [-50.72061, 7.22032], [-50.72034, 7.22024], [-50.72006, 7.22016], [-50.71978, 7.22008], [-50.7195, 7.22], [-50.71029, 7.21734], [-50.70109, 7.21467], [-50.69188, 7.21202], [-50.68266, 7.20935], [-50.67345, 7.20669], [-50.66425, 7.20402], [-50.65504, 7.20136], [-50.64583, 7.19869], [-50.63662, 7.19604], [-50.62741, 7.19337], [-50.61821, 7.19071], [-50.60899, 7.18805], [-50.59978, 7.18538], [-50.59057, 7.18272], [-50.58137, 7.18006], [-50.57216, 7.1774], [-50.56295, 7.17473], [-50.55374, 7.17207], [-50.54454, 7.1694], [-50.53532, 7.16674], [-50.52611, 7.16408], [-50.5169, 7.16142], [-50.5077, 7.15875], [-50.49849, 7.15609], [-50.48928, 7.15342], [-50.48007, 7.15077], [-50.47087, 7.1481], [-50.46165, 7.14544], [-50.45244, 7.14277], [-50.44323, 7.14011], [-50.43403, 7.13745], [-50.42482, 7.13479], [-50.41561, 7.13212], [-50.4064, 7.12946], [-50.39719, 7.1268], [-50.38799, 7.12414], [-50.37878, 7.12147], [-50.36956, 7.11881], [-50.36035, 7.11614], [-50.35115, 7.11348], [-50.34194, 7.11082], [-50.33273, 7.10815], [-50.32633, 7.10631], [-50.31992, 7.10445], [-50.31353, 7.1026], [-50.30712, 7.10075], [-50.30072, 7.09889], [-50.29431, 7.09705], [-50.28791, 7.0952], [-50.2815, 7.09334], [-50.2751, 7.09149], [-50.2687, 7.08964], [-50.26229, 7.08778], [-50.25589, 7.08594], [-50.24948, 7.08408], [-50.24308, 7.08223], [-50.23668, 7.08038], [-50.23028, 7.07852], [-50.22387, 7.07667], [-50.21747, 7.07483], [-50.21106, 7.07297], [-50.20466, 7.07112], [-50.19826, 7.06927], [-50.19186, 7.06741], [-50.18545, 7.06557], [-50.12802, 7.04907], [-50.0636, 7.0438], [-50.05319, 7.04406], [-50.04279, 7.04432], [-50.03239, 7.04458], [-50.02347, 7.04481], [-50.01456, 7.04502], [-50.00565, 7.04525], [-49.99673, 7.04547], [-49.98781, 7.0457], [-49.97889, 7.04592], [-49.96997, 7.04614], [-49.96106, 7.04637], [-49.95214, 7.04659], [-49.94471, 7.04678], [-49.93728, 7.04697], [-49.92985, 7.04715], [-49.92243, 7.04734], [-49.91499, 7.04753], [-49.90756, 7.04771], [-49.90013, 7.04789], [-49.8927, 7.04807], [-49.88527, 7.04826], [-49.87784, 7.04845], [-49.87041, 7.04864], [-49.86448, 7.04878], [-49.85853, 7.04894], [-49.85258, 7.04909], [-49.84663, 7.04923], [-49.84076, 7.04938], [-49.83366, 7.04956], [-49.82658, 7.04974], [-49.81948, 7.04991], [-49.81238, 7.05009], [-49.80529, 7.05027], [-49.6104, 7.0553], [-49.4344, 7.0288], [-49.0625, 7.0533], [-49.06039, 7.05351], [-49.05828, 7.05373], [-49.05617, 7.05394], [-49.05406, 7.05416], [-49.05195, 7.05437], [-49.04984, 7.0546], [-49.04774, 7.05481], [-49.04562, 7.05503], [-49.04351, 7.05524], [-49.0414, 7.05546], [-49.03929, 7.05568], [-49.03718, 7.05589], [-49.03507, 7.05611], [-49.03296, 7.05632], [-49.03085, 7.05654], [-49.02874, 7.05675], [-49.02663, 7.05698], [-49.02451, 7.05719], [-49.02241, 7.05741], [-49.0203, 7.05762], [-49.01819, 7.05784], [-49.01608, 7.05805], [-49.01397, 7.05827], [-49.01186, 7.05848], [-49.00975, 7.0587], [-49.00764, 7.05892], [-49.00552, 7.05913], [-49.00341, 7.05935], [-49.0013, 7.05957], [-49.00025, 7.05968], [-48.99814, 7.05989], [-48.99708, 7.06], [-48.99603, 7.06011], [-48.99498, 7.06022], [-48.99392, 7.06032], [-48.99287, 7.06043], [-48.99181, 7.06054], [-48.99076, 7.06065], [-48.9897, 7.06075], [-48.98864, 7.06086], [-48.98758, 7.06097], [-48.98653, 7.06108], [-48.98547, 7.06119], [-48.98442, 7.06129], [-48.98337, 7.0614], [-48.98231, 7.06151], [-48.98126, 7.06163], [-48.9802, 7.06173], [-48.97915, 7.06184], [-48.97809, 7.06195], [-48.97704, 7.06206], [-48.97598, 7.06216], [-48.97493, 7.06227], [-48.97387, 7.06238], [-48.97282, 7.06249], [-48.97176, 7.06259], [-48.97071, 7.0627], [-48.96965, 7.06281], [-48.96859, 7.06292], [-48.96754, 7.06303], [-48.96648, 7.06313], [-48.96543, 7.06324], [-48.96437, 7.06336], [-48.96332, 7.06347], [-48.96226, 7.06357], [-48.96121, 7.06368], [-48.96015, 7.06379], [-48.9591, 7.0639], [-48.95805, 7.064], [-48.95699, 7.06411], [-48.95594, 7.06422], [-48.95488, 7.06433], [-48.95383, 7.06443], [-48.95277, 7.06454], [-48.95172, 7.06465], [-48.95066, 7.06476], [-48.9496, 7.06487], [-48.94854, 7.06497], [-48.94749, 7.06509], [-48.94643, 7.0652], [-48.94538, 7.0653], [-48.94433, 7.06541], [-48.94327, 7.06552], [-48.94222, 7.06563], [-48.94116, 7.06574], [-48.94011, 7.06584], [-48.93905, 7.06595], [-48.938, 7.06606], [-48.93694, 7.06617], [-48.93589, 7.06627], [-48.93483, 7.06638], [-48.93378, 7.06649], [-48.93272, 7.0666], [-48.93166, 7.0667], [-48.93061, 7.06681], [-48.92955, 7.06692], [-48.9285, 7.06703], [-48.92744, 7.06714], [-48.92639, 7.06724], [-48.92533, 7.06735], [-48.92428, 7.06747], [-48.92322, 7.06758], [-48.92217, 7.06768], [-48.92111, 7.06779], [-48.92006, 7.0679], [-48.91901, 7.06801], [-48.91795, 7.06811], [-48.9169, 7.06822], [-48.91584, 7.06833], [-48.91479, 7.06844], [-48.91373, 7.06854], [-48.91267, 7.06865], [-48.91161, 7.06876], [-48.91056, 7.06887], [-48.9095, 7.06898], [-48.90845, 7.06908], [-48.90739, 7.06919], [-48.90634, 7.0693], [-48.90529, 7.06941], [-48.90423, 7.06951], [-48.90318, 7.06962], [-48.90212, 7.06973], [-48.90107, 7.06985], [-48.90001, 7.06995], [-48.89896, 7.07006], [-48.8979, 7.07017], [-48.89685, 7.07028], [-48.89579, 7.07038], [-48.89473, 7.07049], [-48.89367, 7.0706], [-48.89262, 7.07071], [-48.89157, 7.07081], [-48.89051, 7.07092], [-48.88946, 7.07103], [-48.8884, 7.07114], [-48.88735, 7.07125], [-48.88629, 7.07135], [-48.88524, 7.07146], [-48.88418, 7.07157], [-48.88313, 7.07168], [-48.88207, 7.07178], [-48.88102, 7.07189], [-48.87997, 7.072], [-48.87891, 7.07211], [-48.87786, 7.07222], [-48.8768, 7.07233], [-48.87574, 7.07244], [-48.87468, 7.07255], [-48.87363, 7.07265], [-48.87257, 7.07276], [-48.87152, 7.07287], [-48.87046, 7.07298], [-48.86941, 7.07309], [-48.86835, 7.07319], [-48.8673, 7.0733], [-48.86625, 7.07341], [-48.86519, 7.07352], [-48.86414, 7.07362], [-48.86308, 7.07373], [-48.86203, 7.07384], [-48.86097, 7.07396], [-48.85992, 7.07406], [-48.85886, 7.07417], [-48.85781, 7.07428], [-48.85675, 7.07439], [-48.85569, 7.07449], [-48.85387, 7.07468], [-48.85205, 7.07487], [-48.85022, 7.07505], [-48.8484, 7.07524], [-48.84658, 7.07543], [-48.84475, 7.07562], [-48.84293, 7.0758], [-48.84111, 7.07599], [-48.83928, 7.07617], [-48.83746, 7.07636], [-48.83563, 7.07655], [-48.83381, 7.07674], [-48.83199, 7.07693], [-48.83016, 7.07711], [-48.82834, 7.07729], [-48.82652, 7.07748], [-48.82469, 7.07767], [-48.82287, 7.07786], [-48.82105, 7.07805], [-48.81922, 7.07823], [-48.8174, 7.07842], [-48.81558, 7.0786], [-48.81375, 7.07879], [-48.81193, 7.07898], [-48.8101, 7.07917], [-48.80828, 7.07935], [-48.80646, 7.07954], [-48.80463, 7.07973], [-48.80281, 7.07991], [-48.80099, 7.0801], [-48.79916, 7.08028], [-48.79734, 7.08047], [-48.79552, 7.08066], [-48.79369, 7.08085], [-48.79187, 7.08104], [-48.79005, 7.08122], [-48.78822, 7.0814], [-48.7864, 7.08159], [-48.78457, 7.08178], [-48.78275, 7.08197], [-48.78093, 7.08216], [-48.7791, 7.08234], [-48.77728, 7.08253], [-48.77546, 7.08271], [-48.77363, 7.0829], [-48.77181, 7.08309], [-48.76999, 7.08328], [-48.76816, 7.08346], [-48.76634, 7.08365], [-48.76452, 7.08384], [-48.74342, 7.086], [-48.72654, 7.08773], [-48.70966, 7.08946], [-48.69279, 7.09119], [-48.67591, 7.09292], [-48.66326, 7.09422], [-48.6506, 7.09552], [-48.63794, 7.09681], [-48.62529, 7.09811], [-48.61263, 7.09941], [-48.60419, 7.10028], [-48.59575, 7.10114], [-48.58731, 7.10201], [-48.57888, 7.10287], [-48.57043, 7.10374], [-48.562, 7.1046], [-48.51718, 7.10928]], [[-48.51718, 7.10928], [-48.5084, 7.1102], [-48.5386, 7.0865], [-48.53822, 7.0869], [-48.53784, 7.0873], [-48.53747, 7.08769], [-48.5371, 7.0881], [-48.53672, 7.08849], [-48.53634, 7.0889], [-48.53597, 7.08929], [-48.53559, 7.0897], [-48.53522, 7.09009], [-48.53484, 7.09049], [-48.53447, 7.09089], [-48.53409, 7.09128], [-48.53371, 7.09169], [-48.53334, 7.09208], [-48.53297, 7.09249], [-48.53259, 7.09288], [-48.53221, 7.09329], [-48.53183, 7.09368], [-48.53147, 7.09408], [-48.53109, 7.09448], [-48.53071, 7.09488], [-48.53033, 7.09528], [-48.52996, 7.09568], [-48.52959, 7.09608], [-48.52921, 7.09648], [-48.52883, 7.09687], [-48.52846, 7.09728], [-48.52808, 7.09767], [-48.52771, 7.09808], [-48.52733, 7.09847], [-48.52696, 7.09888], [-48.52658, 7.09927], [-48.5262, 7.09967], [-48.52583, 7.10007], [-48.52546, 7.10047], [-48.52508, 7.10087], [-48.52471, 7.10127], [-48.52433, 7.10167], [-48.52396, 7.10207], [-48.52359, 7.10247], [-48.52321, 7.10287], [-48.52283, 7.10326], [-48.52246, 7.10367], [-48.52208, 7.10406], [-48.52171, 7.10447], [-48.52133, 7.10486], [-48.52095, 7.10526], [-48.52058, 7.10566], [-48.5202, 7.10606], [-48.51983, 7.10646], [-48.51945, 7.10686], [-48.51908, 7.10726], [-48.5187, 7.10766], [-48.51832, 7.10806], [-48.51795, 7.10846], [-48.51758, 7.10885], [-48.5172, 7.10926], [-48.51718, 7.10928]], [[-48.51718, 7.10928], [-48.51682, 7.10965], [-48.51645, 7.11006], [-48.51607, 7.11045], [-48.51569, 7.11086], [-48.51532, 7.11125], [-48.51495, 7.11165], [-48.51457, 7.11205], [-48.51419, 7.11244], [-48.51381, 7.11285], [-48.51344, 7.11324], [-48.51307, 7.11365], [-48.51269, 7.11404], [-48.51231, 7.11444], [-48.51194, 7.11484], [-48.51157, 7.11524], [-48.51119, 7.11564], [-48.51081, 7.11604], [-48.51044, 7.11644], [-48.51006, 7.11684], [-48.50969, 7.11724], [-48.50931, 7.11764], [-48.50894, 7.11803], [-48.50856, 7.11844], [-48.50819, 7.11883], [-48.50781, 7.11924], [-48.50744, 7.11963], [-48.50706, 7.12003], [-48.50669, 7.12043], [-48.50631, 7.12082], [-48.50594, 7.12123], [-48.50556, 7.12162], [-48.50518, 7.12203], [-48.50481, 7.12242], [-48.50443, 7.12283], [-48.50406, 7.12322], [-48.50368, 7.12362], [-48.50331, 7.12402], [-48.50293, 7.12442], [-48.50256, 7.12482], [-48.50218, 7.12522], [-48.50181, 7.12562], [-48.50143, 7.12602], [-48.50106, 7.12641], [-48.50068, 7.12682], [-48.5003, 7.12721], [-48.49993, 7.12762], [-48.49956, 7.12801], [-48.49918, 7.12842], [-48.4988, 7.12881], [-48.49843, 7.12921], [-48.49806, 7.12961], [-48.49768, 7.13001], [-48.4973, 7.13041], [-48.49692, 7.13081], [-48.49655, 7.13121], [-48.49618, 7.13161], [-48.4958, 7.132], [-48.49542, 7.13241], [-48.49505, 7.1328], [-48.49467, 7.13321], [-48.4943, 7.1336], [-48.49392, 7.13401], [-48.49355, 7.1344], [-48.49317, 7.1348], [-48.49279, 7.1352], [-48.49242, 7.13559], [-48.49205, 7.136], [-48.49167, 7.13639], [-48.49129, 7.1368], [-48.49092, 7.13719], [-48.49054, 7.13759], [-48.49017, 7.13799], [-48.48979, 7.13839], [-48.48942, 7.13879], [-48.48904, 7.13919], [-48.48866, 7.13959], [-48.48829, 7.13999], [-48.48791, 7.14039], [-48.48754, 7.14078], [-48.48716, 7.14118], [-48.48678, 7.14158], [-48.48641, 7.14198], [-48.48604, 7.14239], [-48.48566, 7.14278], [-48.48528, 7.14318], [-48.48491, 7.14358], [-48.48454, 7.14398], [-48.48416, 7.14438], [-48.48378, 7.14478], [-48.48341, 7.14518], [-48.48304, 7.14557], [-48.48266, 7.14597], [-48.48228, 7.14638], [-48.48191, 7.14677], [-48.48153, 7.14718], [-48.48116, 7.14757], [-48.48078, 7.14797], [-48.4804, 7.14837], [-48.48003, 7.14877], [-48.47965, 7.14917], [-48.47928, 7.14956], [-48.4789, 7.14997], [-48.47853, 7.15036], [-48.47815, 7.15077], [-48.47777, 7.15116], [-48.4774, 7.15156], [-48.47703, 7.15196], [-48.47665, 7.15236], [-48.47627, 7.15276], [-48.4759, 7.15316], [-48.47553, 7.15356], [-48.47515, 7.15396], [-48.47477, 7.15436], [-48.4744, 7.15475], [-48.47403, 7.15515], [-48.47365, 7.15555], [-48.47327, 7.15595], [-48.4729, 7.15635], [-48.47253, 7.15675], [-48.47215, 7.15715], [-48.47177, 7.15755], [-48.47139, 7.15794], [-48.47102, 7.15835], [-48.47084, 7.15855], [-48.47046, 7.15895], [-48.47008, 7.15934], [-48.46971, 7.15975], [-48.46952, 7.15994], [-48.46933, 7.16014], [-48.46914, 7.16034], [-48.46876, 7.16074], [-48.46858, 7.16094], [-48.46839, 7.16114], [-48.46821, 7.16134], [-48.46802, 7.16154], [-48.46783, 7.16174], [-48.46764, 7.16194], [-48.46745, 7.16214], [-48.46726, 7.16234], [-48.46707, 7.16254], [-48.46689, 7.16274], [-48.4667, 7.16294], [-48.46652, 7.16314], [-48.46633, 7.16334], [-48.46614, 7.16353], [-48.46595, 7.16374], [-48.46576, 7.16394], [-48.46557, 7.16413], [-48.46539, 7.16433], [-48.4652, 7.16453], [-48.46501, 7.16474], [-48.46482, 7.16493], [-48.46464, 7.16513], [-48.46445, 7.16533], [-48.46426, 7.16553], [-48.46407, 7.16573], [-48.46388, 7.16593], [-48.4637, 7.16613], [-48.46351, 7.16633], [-48.46332, 7.16653], [-48.46314, 7.16673], [-48.46295, 7.16693], [-48.46276, 7.16713], [-48.46257, 7.16733], [-48.46238, 7.16753], [-48.4622, 7.16772], [-48.46201, 7.16793], [-48.46182, 7.16813], [-48.46164, 7.16832], [-48.46145, 7.16852], [-48.46126, 7.16872], [-48.46107, 7.16893], [-48.46088, 7.16912], [-48.4607, 7.16932], [-48.46051, 7.16952], [-48.46032, 7.16972], [-48.46013, 7.16992], [-48.45995, 7.17012], [-48.45976, 7.17032], [-48.45957, 7.17052], [-48.45938, 7.17072], [-48.4592, 7.17092], [-48.45901, 7.17112], [-48.45882, 7.17132], [-48.45863, 7.17152], [-48.45845, 7.17172], [-48.45826, 7.17191], [-48.45807, 7.17212], [-48.45788, 7.17232], [-48.4577, 7.17251], [-48.45687, 7.1734], [-48.45604, 7.17429], [-48.45522, 7.17518], [-48.45438, 7.17607], [-48.45355, 7.17696], [-48.45273, 7.17784], [-48.4519, 7.17873], [-48.45107, 7.17962], [-48.45025, 7.18051], [-48.44941, 7.1814], [-48.44859, 7.18229], [-48.44776, 7.18317], [-48.44693, 7.18406], [-48.44611, 7.18495], [-48.44528, 7.18584], [-48.44445, 7.18673], [-48.44362, 7.18761], [-48.44279, 7.1885], [-48.44197, 7.18939], [-48.44114, 7.19028], [-48.44031, 7.19117], [-48.43948, 7.19206], [-48.43865, 7.19294], [-48.43782, 7.19383], [-48.43427, 7.19766], [-48.4327, 7.19937], [-48.43112, 7.20106], [-48.42954, 7.20276], [-48.42797, 7.20445], [-48.4264, 7.20616], [-48.42483, 7.20785], [-48.42325, 7.20955], [-48.42168, 7.21125], [-48.42011, 7.21294], [-48.41854, 7.21465], [-48.41697, 7.21634], [-48.41538, 7.21804], [-48.41381, 7.21973], [-48.41224, 7.22144], [-48.41067, 7.22313], [-48.4091, 7.22483], [-48.40752, 7.22652], [-48.40595, 7.22822], [-48.40438, 7.22992], [-48.40281, 7.23162], [-48.40123, 7.23331], [-48.39966, 7.23501], [-48.39808, 7.2367], [-48.39651, 7.2384], [-48.39494, 7.2401], [-48.39337, 7.2418], [-48.3918, 7.2435], [-48.39022, 7.24519], [-48.38864, 7.24689], [-48.38707, 7.24858], [-48.3855, 7.25029], [-48.38393, 7.25198], [-48.38235, 7.25368], [-48.38078, 7.25537], [-48.37921, 7.25707], [-48.37764, 7.25877], [-48.37606, 7.26047], [-48.37448, 7.26216], [-48.37291, 7.26386], [-48.37134, 7.26555], [-48.36977, 7.26725], [-48.3682, 7.26895], [-48.36662, 7.27065], [-48.36505, 7.27234], [-48.36348, 7.27404], [-48.3619, 7.27573], [-48.36033, 7.27743], [-48.35876, 7.27913], [-48.35718, 7.28083], [-48.35561, 7.28252], [-48.35404, 7.28422], [-48.35247, 7.28592], [-48.35089, 7.28762], [-48.34931, 7.28931], [-48.34774, 7.29101], [-48.34617, 7.29271], [-48.3446, 7.2944], [-48.34303, 7.2961], [-48.34145, 7.2978], [-48.33988, 7.2995], [-48.33831, 7.30119], [-48.33673, 7.30289], [-48.33516, 7.30458], [-48.33358, 7.30629], [-48.33201, 7.30798], [-48.33044, 7.30968], [-48.32887, 7.31137], [-48.3273, 7.31307], [-48.32572, 7.31476], [-48.32414, 7.31647], [-48.32257, 7.31816], [-48.321, 7.31986], [-48.31943, 7.32155], [-48.31785, 7.32325], [-48.31628, 7.32494], [-48.31471, 7.32664], [-48.31314, 7.32834], [-48.31157, 7.33004], [-48.30999, 7.33173], [-48.30841, 7.33343], [-48.30684, 7.33513], [-48.30527, 7.33682], [-48.3037, 7.33852], [-48.30213, 7.34021], [-48.30055, 7.34191], [-48.29898, 7.3436], [-48.2974, 7.34531], [-48.29583, 7.347], [-48.29426, 7.3487], [-48.29268, 7.35039], [-48.29111, 7.35209], [-48.28954, 7.35378], [-48.28797, 7.35549], [-48.2864, 7.35718], [-48.28481, 7.35888], [-48.28324, 7.36057], [-48.28167, 7.36227], [-48.2801, 7.36397], [-48.27853, 7.36567], [-48.27695, 7.36736], [-48.27538, 7.36906], [-48.27381, 7.37075], [-48.27224, 7.37245], [-48.27066, 7.37415], [-48.26909, 7.37585], [-48.26751, 7.37754], [-48.26594, 7.37924], [-48.26437, 7.38093], [-48.2628, 7.38263], [-48.26122, 7.38433], [-48.25965, 7.38602], [-48.25807, 7.38772], [-48.2565, 7.38941], [-48.25493, 7.39111], [-48.25336, 7.39281], [-48.25178, 7.39451], [-48.25021, 7.3962], [-48.24864, 7.3979], [-48.24707, 7.39959], [-48.24549, 7.40129], [-48.24391, 7.40299], [-48.24234, 7.40469], [-48.24077, 7.40638], [-48.2392, 7.40807], [-48.23763, 7.40977], [-48.23605, 7.41147], [-48.23448, 7.41317], [-48.2329, 7.41486], [-48.23133, 7.41656], [-48.22976, 7.41825], [-48.22818, 7.41995], [-48.22661, 7.42165], [-48.22504, 7.42335], [-48.22347, 7.42504], [-48.2219, 7.42674], [-48.22032, 7.42843], [-48.21874, 7.43012], [-48.21717, 7.43183], [-48.2156, 7.43352], [-48.21403, 7.43522], [-48.21246, 7.43691], [-48.21088, 7.43861], [-48.20931, 7.44031], [-48.20774, 7.44201], [-48.20616, 7.4437], [-48.20459, 7.44539], [-48.20301, 7.44709], [-48.20144, 7.44878], [-48.19987, 7.45049], [-48.1983, 7.45218], [-48.19673, 7.45388], [-48.19515, 7.45557], [-48.19357, 7.45727], [-48.192, 7.45896], [-48.19043, 7.46066], [-48.18886, 7.46236], [-48.18728, 7.46405], [-48.18571, 7.46575], [-48.18414, 7.46744], [-48.18257, 7.46915], [-48.181, 7.47084], [-48.17942, 7.47254], [-48.17784, 7.47423], [-48.17627, 7.47592], [-48.1747, 7.47763], [-48.17313, 7.47932], [-48.17156, 7.48102], [-48.16998, 7.48271], [-48.16841, 7.48441], [-48.16683, 7.4861], [-48.16526, 7.4878], [-48.16369, 7.4895], [-48.16211, 7.49119], [-48.16054, 7.49289], [-48.15897, 7.49458], [-48.1574, 7.49629], [-48.15583, 7.49798], [-48.15424, 7.49967], [-48.15267, 7.50137], [-48.1511, 7.50306], [-48.14953, 7.50477], [-48.14796, 7.50646], [-48.14638, 7.50816], [-48.14481, 7.50985], [-48.14324, 7.51154], [-48.14166, 7.51324], [-48.14009, 7.51494], [-48.13852, 7.51664], [-48.13694, 7.51833], [-48.13537, 7.52002], [-48.1338, 7.52172], [-48.13223, 7.52342], [-48.13065, 7.52512], [-48.12907, 7.52681], [-48.1275, 7.52851], [-48.12593, 7.5302], [-48.12436, 7.5319], [-48.12279, 7.5336], [-48.12121, 7.53529], [-48.11964, 7.53699], [-48.11807, 7.53868], [-48.11649, 7.54037], [-48.11492, 7.54208], [-48.11334, 7.54377], [-48.11177, 7.54547], [-48.10963, 7.54776], [-48.10751, 7.55007], [-48.10537, 7.55236], [-48.10323, 7.55465], [-48.1011, 7.55696], [-48.09896, 7.55925], [-48.09682, 7.56156], [-48.0947, 7.56385], [-48.09256, 7.56615], [-48.09042, 7.56845], [-48.08829, 7.57075], [-48.08615, 7.57304], [-48.08401, 7.57534], [-48.08189, 7.57764], [-48.07975, 7.57994], [-48.07761, 7.58224], [-48.07548, 7.58453], [-48.07334, 7.58683], [-48.0712, 7.58913], [-48.06908, 7.59142], [-48.06694, 7.59373], [-48.0644, 7.59645], [-48.06073, 7.6004], [-48.05706, 7.60433], [-48.05339, 7.60828], [-48.04972, 7.61222], [-48.04605, 7.61616], [-48.04238, 7.62011], [-48.0387, 7.62404], [-48.03504, 7.62798], [-48.03136, 7.63193], [-48.0277, 7.63587], [-48.02402, 7.63981], [-48.02035, 7.64375], [-48.01669, 7.64769], [-48.01301, 7.65164], [-48.00935, 7.65558], [-48.00641, 7.65873], [-48.00347, 7.66188], [-48.00053, 7.66503], [-47.9976, 7.66819], [-47.99466, 7.67134], [-47.99172, 7.6745], [-47.98879, 7.67765], [-47.98586, 7.6808], [-47.98292, 7.68395], [-47.97998, 7.68711], [-47.97704, 7.69026], [-47.97411, 7.69342], [-47.97117, 7.69656], [-47.96824, 7.69971], [-47.9653, 7.70287], [-47.96236, 7.70602], [-47.95943, 7.70918], [-47.95649, 7.71233], [-47.95355, 7.71548], [-47.95061, 7.71863], [-47.94768, 7.72179], [-47.94475, 7.72494], [-47.94181, 7.72809], [-47.93887, 7.73125], [-47.93594, 7.73439], [-47.933, 7.73755], [-47.93006, 7.7407], [-47.92712, 7.74385], [-47.92419, 7.74701], [-47.92126, 7.75016], [-47.91905, 7.75252], [-47.91685, 7.75488], [-47.91465, 7.75725], [-47.91245, 7.75962], [-47.91024, 7.76198], [-47.90804, 7.76435], [-47.90583, 7.76671], [-47.90363, 7.76908], [-47.90143, 7.77143], [-47.89923, 7.7738], [-47.89703, 7.77616], [-47.89483, 7.77853], [-47.7314, 7.9539], [-47.3874, 8.3391], [-47.20658, 8.51161], [-46.90556, 8.79048], [-46.45424, 9.21166], [-46.44538, 9.21939]], [[-46.44538, 9.21939], [-46.43, 9.2328], [-46.4455, 9.2227], [-46.44538, 9.21939]], [[-46.44538, 9.21939], [-46.43078, 8.80896], [-46.42271, 8.6202], [-46.40535, 8.2116], [-46.4032, 8.18081], [-46.40121, 8.15259], [-46.3993, 8.12566], [-46.39738, 8.09873], [-46.39566, 8.07435], [-46.39401, 8.05126], [-46.39247, 8.02945], [-46.39092, 8.00764], [-46.38947, 7.98711], [-46.3881, 7.96787], [-46.38683, 7.9499], [-46.38555, 7.932], [-46.3842, 7.91294], [-46.36303, 7.62948], [-46.3455, 7.32127], [-46.32315, 7.02172], [-46.31772, 6.97203], [-46.31275, 6.92647], [-46.30823, 6.88505], [-46.30401, 6.84639], [-46.30025, 6.81187], [-46.29663, 6.77873], [-46.29332, 6.74835], [-46.2903, 6.72072], [-46.25645, 6.41063], [-46.2259, 6.1082], [-46.2173, 6.0964], [-46.21461, 6.09767], [-46.21193, 6.09895], [-46.20925, 6.10022], [-46.20656, 6.10149], [-46.20388, 6.10276], [-46.20119, 6.10404], [-46.19851, 6.1053], [-46.19583, 6.10658], [-46.19314, 6.10785], [-46.19046, 6.10912], [-46.18778, 6.11039], [-46.18509, 6.11166], [-46.18308, 6.11262], [-46.18107, 6.11358], [-46.17906, 6.11453], [-45.62454, 6.37884], [-45.4044, 6.4873], [-45.1804, 6.6013], [-45.07012, 6.6618], [-44.9158, 6.7492], [-44.70672, 6.72229], [-44.56605, 6.70842], [-44.12365, 6.67899], [-43.8317, 6.6626], [-43.5287, 6.65477], [-43.2811, 6.6528], [-42.819, 6.5228], [-42.7875, 6.5761], [-42.75424, 6.62257], [-42.53128, 6.9549], [-42.30792, 7.31618], [-42.17501, 7.53432], [-42.147, 7.5814], [-42.1695, 7.5475], [-42.1646, 7.5611], [-42.14249, 7.5979], [-41.98954, 7.84112], [-41.92298, 7.93983], [-41.8155, 8.0992], [-41.78655, 8.01727], [-41.6052, 7.5038], [-41.5271, 7.2218], [-41.4516, 7.0418], [-41.4811, 7.0406], [-41.467, 6.987], [-41.3151, 6.54641], [-41.1779, 6.1017], [-41.106, 5.8084], [-41.1005, 5.7789], [-41.151, 5.753], [-41.10861, 5.50361], [-41.0398, 5.1239], [-40.99739, 4.87774], [-40.9847, 4.8191], [-41.0484, 4.7837], [-41.04702, 4.77402], [-41.0458, 4.76542], [-41.04457, 4.75683], [-41.04334, 4.74822], [-41.04212, 4.73962], [-41.04089, 4.73102], [-41.03926, 4.71993], [-40.9829, 4.3634], [-40.83976, 4.04153], [-40.7346, 3.8013], [-40.72518, 3.77881], [-40.71575, 3.75634], [-40.70677, 3.73492], [-40.6978, 3.71351], [-40.68927, 3.69316], [-40.68074, 3.67281], [-40.67221, 3.65247], [-40.66413, 3.63319], [-40.64967, 3.59871], [-40.64603, 3.59003], [-40.64239, 3.58136], [-40.63875, 3.57268], [-40.6351, 3.564], [-40.63147, 3.55533], [-40.62783, 3.54666], [-40.62419, 3.53798], [-40.62054, 3.52931], [-40.6169, 3.52063], [-40.61327, 3.51196], [-40.60963, 3.50328], [-40.60598, 3.4946], [-40.60286, 3.48716], [-40.59975, 3.47973], [-40.59662, 3.4723], [-40.5935, 3.46486], [-40.59039, 3.45742], [-40.55037, 3.36202], [-40.54295, 3.34428], [-40.53779, 3.33196], [-40.53263, 3.31965], [-40.52748, 3.30733], [-40.52274, 3.29604], [-40.51802, 3.28475], [-40.51329, 3.27346], [-40.509, 3.26319], [-40.5047, 3.25293], [-40.5004, 3.24266], [-40.4961, 3.23239], [-40.4918, 3.22213], [-40.48794, 3.21289], [-40.48407, 3.20365], [-40.4802, 3.19441], [-40.47634, 3.18517], [-40.47289, 3.17696], [-40.46946, 3.16875], [-40.44613, 3.11285], [-40.4213, 3.05339], [-40.40117, 3.00515], [-40.3843, 2.96475], [-40.37023, 2.93106], [-40.3136, 2.7984]]]}}, {"type": "Feature", "properties": {"ssGmStId": 479, "ssGmStNm": "V3106_0", "cmpnntGmId": 5.0, "ss2dUqLnId": "V3106_0", "district": "LANDMARK", "project": "NEOGENO_FOZAMAZONAS", "subprj": "ALL_DATA", "owtype": "Seis2DLine", "Shape_Leng": 0.0, "OBJECTID": 263.0, "Interpret": "Nao iniciada"}, "geometry": {"type": "LineString", "coordinates": [[-41.522, 2.7209], [-41.52552, 2.72336], [-41.52904, 2.72584], [-41.53257, 2.72831], [-41.53609, 2.73078], [-41.53961, 2.73325], [-41.54313, 2.73571], [-41.54665, 2.73819], [-41.55017, 2.74065], [-41.55369, 2.74313], [-41.55722, 2.74559], [-41.56074, 2.74806], [-41.83611, 2.94755], [-42.1067, 3.1459], [-42.37362, 3.35303], [-42.39434, 3.36883], [-42.41262, 3.38278], [-42.42968, 3.3958], [-42.44552, 3.40789], [-42.46015, 3.41904], [-42.47355, 3.42928], [-42.48695, 3.43951], [-42.49914, 3.44881], [-42.63377, 3.5506], [-42.76543, 3.65513], [-43.00453, 3.84293], [-43.1324, 3.9412], [-43.4092, 4.0854], [-43.7249, 4.5253], [-43.7377, 4.5448], [-43.87787, 4.57913], [-44.3389, 4.6951], [-44.38701, 4.70774], [-44.42843, 4.71864], [-44.46184, 4.72742], [-44.4899, 4.7348], [-44.6422, 4.7754], [-45.0852, 4.8541], [-45.14929, 4.85624], [-45.20384, 4.85805], [-45.25156, 4.85965], [-45.29247, 4.86101], [-45.5343, 4.8697], [-45.7511, 4.9287], [-45.88782, 4.96329], [-45.96676, 4.98325], [-46.0649, 5.0079], [-46.6641, 5.38618], [-46.84818, 5.2147], [-47.0224, 5.0561], [-47.0472, 5.0357]]}}, {"type": "Feature", "properties": {"ssGmStId": 480, "ssGmStNm": "V3106_1", "cmpnntGmId": 5.0, "ss2dUqLnId": "V3106_1", "district": "LANDMARK", "project": "NEOGENO_FOZAMAZONAS", "subprj": "ALL_DATA", "owtype": "Seis2DLine", "Shape_Leng": 0.0, "OBJECTID": 264.0, "Interpret": "Nao iniciada"}, "geometry": {"type": "LineString", "coordinates": [[-39.2367, 1.0208], [-39.4739, 1.1891], [-39.51209, 1.217], [-39.5472, 1.24263], [-39.58023, 1.26676], [-39.6112, 1.28938], [-39.64011, 1.3105], [-39.66695, 1.3301], [-39.69173, 1.3482], [-39.71547, 1.36554], [-39.73716, 1.38137], [-39.7578, 1.39646], [-39.85464, 1.46725], [-39.93462, 1.52571], [-40.0645, 1.6207], [-40.30128, 1.80726], [-40.78948, 2.18024], [-40.9724, 2.3228], [-41.4275, 2.6545], [-41.522, 2.7209]]}}, {"type": "Feature", "properties": {"ssGmStId": 481, "ssGmStNm": "V3106_2", "cmpnntGmId": 5.0, "ss2dUqLnId": "V3106_2", "district": "LANDMARK", "project": "NEOGENO_FOZAMAZONAS", "subprj": "ALL_DATA", "owtype": "Seis2DLine", "Shape_Leng": 0.0, "OBJECTID": 265.0, "Interpret": "Nao iniciada"}, "geometry": {"type": "MultiLineString", "coordinates": [[[-47.0843, 5.0052], [-47.24121, 4.86712]], [[-47.24121, 4.86712], [-47.3201, 4.7977], [-47.5388, 4.621], [-47.71091, 4.50154]], [[-47.71091, 4.50154], [-47.7382, 4.4826], [-47.77004, 4.45778], [-47.80073, 4.43387], [-47.82802, 4.4126], [-47.85304, 4.39311], [-47.87692, 4.37451], [-47.89851, 4.35767], [-47.92333, 4.33833], [-48.1362, 4.1725], [-47.9345, 4.1469], [-47.8386, 4.1396], [-47.69751, 4.10311], [-47.433, 4.035], [-47.71091, 4.50154]], [[-47.71091, 4.50154], [-48.0406, 5.055], [-48.04419, 5.03713], [-48.04759, 5.02026], [-48.10903, 4.71723], [-48.15725, 4.51507], [-48.17078, 4.45718], [-48.17707, 4.42993], [-48.18217, 4.4078], [-48.18588, 4.39169], [-48.1948, 4.3517], [-48.2304, 4.2855], [-48.3246, 4.084], [-48.4322, 3.8743], [-48.5722, 3.67004], [-48.71299, 3.44623], [-48.7632, 3.3623], [-48.6656, 3.1937], [-48.5177, 3.136], [-48.4735, 3.1241], [-48.35054, 3.0871], [-48.33607, 3.0827], [-48.31873, 3.07743], [-48.11156, 3.0137], [-47.81856, 2.91436], [-47.78304, 2.90176], [-47.75693, 2.89239], [-47.73082, 2.88304], [-47.70608, 2.87418], [-47.68273, 2.86579], [-47.66074, 2.85792], [-47.64013, 2.85053], [-47.62089, 2.84363], [-47.60166, 2.83674], [-47.58379, 2.83032], [-47.56592, 2.82392], [-47.54944, 2.81801], [-47.53432, 2.81259], [-47.51406, 2.80531], [-47.2346, 2.7039], [-47.00272, 2.63785], [-46.77288, 2.56581], [-46.5419, 2.5004], [-46.33983, 2.36941], [-46.14177, 2.24819], [-46.11802, 2.23396], [-46.09698, 2.22136], [-46.07685, 2.20931], [-46.05856, 2.19836], [-45.8451, 2.0701], [-45.6394, 1.9724], [-45.45594, 1.90404], [-45.30221, 1.84673], [-45.26633, 1.83389], [-45.23444, 1.82247], [-45.20554, 1.81213], [-45.18062, 1.80322], [-45.15771, 1.79501], [-45.13777, 1.78788], [-45.11983, 1.78146], [-45.10389, 1.77576], [-45.08994, 1.77076], [-45.07698, 1.76612], [-44.9838, 1.7338], [-44.6738, 3.2393], [-44.67095, 3.24751], [-44.66809, 3.25571], [-44.66556, 3.263], [-44.64764, 3.31428], [-44.61926, 3.39553], [-44.57476, 3.52257], [-44.56923, 3.53585]], [[-44.56923, 3.53585], [-44.4744, 3.7636], [-44.42403, 4.03154], [-44.38255, 4.28724], [-44.3494, 4.5547], [-44.3363, 4.7531], [-44.34173, 4.79669], [-44.37729, 5.10028], [-44.41804, 5.38229], [-44.47339, 5.67143], [-44.524, 5.9067], [-44.51974, 5.97309], [-44.51892, 5.98997], [-44.51814, 6.00555], [-44.51744, 6.01984], [-44.5168, 6.03282], [-44.51622, 6.0445], [-44.51571, 6.05489], [-44.51527, 6.06397], [-44.51488, 6.07176], [-44.5145, 6.07955], [-44.51417, 6.08604], [-44.51386, 6.09253], [-44.5136, 6.09772], [-44.51328, 6.10448], [-44.51302, 6.10988], [-44.51277, 6.11528], [-44.51258, 6.11933], [-44.5114, 6.1554], [-44.5246, 6.1471], [-44.52399, 6.16055], [-44.52344, 6.17265], [-44.52289, 6.18475], [-44.52234, 6.19685], [-44.52185, 6.2076], [-44.51419, 6.41692], [-44.50793, 6.61879], [-44.50797, 6.62117], [-44.50803, 6.62355], [-44.50806, 6.62554], [-44.5081, 6.62752], [-44.50814, 6.62951], [-44.50818, 6.63148], [-44.50823, 6.63347], [-44.50826, 6.63545], [-44.50831, 6.63744], [-44.50834, 6.63942], [-44.50839, 6.64141], [-44.50842, 6.64338], [-44.50847, 6.64537], [-44.5085, 6.64735], [-44.50854, 6.64934], [-44.50858, 6.65132], [-44.50861, 6.65291], [-44.50865, 6.6545], [-44.50867, 6.65608], [-44.50871, 6.65767], [-44.50875, 6.65926], [-44.50877, 6.66085], [-44.50881, 6.66243], [-44.50884, 6.66402], [-44.50887, 6.66561], [-44.50891, 6.6672], [-44.50894, 6.66878], [-44.50897, 6.67037], [-44.509, 6.67196], [-44.50903, 6.67355], [-44.50907, 6.67513], [-44.5091, 6.67672], [-44.50913, 6.67831], [-44.50916, 6.6799], [-44.50919, 6.68108], [-44.5092, 6.68228], [-44.50923, 6.68346], [-44.50926, 6.68466], [-44.50928, 6.68585], [-44.5093, 6.68704], [-44.50933, 6.68823], [-44.50935, 6.68942], [-44.50938, 6.69061], [-44.5094, 6.6918], [-44.50942, 6.69299], [-44.50945, 6.69418], [-44.50947, 6.69537], [-44.5095, 6.69656], [-44.50952, 6.69775], [-44.50955, 6.69894], [-44.50957, 6.70014], [-44.50959, 6.70132], [-44.50962, 6.70252], [-44.50964, 6.7037], [-44.50966, 6.7049], [-44.50969, 6.70608], [-44.50972, 6.70728], [-44.50973, 6.70807], [-44.50974, 6.70887], [-44.50976, 6.70966], [-44.50978, 6.71045], [-44.50979, 6.71125], [-44.50981, 6.71204], [-44.50982, 6.71283], [-44.50984, 6.71363], [-44.50985, 6.71442], [-44.50987, 6.71521], [-44.50989, 6.71601], [-44.50991, 6.7168], [-44.50992, 6.71759], [-44.50993, 6.71839], [-44.50995, 6.71918], [-44.50997, 6.71997], [-44.50999, 6.72077], [-44.51, 6.72156], [-44.51001, 6.72235], [-44.51003, 6.72315], [-44.51005, 6.72394], [-44.51007, 6.72473], [-44.51008, 6.72553], [-44.51009, 6.72632], [-44.51011, 6.72711], [-44.51013, 6.72791], [-44.51015, 6.7287], [-44.51017, 6.7295], [-44.51017, 6.73029], [-44.51019, 6.73108], [-44.51021, 6.73188], [-44.51023, 6.73267], [-44.51024, 6.73346], [-44.51026, 6.73426], [-44.51027, 6.73505], [-44.51028, 6.73544], [-44.51029, 6.73584], [-44.51029, 6.73623], [-44.5103, 6.73664], [-44.51031, 6.73703], [-44.51032, 6.73743], [-44.51033, 6.7378], [-44.51033, 6.73815], [-44.51034, 6.73852], [-44.51034, 6.73888], [-44.51035, 6.73925], [-44.51035, 6.73962], [-44.51035, 6.73998], [-44.51036, 6.74035], [-44.51036, 6.7407], [-44.51037, 6.74107], [-44.51038, 6.74144], [-44.51038, 6.7418], [-44.51039, 6.74217], [-44.51039, 6.74253], [-44.5104, 6.7429], [-44.5104, 6.74319], [-44.5104, 6.7435], [-44.5104, 6.74379], [-44.5104, 6.7441], [-44.5104, 6.7444], [-44.5104, 6.7447], [-44.5104, 6.745], [-44.5104, 6.74529], [-44.5104, 6.7456], [-44.5104, 6.7459], [-44.5104, 6.7462], [-44.5104, 6.7465], [-44.5104, 6.74679], [-44.5104, 6.7471], [-44.5104, 6.7474], [-44.5104, 6.7477], [-44.5104, 6.748], [-44.5104, 6.74829], [-44.5104, 6.7486], [-44.5104, 6.74889], [-44.5104, 6.7492], [-44.5104, 6.7495], [-44.5104, 6.7498], [-44.5104, 6.7501], [-44.5104, 6.75039], [-44.5104, 6.7507], [-44.5104, 6.751], [-44.5104, 6.7513], [-44.51092, 6.77539], [-44.51198, 6.82668], [-44.5069, 7.16084], [-44.50703, 7.20392], [-44.50716, 7.24163], [-44.50726, 7.27529], [-44.50734, 7.3049], [-44.50743, 7.33182], [-44.50751, 7.35471], [-44.50757, 7.37489], [-44.50762, 7.39239], [-44.50767, 7.40854], [-44.50771, 7.422], [-44.50776, 7.43541], [-44.50779, 7.44744], [-44.5076, 7.5114], [-44.46098, 7.50755], [-44.41927, 7.50412], [-44.38124, 7.50098], [-44.34566, 7.49805], [-44.31377, 7.49542], [-44.27544, 7.49232], [-43.99625, 7.47115], [-43.8548, 7.4663], [-43.2861, 7.4812], [-42.72832, 7.502], [-42.6692, 7.5027], [-42.5679, 7.4933], [-42.53202, 7.49219], [-42.38607, 7.49043], [-42.18118, 7.49558], [-42.12482, 7.49911], [-42.08318, 7.50172], [-42.05132, 7.50371], [-42.02805, 7.50517], [-42.00958, 7.50633], [-41.99074, 7.50748], [-41.97943, 7.50817], [-41.9719, 7.50864], [-41.9609, 7.5092], [-41.98342, 7.28635], [-41.99184, 7.18182], [-41.99958, 7.08553], [-42.00689, 6.99471], [-42.01342, 6.91352], [-42.02925, 6.71801], [-42.0711, 6.2032], [-41.9886, 5.5849], [-41.99491, 5.35583], [-41.9992, 5.1846], [-42.01, 5.1374], [-42.01023, 5.12835], [-42.01046, 5.1193], [-42.01067, 5.11117], [-42.01087, 5.10303], [-42.01103, 5.09687], [-42.01119, 5.09179], [-42.01133, 5.08671], [-42.01148, 5.08162], [-42.01162, 5.07654], [-42.01176, 5.07146], [-42.01189, 5.06724], [-42.01201, 5.06301], [-42.01212, 5.05877], [-42.01225, 5.05454], [-42.01236, 5.05031], [-42.01249, 5.04608], [-42.01261, 5.04185], [-42.01273, 5.03762], [-42.01285, 5.03339], [-42.01297, 5.02915], [-42.01309, 5.02492], [-42.01321, 5.02068], [-42.01333, 5.01646], [-42.01342, 5.01307], [-42.01352, 5.00969], [-42.01362, 5.0063], [-42.01372, 5.00291], [-42.01382, 4.99952], [-42.01392, 4.99614], [-42.01401, 4.99275], [-42.01411, 4.98936], [-42.01421, 4.98597], [-42.0143, 4.98259], [-42.01439, 4.9792], [-42.01449, 4.97581], [-42.01459, 4.97243], [-42.01469, 4.96905], [-42.01478, 4.96566], [-42.01488, 4.96227], [-42.01498, 4.95888], [-42.01505, 4.95634], [-42.01512, 4.95381], [-42.01519, 4.95127], [-42.01527, 4.94873], [-42.01534, 4.94619], [-42.01541, 4.94365], [-42.01548, 4.94111], [-42.01555, 4.93858], [-42.01563, 4.93604], [-42.0157, 4.93349], [-42.01577, 4.93095], [-42.01584, 4.92841], [-42.01592, 4.92587], [-42.01599, 4.92333], [-42.01607, 4.92079], [-42.01614, 4.91826], [-42.01621, 4.91572], [-42.01628, 4.91318], [-42.01635, 4.91064], [-42.01642, 4.9081], [-42.0165, 4.90555], [-42.01657, 4.90301], [-42.01664, 4.90047], [-42.01669, 4.89878], [-42.01674, 4.89709], [-42.01678, 4.89539], [-42.01684, 4.8937], [-42.01688, 4.89201], [-42.01693, 4.89032], [-42.01698, 4.88862], [-42.01703, 4.88693], [-42.01708, 4.88524], [-42.01713, 4.88354], [-42.01717, 4.88185], [-42.0222, 4.7242], [-42.02224, 4.71813], [-42.02228, 4.71206], [-42.02232, 4.70599], [-42.02236, 4.69991], [-42.0224, 4.69385], [-42.02244, 4.68777], [-42.02248, 4.68171], [-42.02252, 4.67563], [-42.02256, 4.66956], [-42.02261, 4.66349], [-42.02264, 4.65741], [-42.02268, 4.65134], [-42.02272, 4.64527], [-42.02276, 4.6392], [-42.0228, 4.63313], [-42.02284, 4.62706], [-42.02288, 4.62098], [-42.02292, 4.61492], [-42.02296, 4.60884], [-42.023, 4.60276], [-42.02305, 4.5967], [-42.02308, 4.59062], [-42.02313, 4.58456], [-42.02316, 4.57848], [-42.0232, 4.5724], [-42.02324, 4.56634], [-42.02328, 4.56026], [-42.02332, 4.55419], [-42.02336, 4.54812], [-42.0234, 4.54204], [-42.02344, 4.53598], [-42.02349, 4.5299], [-42.02352, 4.52382], [-42.02357, 4.51776], [-42.0236, 4.51168], [-42.02364, 4.5056], [-42.02368, 4.49954], [-42.02372, 4.49346], [-42.02376, 4.48739], [-42.0238, 4.48132], [-42.02384, 4.47524], [-42.02388, 4.46917], [-42.02393, 4.46309], [-42.02396, 4.45702], [-42.02401, 4.45095], [-42.02404, 4.44487], [-42.02409, 4.43881], [-42.02411, 4.43475], [-42.02413, 4.4307], [-42.02416, 4.42665], [-42.02419, 4.4226], [-42.02421, 4.41855], [-42.02424, 4.41451], [-42.02427, 4.41046], [-42.02429, 4.40641], [-42.02432, 4.40236], [-42.02435, 4.39831], [-42.02437, 4.39426], [-42.0244, 4.39021], [-42.02443, 4.38616], [-42.02446, 4.38211], [-42.02448, 4.37806], [-42.02451, 4.37401], [-42.02454, 4.36996], [-42.02456, 4.36591], [-42.02459, 4.36187], [-42.02462, 4.35782], [-42.02464, 4.35377], [-42.02467, 4.34972], [-42.0247, 4.34567], [-42.02473, 4.34161], [-42.02475, 4.33756], [-42.02478, 4.33352], [-42.02481, 4.32947], [-42.02483, 4.32542], [-42.02486, 4.32137], [-42.02489, 4.31732], [-42.02491, 4.31327], [-42.02494, 4.30922], [-42.02497, 4.30517], [-42.02499, 4.30112], [-42.02502, 4.29707], [-42.02504, 4.29302], [-42.02507, 4.28897], [-42.02509, 4.28492], [-42.02512, 4.28087], [-42.02515, 4.27682], [-42.02517, 4.27277], [-42.0252, 4.26872], [-42.02523, 4.26467], [-42.02526, 4.26062], [-42.02528, 4.25657], [-42.02531, 4.25253], [-42.02534, 4.24848], [-42.02536, 4.24442], [-42.02539, 4.24037], [-42.02542, 4.23632], [-42.02544, 4.23227], [-42.02547, 4.22822], [-42.0255, 4.22417], [-42.02765, 3.8155], [-42.0275, 3.4756], [-42.03656, 3.15933], [-42.06518, 2.83898], [-42.0854, 2.5509], [-42.0919, 2.5318], [-42.37316, 2.63506], [-42.39701, 2.64355], [-42.4194, 2.65149], [-42.5369, 2.6932], [-43.12938, 2.97919], [-43.3786, 3.0789], [-43.38212, 3.0805], [-43.38565, 3.08209], [-43.38918, 3.08369], [-43.3921, 3.08503], [-43.39504, 3.08636], [-43.39798, 3.08769], [-43.40092, 3.08902], [-43.40385, 3.09036], [-43.40678, 3.09168], [-43.40972, 3.09302], [-43.41266, 3.09436], [-43.4156, 3.09568], [-43.41853, 3.09702], [-43.42146, 3.09835], [-43.4244, 3.09969], [-43.42734, 3.10101], [-43.43027, 3.10235], [-43.43321, 3.10368], [-43.43614, 3.10501], [-43.43849, 3.10608], [-43.44084, 3.10714], [-43.44295, 3.1081], [-43.44434, 3.10873], [-43.44574, 3.10937], [-43.44714, 3.11], [-43.44854, 3.11063], [-43.44994, 3.11126], [-43.45133, 3.1119], [-43.45273, 3.11254], [-43.45412, 3.11317], [-43.45553, 3.11381], [-43.45692, 3.11444], [-43.45832, 3.11507], [-43.45971, 3.11571], [-43.46111, 3.11635], [-43.46251, 3.11699], [-43.46391, 3.11762], [-43.46531, 3.11825], [-43.4667, 3.11888], [-43.46764, 3.11931], [-43.46857, 3.11973], [-43.4695, 3.12016], [-43.47043, 3.12058], [-43.47136, 3.12101], [-43.4723, 3.12142], [-43.47323, 3.12185], [-43.47416, 3.12227], [-43.47509, 3.12269], [-43.47603, 3.12312], [-43.47695, 3.12354], [-43.47788, 3.12397], [-43.47882, 3.12438], [-43.47975, 3.12481], [-43.48068, 3.12523], [-43.48161, 3.12566], [-43.48255, 3.12607], [-43.48347, 3.1265], [-43.48441, 3.12692], [-43.48534, 3.12734], [-43.48628, 3.12776], [-43.4872, 3.12818], [-43.48813, 3.12861], [-43.48907, 3.12903], [-43.48999, 3.12946], [-43.49093, 3.12988], [-43.49186, 3.13031], [-43.49279, 3.13072], [-43.49372, 3.13115], [-43.49466, 3.13157], [-43.49558, 3.13199], [-43.49652, 3.13242], [-43.49745, 3.13284], [-43.49838, 3.13327], [-43.49931, 3.13369], [-43.50038, 3.13417], [-43.50158, 3.13472], [-43.5028, 3.13527], [-43.504, 3.13582], [-43.5052, 3.13637], [-43.50642, 3.13693], [-43.50762, 3.13748], [-43.50882, 3.13803], [-43.51004, 3.13857], [-43.51124, 3.13912], [-43.51244, 3.13967], [-43.51366, 3.14022], [-43.51486, 3.14077], [-43.51606, 3.14132], [-43.51728, 3.14187], [-43.51848, 3.14242], [-43.51968, 3.14297], [-43.5209, 3.14352], [-43.5221, 3.14407], [-43.5233, 3.14462], [-43.52452, 3.14517], [-43.52572, 3.14572], [-43.52692, 3.14627], [-43.52814, 3.14681], [-43.52934, 3.14736], [-43.53054, 3.14791], [-43.53176, 3.14847], [-43.53296, 3.14902], [-43.53416, 3.14957], [-43.53538, 3.15012], [-43.53658, 3.15067], [-43.6729, 3.2132], [-43.9549, 3.3336], [-44.09637, 3.38339], [-44.3623, 3.4717], [-44.48823, 3.51042], [-44.56923, 3.53585]], [[-44.56923, 3.53585], [-44.8082, 3.6109], [-45.0973, 3.7101], [-45.2311, 3.7745], [-45.43309, 3.87665], [-45.57276, 3.94412], [-45.78216, 4.04212], [-46.05954, 4.16879], [-46.4076, 4.3373], [-46.41008, 4.33882], [-46.41256, 4.34034], [-46.41503, 4.34186], [-46.41751, 4.34337], [-46.41999, 4.34489], [-46.42247, 4.34641], [-46.42495, 4.34793], [-46.42743, 4.34944], [-46.42991, 4.35096], [-46.43239, 4.35248], [-46.43487, 4.35399], [-46.43736, 4.35552], [-46.43984, 4.35703], [-46.44232, 4.35855], [-46.4448, 4.36006], [-46.44727, 4.36159], [-46.44975, 4.3631], [-46.45223, 4.36462], [-46.45471, 4.36614], [-46.45719, 4.36766], [-46.45967, 4.36917], [-46.46215, 4.37068], [-46.46463, 4.37221], [-46.46711, 4.37372], [-46.46951, 4.37519], [-46.47191, 4.37666], [-46.47431, 4.37814], [-46.4767, 4.37961], [-46.4791, 4.38108], [-46.4815, 4.38255], [-46.4839, 4.38402], [-46.4863, 4.38549], [-46.4887, 4.38697], [-46.49109, 4.38844], [-46.49349, 4.38991], [-46.49816, 4.39287], [-46.50283, 4.39582], [-46.50749, 4.39878], [-46.51215, 4.40175], [-46.51681, 4.40471], [-46.52148, 4.40766], [-46.52615, 4.41062], [-46.53081, 4.41358], [-46.53548, 4.41654], [-46.54014, 4.41949], [-46.54811, 4.42449], [-46.6077, 4.46148], [-46.8831, 4.6323], [-47.1561, 4.8069], [-47.24121, 4.86712]], [[-47.24121, 4.86712], [-47.2895, 4.9013], [-47.3144, 4.9208], [-47.5823, 5.0663], [-47.68252, 5.12391], [-47.8805, 5.23], [-48.1673, 5.3998], [-48.4765, 5.5127], [-48.79486, 5.57232], [-48.96304, 5.59769], [-49.2679, 5.6405], [-49.3017, 5.6662], [-49.3477, 5.6894], [-49.35136, 5.6914], [-49.35502, 5.6934], [-49.35868, 5.6954], [-49.36234, 5.69739], [-49.366, 5.69938], [-49.36967, 5.70138], [-49.37332, 5.70338], [-49.37699, 5.70538], [-49.38064, 5.70737], [-49.38431, 5.70937], [-49.38796, 5.71136], [-49.39163, 5.71336], [-49.39529, 5.71536], [-49.39895, 5.71735], [-49.40261, 5.71935], [-49.40627, 5.72135], [-49.40993, 5.72334], [-49.41359, 5.72533], [-49.41725, 5.72733], [-49.42091, 5.72933], [-49.42457, 5.73133], [-49.42823, 5.73332], [-49.43189, 5.73532], [-49.43555, 5.73731], [-49.43921, 5.73931], [-49.44287, 5.74131], [-49.46066, 5.75071], [-49.50055, 5.77171], [-49.74428, 5.90141], [-49.88915, 5.97676], [-49.94202, 6.00659], [-49.97998, 6.02801], [-50.00709, 6.0433], [-50.02742, 6.05478], [-50.0732, 6.0812], [-50.18816, 6.25483], [-50.5681, 6.8025], [-50.7627, 7.0697], [-50.8659, 7.2024], [-50.87575, 7.2147], [-50.88561, 7.22701], [-50.89545, 7.23931], [-50.90441, 7.25049], [-50.91337, 7.26168], [-50.92233, 7.27286], [-50.93129, 7.28404], [-50.93935, 7.2941], [-50.9474, 7.30417], [-50.95739, 7.31667], [-50.96739, 7.32919], [-51.2767, 7.7199], [-51.41667, 7.89125], [-51.42994, 7.90885], [-51.44238, 7.92534], [-51.45396, 7.9407], [-51.46442, 7.95456], [-51.47403, 7.96729], [-51.48307, 7.97928], [-51.49126, 7.99014], [-51.4989, 8.00025], [-51.50596, 8.00962], [-51.51217, 8.01785], [-51.51811, 8.02572], [-51.52348, 8.03283], [-51.52952, 8.04087], [-51.53559, 8.04896], [-51.54109, 8.05628], [-51.5905, 8.1235], [-51.59343, 8.12417], [-51.59636, 8.12483], [-51.59929, 8.1255], [-51.60223, 8.12618], [-51.60516, 8.12684], [-51.60809, 8.12751], [-51.61102, 8.12817], [-51.61395, 8.12884], [-51.7744, 8.1702], [-51.8732, 8.19297], [-51.8741, 8.19314], [-51.87499, 8.19331], [-51.8759, 8.19348], [-51.8768, 8.19365], [-51.8777, 8.19382], [-51.8786, 8.19399], [-51.8795, 8.19416], [-51.88039, 8.19433], [-51.8813, 8.1945], [-51.8822, 8.19467], [-51.8831, 8.19484], [-51.884, 8.195], [-51.88489, 8.19517], [-51.8858, 8.19534], [-51.8867, 8.19551], [-51.8876, 8.19568], [-51.8885, 8.19585], [-51.88939, 8.19602], [-51.89029, 8.19619], [-51.8912, 8.19636], [-51.8921, 8.19653], [-51.893, 8.1967], [-51.90068, 8.19832], [-51.90835, 8.19994], [-51.91603, 8.20156], [-51.9237, 8.20318], [-51.92882, 8.20426], [-51.93393, 8.20534], [-51.93905, 8.20643], [-51.94417, 8.2075], [-51.94929, 8.20858], [-51.95441, 8.20967], [-51.95953, 8.21075], [-51.96464, 8.21182], [-51.96976, 8.21291], [-51.97488, 8.21399], [-51.97999, 8.21507], [-51.98511, 8.21615], [-51.99023, 8.21723], [-51.99534, 8.21831], [-52.00046, 8.2194], [-52.00558, 8.22047], [-52.01069, 8.22155], [-52.01581, 8.22264], [-52.02094, 8.22371], [-52.02605, 8.22479], [-52.03117, 8.22588], [-52.03629, 8.22696], [-52.0414, 8.22803], [-52.04652, 8.22912], [-52.05164, 8.2302], [-52.0542, 8.23073], [-52.05675, 8.23128], [-52.05931, 8.23182], [-52.06187, 8.23235], [-52.06443, 8.2329], [-52.06699, 8.23344], [-52.06955, 8.23398], [-52.0721, 8.23452], [-52.07466, 8.23506], [-52.07722, 8.2356], [-52.07978, 8.23614], [-52.13232, 8.2472], [-52.1749, 8.2572], [-52.1635, 8.25531], [-52.15211, 8.25342], [-52.14071, 8.25154], [-52.12931, 8.24965], [-52.11792, 8.24777], [-52.10652, 8.24588], [-52.09512, 8.24399], [-52.08373, 8.2421], [-52.07233, 8.24022], [-52.06093, 8.23833], [-52.04954, 8.23644], [-52.03814, 8.23456], [-52.02674, 8.23267], [-52.01534, 8.23079], [-52.00395, 8.2289], [-51.99255, 8.22701], [-51.98115, 8.22512], [-51.96976, 8.22324], [-51.95836, 8.22135], [-51.94696, 8.21947], [-51.93557, 8.21758], [-51.92417, 8.21569], [-51.84487, 8.20262], [-51.84883, 8.2033], [-51.85278, 8.20398], [-52.27146, 8.30357], [-52.7697, 8.4267], [-52.9156, 8.5023], [-52.92166, 8.50431], [-52.92771, 8.50632], [-52.93376, 8.50833], [-52.93981, 8.51034], [-52.94587, 8.51236], [-52.9504, 8.51387], [-52.95495, 8.51537], [-52.95949, 8.51688], [-52.96402, 8.51839], [-52.96857, 8.5199], [-53.1223, 8.5727], [-53.18464, 8.59079], [-53.3155, 8.6248], [-53.8066, 8.7351], [-53.98926, 8.75945], [-54.04667, 8.76663], [-54.09613, 8.7728], [-54.14215, 8.77855], [-54.18587, 8.78401], [-54.22728, 8.78918], [-54.26638, 8.79407], [-54.34583, 8.804], [-54.46702, 8.81917], [-54.56263, 8.83115], [-54.64046, 8.84089], [-54.70272, 8.84868], [-54.75163, 8.85481], [-54.79054, 8.85967], [-54.94619, 8.87866], [-55.01779, 8.8885], [-55.08103, 8.8972], [-55.1371, 8.90491], [-55.18841, 8.91195], [-55.23495, 8.91835], [-55.27552, 8.92393], [-55.31131, 8.92885], [-55.6142, 8.9708]]]}}, {"type": "Feature", "properties": {"ssGmStId": 482, "ssGmStNm": "WI343418_1_2", "cmpnntGmId": 5.0, "ss2dUqLnId": "WI343418_1_2", "district": "LANDMARK", "project": "NEOGENO_FOZAMAZONAS", "subprj": "ALL_DATA", "owtype": "Seis2DLine", "Shape_Leng": 0.0, "OBJECTID": 266.0, "Interpret": "Nao iniciada"}, "geometry": {"type": "LineString", "coordinates": [[-44.09739, 10.0], [-44.13167, 9.855], [-44.27468, 9.49745], [-44.40716, 9.14335], [-44.57351, 8.58086], [-44.70157, 8.0254], [-44.8518, 7.4696], [-45.04644, 6.92276], [-45.18151, 6.55948], [-45.22364, 6.45217], [-45.26201, 6.35444], [-45.29629, 6.26709], [-45.43769, 5.90264], [-45.59847, 5.4882], [-45.7474, 5.10803], [-45.88511, 4.74294], [-45.9626, 4.46516], [-46.04523, 4.18707], [-46.15523, 3.82588], [-46.2584, 3.47379], [-46.35569, 3.10605], [-46.46333, 2.75333], [-46.46927, 2.73567], [-46.4751, 2.71836], [-46.48082, 2.70139], [-46.48641, 2.68478], [-46.49178, 2.66886], [-46.49702, 2.65327], [-46.50205, 2.63838], [-46.50694, 2.62384], [-46.51172, 2.60965], [-46.51638, 2.5958], [-46.52094, 2.58229], [-46.52537, 2.56913], [-46.52968, 2.55632], [-46.53387, 2.54386], [-46.53796, 2.53173], [-46.54192, 2.51996], [-46.54577, 2.50853], [-46.5495, 2.49746], [-46.55311, 2.48672], [-46.55662, 2.47633], [-46.56011, 2.46595], [-46.56349, 2.45591], [-46.56675, 2.44623], [-46.5699, 2.43688], [-46.67049, 2.14176], [-46.71324, 1.99698], [-46.77682, 1.71773], [-46.835, 1.51166]]}}, {"type": "Feature", "properties": {"ssGmStId": 483, "ssGmStNm": "WI343418_2_2", "cmpnntGmId": 5.0, "ss2dUqLnId": "WI343418_2_2", "district": "LANDMARK", "project": "NEOGENO_FOZAMAZONAS", "subprj": "ALL_DATA", "owtype": "Seis2DLine", "Shape_Leng": 0.0, "OBJECTID": 267.0, "Interpret": "Nao iniciada"}, "geometry": {"type": "LineString", "coordinates": [[-47.19667, 1.52833], [-47.19685, 1.53139], [-47.19703, 1.53447], [-47.1972, 1.53753], [-47.19738, 1.5406], [-47.19756, 1.54367], [-47.19774, 1.54674], [-47.1979, 1.5495], [-47.19805, 1.55227], [-47.19821, 1.55502], [-47.23335, 2.27041], [-47.25667, 2.65206], [-47.25833, 3.01881], [-47.20333, 3.37666], [-47.15978, 3.54906], [-47.06163, 3.89021], [-47.05234, 3.92322], [-47.04367, 3.9541], [-47.03559, 3.98286], [-47.02801, 4.00984], [-47.02093, 4.03504], [-47.01435, 4.05847], [-47.00816, 4.08048], [-47.00237, 4.10106], [-46.99699, 4.12023], [-46.992, 4.13797], [-46.98722, 4.15501], [-46.98282, 4.17062], [-46.97864, 4.18553], [-46.97475, 4.19938], [-46.97115, 4.21215], [-46.96777, 4.22422], [-46.96457, 4.23557], [-46.96158, 4.24622], [-46.91514, 4.40974], [-46.88447, 4.51954], [-46.8573, 4.61676], [-46.83344, 4.70215], [-46.72701, 5.08301], [-46.68961, 5.21487], [-46.65958, 5.32078], [-46.53761, 5.74587], [-46.5168, 5.81983], [-46.49722, 5.88943], [-46.47907, 5.95396], [-46.46194, 6.01484], [-46.44482, 6.07565], [-46.36782, 6.35147], [-46.25981, 6.73731], [-46.21299, 6.89938], [-46.1833, 6.99232], [-46.11738, 7.19427], [-46.09134, 7.27268], [-46.02797, 7.46759], [-45.9746, 7.62267], [-45.88154, 7.85532], [-45.82489, 8.01861], [-45.71961, 8.33472], [-45.53066, 8.97819], [-45.46753, 9.17892], [-45.42132, 9.32577], [-45.38691, 9.43507], [-45.36074, 9.51818], [-45.3407, 9.58182], [-45.32533, 9.6306], [-45.27128, 9.80463], [-45.2074, 10.0]]}}, {"type": "Feature", "properties": {"ssGmStId": 484, "ssGmStNm": "ar55-8194-stack", "cmpnntGmId": 5.0, "ss2dUqLnId": "ar55-8194-stack", "district": "LANDMARK", "project": "NEOGENO_FOZAMAZONAS", "subprj": "ALL_DATA", "owtype": "Seis2DLine", "Shape_Leng": 0.0, "OBJECTID": 268.0, "Interpret": "Nao iniciada"}, "geometry": {"type": "LineString", "coordinates": [[-44.19457, 5.89738], [-44.1851, 5.88839], [-44.17798, 5.88168], [-44.16206, 5.86603], [-44.09403, 5.79473], [-44.07539, 5.77737], [-44.03701, 5.74802], [-44.03066, 5.7395], [-44.02284, 5.7314], [-44.00116, 5.70726], [-43.97324, 5.68091], [-43.90721, 5.61381], [-43.86042, 5.56277], [-43.69958, 5.40606], [-43.64846, 5.35503], [-43.61853, 5.32353], [-43.597, 5.30245], [-43.53594, 5.24286], [-43.48629, 5.19143], [-43.43863, 5.14586], [-43.43224, 5.13869], [-43.41995, 5.12071], [-43.34704, 5.05513], [-43.33646, 5.04421], [-43.3117, 5.01815], [-43.25747, 4.96567], [-43.22381, 4.93022], [-43.15042, 4.8571], [-43.12212, 4.83132], [-43.09955, 4.80896], [-43.04128, 4.75009], [-43.01949, 4.72931], [-42.98687, 4.69691]]}}, {"type": "Feature", "properties": {"ssGmStId": 485, "ssGmStNm": "ar55-8195-stack", "cmpnntGmId": 5.0, "ss2dUqLnId": "ar55-8195-stack", "district": "LANDMARK", "project": "NEOGENO_FOZAMAZONAS", "subprj": "ALL_DATA", "owtype": "Seis2DLine", "Shape_Leng": 0.0, "OBJECTID": 269.0, "Interpret": "Nao iniciada"}, "geometry": {"type": "LineString", "coordinates": [[-42.9792, 4.69596], [-42.97463, 4.69773], [-42.97114, 4.70097], [-42.96911, 4.7074], [-42.97521, 4.72225], [-42.9776, 4.72502], [-42.98025, 4.72574], [-42.98245, 4.72486], [-43.00523, 4.70229], [-43.02069, 4.68701], [-43.04262, 4.66527], [-43.05397, 4.65381], [-43.06108, 4.64636], [-43.0763, 4.63215], [-43.09174, 4.61382], [-43.14728, 4.55739], [-43.16048, 4.54398], [-43.19086, 4.51277], [-43.21542, 4.48579], [-43.23667, 4.46584], [-43.27521, 4.42452], [-43.30614, 4.39295], [-43.32638, 4.37373], [-43.33519, 4.36442], [-43.34338, 4.35562], [-43.3527, 4.34609], [-43.3607, 4.3379], [-43.36935, 4.32908], [-43.37629, 4.32151], [-43.38452, 4.31266], [-43.38945, 4.30807], [-43.39419, 4.30358], [-43.39943, 4.29823], [-43.42355, 4.27262], [-43.44031, 4.25525], [-43.44908, 4.24611], [-43.45503, 4.24009], [-43.46024, 4.23517], [-43.46463, 4.23098], [-43.49203, 4.20321], [-43.52147, 4.17191], [-43.55825, 4.13422], [-43.5738, 4.11798], [-43.59722, 4.09349], [-43.63975, 4.04938], [-43.6756, 4.01451], [-43.70636, 3.98031], [-43.71708, 3.97014], [-43.72526, 3.96236], [-43.74327, 3.94491], [-43.77144, 3.91431], [-43.78239, 3.90351], [-43.80169, 3.88366], [-43.83988, 3.84364], [-43.86208, 3.8221], [-43.87742, 3.80326]]}}, {"type": "Feature", "properties": {"ssGmStId": 486, "ssGmStNm": "ar55-8196-stack", "cmpnntGmId": 5.0, "ss2dUqLnId": "ar55-8196-stack", "district": "LANDMARK", "project": "NEOGENO_FOZAMAZONAS", "subprj": "ALL_DATA", "owtype": "Seis2DLine", "Shape_Leng": 0.0, "OBJECTID": 270.0, "Interpret": "Nao iniciada"}, "geometry": {"type": "LineString", "coordinates": [[-44.1431, 4.06661], [-44.11694, 4.09915], [-44.09879, 4.11881], [-44.08003, 4.13841], [-44.01586, 4.20414], [-43.97248, 4.24608], [-43.93106, 4.29277], [-43.91311, 4.30977], [-43.8662, 4.35181], [-43.83418, 4.38923], [-43.78908, 4.43184], [-43.74685, 4.47542], [-43.71802, 4.5075], [-43.69878, 4.52607], [-43.694, 4.5368], [-43.69203, 4.55758], [-43.69305, 4.56443], [-43.70699, 4.59349], [-43.73209, 4.63872], [-43.74119, 4.65918], [-43.82147, 4.82009], [-43.83429, 4.84923], [-43.85916, 4.89653], [-43.86896, 4.91553], [-43.87325, 4.92391], [-43.87732, 4.93222], [-43.88309, 4.94517], [-43.90379, 4.98524], [-43.92447, 5.033], [-43.96819, 5.11783], [-43.97676, 5.12499], [-44.01092, 5.1474], [-44.05213, 5.1726], [-44.11255, 5.21499], [-44.15167, 5.24018], [-44.17129, 5.25353], [-44.18708, 5.26456], [-44.20009, 5.27387], [-44.21269, 5.28296], [-44.23155, 5.29581], [-44.25465, 5.31061], [-44.30371, 5.34425], [-44.35025, 5.37333], [-44.36704, 5.38548], [-44.38225, 5.396], [-44.40699, 5.41223], [-44.43316, 5.43027], [-44.44909, 5.44184], [-44.47053, 5.45677], [-44.53237, 5.49543], [-44.55998, 5.51499], [-44.58558, 5.53155]]}}, {"type": "Feature", "properties": {"ssGmStId": 487, "ssGmStNm": "ar55-8197-stack", "cmpnntGmId": 5.0, "ss2dUqLnId": "ar55-8197-stack", "district": "LANDMARK", "project": "NEOGENO_FOZAMAZONAS", "subprj": "ALL_DATA", "owtype": "Seis2DLine", "Shape_Leng": 0.0, "OBJECTID": 271.0, "Interpret": "Nao iniciada"}, "geometry": {"type": "LineString", "coordinates": [[-44.58072, 5.50802], [-44.57473, 5.51353], [-44.5494, 5.54946], [-44.53344, 5.56688], [-44.48474, 5.61488], [-44.47017, 5.62744], [-44.40297, 5.69644], [-44.3668, 5.73024], [-44.32848, 5.77074], [-44.27771, 5.81785], [-44.22927, 5.86529], [-44.18139, 5.91552]]}}, {"type": "Feature", "properties": {"ssGmStId": 488, "ssGmStNm": "ar55-8198-stack", "cmpnntGmId": 5.0, "ss2dUqLnId": "ar55-8198-stack", "district": "LANDMARK", "project": "NEOGENO_FOZAMAZONAS", "subprj": "ALL_DATA", "owtype": "Seis2DLine", "Shape_Leng": 0.0, "OBJECTID": 272.0, "Interpret": "Nao iniciada"}, "geometry": {"type": "LineString", "coordinates": [[-44.50646, 5.58052], [-44.52335, 5.57106], [-44.54942, 5.55334], [-44.57827, 5.52483], [-44.58934, 5.51098], [-44.60527, 5.49689], [-44.63753, 5.46783], [-44.65947, 5.44324], [-44.67799, 5.42785], [-44.69002, 5.41566], [-44.70276, 5.40305], [-44.71433, 5.39084], [-44.72761, 5.37739], [-44.74022, 5.36573], [-44.78043, 5.32441], [-44.79155, 5.31352], [-44.79939, 5.30629], [-44.81073, 5.29587], [-44.81871, 5.28829], [-44.83377, 5.27457], [-44.85153, 5.25614], [-44.85809, 5.25497], [-44.8688, 5.26063], [-44.90069, 5.28765], [-44.94424, 5.32824]]}}, {"type": "Feature", "properties": {"ssGmStId": 489, "ssGmStNm": "ar55-8199-stack", "cmpnntGmId": 5.0, "ss2dUqLnId": "ar55-8199-stack", "district": "LANDMARK", "project": "NEOGENO_FOZAMAZONAS", "subprj": "ALL_DATA", "owtype": "Seis2DLine", "Shape_Leng": 0.0, "OBJECTID": 273.0, "Interpret": "Nao iniciada"}, "geometry": {"type": "LineString", "coordinates": [[-44.94195, 5.34084], [-44.9194, 5.36308], [-44.89896, 5.38425], [-44.84994, 5.4323], [-44.80312, 5.48194], [-44.78753, 5.49682], [-44.73969, 5.54239], [-44.69765, 5.58764], [-44.65855, 5.62352], [-44.63792, 5.64442], [-44.57457, 5.70984], [-44.56607, 5.71816], [-44.55903, 5.7248], [-44.55352, 5.72992], [-44.55093, 5.73241], [-44.54919, 5.73411], [-44.54215, 5.74113], [-44.53808, 5.74541], [-44.5342, 5.74957], [-44.53228, 5.75168], [-44.5295, 5.75475], [-44.52594, 5.75875], [-44.52502, 5.7598], [-44.5241, 5.76085], [-44.51307, 5.77327], [-44.49778, 5.78676], [-44.46356, 5.81774], [-44.42075, 5.863], [-44.38203, 5.90148], [-44.36343, 5.92144], [-44.33423, 5.94746], [-44.30502, 5.97831], [-44.23411, 6.04898], [-44.21987, 6.06236], [-44.19304, 6.09052], [-44.13057, 6.1521], [-44.12399, 6.1536], [-44.118, 6.15034], [-44.06245, 6.09663], [-44.05347, 6.09091], [-44.05222, 6.08937], [-44.0492, 6.08423], [-44.04028, 6.07393], [-43.9961, 6.02927], [-43.97287, 6.00869], [-43.96038, 5.99391]]}}, {"type": "Feature", "properties": {"ssGmStId": 490, "ssGmStNm": "ar55-8200-stack", "cmpnntGmId": 5.0, "ss2dUqLnId": "ar55-8200-stack", "district": "LANDMARK", "project": "NEOGENO_FOZAMAZONAS", "subprj": "ALL_DATA", "owtype": "Seis2DLine", "Shape_Leng": 0.0, "OBJECTID": 274.0, "Interpret": "Nao iniciada"}, "geometry": {"type": "LineString", "coordinates": [[-43.96481, 5.9695], [-43.97147, 5.96378], [-43.97592, 5.95868], [-44.02207, 5.91364], [-44.04353, 5.88975], [-44.05276, 5.88118], [-44.057, 5.87729], [-44.06295, 5.87111], [-44.0853, 5.84975], [-44.12469, 5.81051], [-44.14893, 5.78941], [-44.1802, 5.75645], [-44.19628, 5.73919], [-44.21614, 5.7215], [-44.25168, 5.68846], [-44.27372, 5.6652], [-44.279, 5.66052], [-44.28339, 5.6574], [-44.28414, 5.65659], [-44.28549, 5.65508], [-44.30688, 5.63301], [-44.31871, 5.62262], [-44.32887, 5.61247], [-44.34856, 5.59428], [-44.35528, 5.58735], [-44.36606, 5.57613], [-44.37945, 5.56251], [-44.40315, 5.53795], [-44.41919, 5.52223], [-44.429, 5.51305], [-44.43655, 5.50633], [-44.44195, 5.50227], [-44.45329, 5.4897], [-44.46215, 5.48284], [-44.46747, 5.47674], [-44.52306, 5.42227], [-44.58207, 5.36255], [-44.63109, 5.31655], [-44.64581, 5.30049], [-44.6646, 5.28427], [-44.69787, 5.24918], [-44.73766, 5.21227], [-44.77605, 5.17389], [-44.77812, 5.16649], [-44.7725, 5.15694], [-44.70698, 5.09579], [-44.69168, 5.08261], [-44.6868, 5.08074]]}}, {"type": "Feature", "properties": {"ssGmStId": 491, "ssGmStNm": "ar55-8201-stack", "cmpnntGmId": 5.0, "ss2dUqLnId": "ar55-8201-stack", "district": "LANDMARK", "project": "NEOGENO_FOZAMAZONAS", "subprj": "ALL_DATA", "owtype": "Seis2DLine", "Shape_Leng": 0.0, "OBJECTID": 275.0, "Interpret": "Nao iniciada"}, "geometry": {"type": "LineString", "coordinates": [[-44.6498, 5.10695], [-44.60738, 5.14565], [-44.60157, 5.15151], [-44.59457, 5.1589], [-44.58041, 5.17294], [-44.56249, 5.19134], [-44.55565, 5.1984], [-44.54846, 5.20543], [-44.52646, 5.22694], [-44.52021, 5.23263], [-44.51342, 5.23865], [-44.50429, 5.24699], [-44.4931, 5.25739], [-44.43322, 5.31287], [-44.33799, 5.40674], [-44.32172, 5.42192], [-44.31201, 5.43081], [-44.30495, 5.43756], [-44.29975, 5.44233], [-44.28211, 5.45772], [-44.27951, 5.4603], [-44.27825, 5.46155], [-44.2519, 5.4889], [-44.23878, 5.50104], [-44.22848, 5.51067], [-44.21618, 5.52206], [-44.20521, 5.53234], [-44.18708, 5.55002], [-44.17712, 5.55973], [-44.16043, 5.57542], [-44.15194, 5.58322], [-44.08632, 5.64517], [-44.07757, 5.6535], [-44.00748, 5.71926], [-43.99943, 5.72747], [-43.94012, 5.78625], [-43.93108, 5.7946], [-43.91884, 5.80587], [-43.90859, 5.8154], [-43.90016, 5.82407], [-43.89441, 5.82978], [-43.88846, 5.8353], [-43.88039, 5.8426], [-43.874, 5.84831], [-43.86703, 5.85507], [-43.86123, 5.86087], [-43.83697, 5.88477], [-43.74839, 5.96804], [-43.71525, 5.99997], [-43.58584, 6.1246], [-43.5571, 6.15168], [-43.55122, 6.15354], [-43.54635, 6.15113], [-43.51912, 6.12446], [-43.50783, 6.11564], [-43.50409, 6.11119], [-43.47285, 6.07408], [-43.45226, 6.05162], [-43.4452, 6.04589]]}}, {"type": "Feature", "properties": {"ssGmStId": 492, "ssGmStNm": "ar55-8202-stack", "cmpnntGmId": 5.0, "ss2dUqLnId": "ar55-8202-stack", "district": "LANDMARK", "project": "NEOGENO_FOZAMAZONAS", "subprj": "ALL_DATA", "owtype": "Seis2DLine", "Shape_Leng": 0.0, "OBJECTID": 276.0, "Interpret": "Nao iniciada"}, "geometry": {"type": "LineString", "coordinates": [[-43.45028, 6.06548], [-43.46923, 6.04756], [-43.49637, 6.02245], [-43.58354, 5.94148], [-43.5948, 5.932], [-43.65554, 5.87668], [-43.68624, 5.84806], [-43.72117, 5.81499], [-43.78044, 5.75926], [-43.79042, 5.75053], [-43.79825, 5.74335], [-43.80381, 5.73826], [-43.80902, 5.73357], [-43.81433, 5.72892], [-43.82016, 5.72399], [-43.82434, 5.72066], [-43.82683, 5.71801], [-43.83536, 5.70933], [-43.84012, 5.70477], [-43.84451, 5.70071], [-43.84888, 5.69669], [-43.85349, 5.69261], [-43.85822, 5.68832], [-43.8647, 5.68238], [-43.87241, 5.67468], [-43.87959, 5.6674], [-43.90146, 5.64757], [-43.90697, 5.64256], [-43.9159, 5.63297], [-43.9294, 5.62123], [-43.94548, 5.60539], [-43.9685, 5.58476], [-43.97983, 5.57681], [-43.99109, 5.56439], [-44.01467, 5.54322], [-44.0484, 5.51087], [-44.06708, 5.49613], [-44.11213, 5.45132], [-44.15989, 5.40651], [-44.17797, 5.38921], [-44.21492, 5.35425], [-44.23578, 5.33558], [-44.24771, 5.32436], [-44.28478, 5.2915], [-44.29488, 5.28504]]}}, {"type": "Feature", "properties": {"ssGmStId": 493, "ssGmStNm": "ar55-8203-stack", "cmpnntGmId": 5.0, "ss2dUqLnId": "ar55-8203-stack", "district": "LANDMARK", "project": "NEOGENO_FOZAMAZONAS", "subprj": "ALL_DATA", "owtype": "Seis2DLine", "Shape_Leng": 0.0, "OBJECTID": 277.0, "Interpret": "Nao iniciada"}, "geometry": {"type": "LineString", "coordinates": [[-44.26772, 5.29268], [-44.26888, 5.29278], [-44.27122, 5.29303], [-44.27805, 5.29349], [-44.28289, 5.2923], [-44.30295, 5.27742], [-44.31204, 5.26835], [-44.35938, 5.22109], [-44.37462, 5.20712], [-44.40274, 5.18436], [-44.45716, 5.13177], [-44.48279, 5.1105], [-44.51865, 5.0751], [-44.59181, 5.00733], [-44.59556, 5.00086]]}}, {"type": "Feature", "properties": {"ssGmStId": 494, "ssGmStNm": "ar55-8204-stack", "cmpnntGmId": 5.0, "ss2dUqLnId": "ar55-8204-stack", "district": "LANDMARK", "project": "NEOGENO_FOZAMAZONAS", "subprj": "ALL_DATA", "owtype": "Seis2DLine", "Shape_Leng": 0.0, "OBJECTID": 278.0, "Interpret": "Nao iniciada"}, "geometry": {"type": "MultiLineString", "coordinates": [[[-44.57544, 4.97761], [-44.55424, 4.95986], [-44.54322, 4.94805], [-44.5153, 4.92224], [-44.50914, 4.9194], [-44.50331, 4.9219]], [[-44.50331, 4.9219], [-44.50323, 4.92194], [-44.50443, 4.92097], [-44.50331, 4.9219]], [[-44.50331, 4.9219], [-44.50276, 4.92236], [-44.45996, 4.96283], [-44.44343, 4.97715], [-44.44183, 4.97863], [-44.39804, 5.01779], [-44.37498, 5.04122], [-44.28688, 5.1237], [-44.22723, 5.17629], [-44.11567, 5.28205], [-44.09866, 5.29648], [-44.08295, 5.31264], [-43.99725, 5.38786], [-43.98734, 5.39716], [-43.97635, 5.40746], [-43.96713, 5.41608], [-43.95744, 5.42541], [-43.94672, 5.43605], [-43.93488, 5.44685], [-43.91931, 5.46048], [-43.77737, 5.59441], [-43.74771, 5.6204], [-43.7299, 5.63913], [-43.6803, 5.68447], [-43.61102, 5.74714], [-43.60466, 5.75327], [-43.59659, 5.76141], [-43.58911, 5.76824], [-43.58036, 5.77651], [-43.57106, 5.78519], [-43.56525, 5.79006], [-43.56042, 5.79434], [-43.55237, 5.80192], [-43.54578, 5.80794], [-43.53827, 5.81493], [-43.53272, 5.82042], [-43.52705, 5.82581], [-43.52135, 5.83083], [-43.51646, 5.83532], [-43.51181, 5.8397], [-43.50725, 5.84382], [-43.50318, 5.84751], [-43.49932, 5.85108], [-43.49497, 5.85527], [-43.49058, 5.8595], [-43.48, 5.86892], [-43.44383, 5.90298], [-43.42591, 5.91833], [-43.39065, 5.95044], [-43.38428, 5.95295], [-43.37692, 5.9499], [-43.36185, 5.93555], [-43.35862, 5.9315], [-43.33706, 5.9064], [-43.32436, 5.89272], [-43.31561, 5.88391], [-43.30515, 5.87315]]]}}, {"type": "Feature", "properties": {"ssGmStId": 495, "ssGmStNm": "ar55-8205-stack", "cmpnntGmId": 5.0, "ss2dUqLnId": "ar55-8205-stack", "district": "LANDMARK", "project": "NEOGENO_FOZAMAZONAS", "subprj": "ALL_DATA", "owtype": "Seis2DLine", "Shape_Leng": 0.0, "OBJECTID": 279.0, "Interpret": "Nao iniciada"}, "geometry": {"type": "LineString", "coordinates": [[-43.30959, 5.85955], [-43.32105, 5.84994], [-43.36561, 5.80564], [-43.37956, 5.79334], [-43.4289, 5.74727], [-43.44581, 5.73352], [-43.46573, 5.71347], [-43.4774, 5.70307], [-43.50232, 5.68011], [-43.56799, 5.61919], [-43.59556, 5.59603], [-43.68686, 5.51162], [-43.69807, 5.50167], [-43.71477, 5.48839], [-43.73903, 5.46394], [-43.75316, 5.45105], [-43.78205, 5.4237], [-43.80553, 5.40361], [-43.85206, 5.3601], [-43.86931, 5.34272], [-43.88064, 5.33341], [-43.94098, 5.27912], [-43.96, 5.2614], [-43.98424, 5.23808], [-44.06237, 5.16507], [-44.10347, 5.13056], [-44.17574, 5.06322], [-44.19196, 5.05009], [-44.20492, 5.03767], [-44.21359, 5.02839], [-44.24095, 5.00104], [-44.26652, 4.97794], [-44.29253, 4.95605], [-44.32672, 4.9228], [-44.37989, 4.87567], [-44.4179, 4.83919], [-44.41997, 4.83301], [-44.41649, 4.82622], [-44.3922, 4.80382], [-44.39113, 4.80279], [-44.38963, 4.80133], [-44.38914, 4.80083], [-44.38879, 4.80049], [-44.38711, 4.7988], [-44.38585, 4.79755], [-44.38295, 4.79469], [-44.38181, 4.79356], [-44.37877, 4.79064], [-44.34025, 4.75679], [-44.33237, 4.75414], [-44.32316, 4.7577]]}}, {"type": "Feature", "properties": {"ssGmStId": 496, "ssGmStNm": "ar55-8206-stack", "cmpnntGmId": 5.0, "ss2dUqLnId": "ar55-8206-stack", "district": "LANDMARK", "project": "NEOGENO_FOZAMAZONAS", "subprj": "ALL_DATA", "owtype": "Seis2DLine", "Shape_Leng": 0.0, "OBJECTID": 280.0, "Interpret": "Nao iniciada"}, "geometry": {"type": "LineString", "coordinates": [[-44.31899, 4.76022], [-44.30274, 4.77133], [-44.2394, 4.80994], [-44.18796, 4.84531], [-44.15075, 4.86807], [-44.12091, 4.88918], [-44.086, 4.9099], [-44.0627, 4.92671], [-44.02653, 4.94957], [-44.00749, 4.96502], [-43.98069, 4.97873], [-43.94542, 5.00233], [-43.92219, 5.01958], [-43.89229, 5.0362], [-43.87896, 5.04522], [-43.86667, 5.05419], [-43.84607, 5.06827], [-43.80272, 5.09437], [-43.73076, 5.14216], [-43.69713, 5.16645], [-43.60172, 5.22533], [-43.54968, 5.26274], [-43.54783, 5.26393], [-43.54593, 5.2651], [-43.544, 5.26628], [-43.52736, 5.27656], [-43.49618, 5.29523], [-43.42379, 5.34246], [-43.34508, 5.39537], [-43.30275, 5.42161], [-43.18521, 5.49617], [-43.14976, 5.51526], [-43.09926, 5.54833], [-43.09006, 5.54809], [-43.08447, 5.54229], [-43.08097, 5.53489], [-43.07817, 5.52851], [-43.07492, 5.52134], [-43.07026, 5.51092], [-43.06367, 5.4962], [-43.00797, 5.37368], [-43.00208, 5.36365], [-42.98333, 5.31327], [-42.96237, 5.26599], [-42.96303, 5.26057], [-42.97195, 5.25174]]}}, {"type": "Feature", "properties": {"ssGmStId": 497, "ssGmStNm": "ar55-8208-stack", "cmpnntGmId": 5.0, "ss2dUqLnId": "ar55-8208-stack", "district": "LANDMARK", "project": "NEOGENO_FOZAMAZONAS", "subprj": "ALL_DATA", "owtype": "Seis2DLine", "Shape_Leng": 0.0, "OBJECTID": 281.0, "Interpret": "Nao iniciada"}, "geometry": {"type": "LineString", "coordinates": [[-44.25633, 4.56002], [-44.19178, 4.55562], [-44.09655, 4.55353], [-43.95998, 4.55042], [-43.85167, 4.54719], [-43.77591, 4.54554], [-43.68878, 4.54193], [-43.6828, 4.54057], [-43.67738, 4.5364], [-43.6114, 4.4644], [-43.55583, 4.40765], [-43.53753, 4.38725], [-43.53248, 4.38174], [-43.52767, 4.37687], [-43.51658, 4.36539], [-43.50283, 4.35014], [-43.49349, 4.33971], [-43.48009, 4.32553], [-43.46691, 4.31262], [-43.40175, 4.24279]]}}, {"type": "Feature", "properties": {"ssGmStId": 498, "ssGmStNm": "ar55-8209-stack", "cmpnntGmId": 5.0, "ss2dUqLnId": "ar55-8209-stack", "district": "LANDMARK", "project": "NEOGENO_FOZAMAZONAS", "subprj": "ALL_DATA", "owtype": "Seis2DLine", "Shape_Leng": 0.0, "OBJECTID": 282.0, "Interpret": "Nao iniciada"}, "geometry": {"type": "LineString", "coordinates": [[-43.40389, 4.24515], [-43.39979, 4.24062], [-43.39605, 4.23647], [-43.39169, 4.23155], [-43.38761, 4.22703], [-43.38333, 4.22238], [-43.3792, 4.21793], [-43.37496, 4.21327], [-43.37081, 4.20885], [-43.36675, 4.20472], [-43.3629, 4.20071], [-43.35889, 4.19655], [-43.3547, 4.19221], [-43.35053, 4.18787], [-43.34602, 4.18318], [-43.34132, 4.17833], [-43.33682, 4.17365], [-43.33231, 4.16899], [-43.32832, 4.16488], [-43.3247, 4.16105], [-43.32088, 4.15707], [-43.31675, 4.15274], [-43.31303, 4.14871], [-43.30932, 4.1447], [-43.30524, 4.14035], [-43.3012, 4.13601], [-43.29696, 4.13153], [-43.29247, 4.12695], [-43.28781, 4.12225], [-43.28338, 4.11764], [-43.27909, 4.11292], [-43.27455, 4.10783], [-43.26996, 4.10276], [-43.26505, 4.09736], [-43.25957, 4.09124], [-43.25441, 4.08548], [-43.24952, 4.08007], [-43.24496, 4.07536], [-43.24039, 4.0707], [-43.23566, 4.06587], [-43.23093, 4.06107], [-43.22472, 4.05478], [-43.21738, 4.04736], [-43.20966, 4.03934], [-43.2017, 4.03091], [-43.19121, 4.0198], [-43.18278, 4.0106], [-43.17379, 4.00101], [-43.16537, 3.99218], [-43.15475, 3.98044], [-43.14692, 3.97134], [-43.13669, 3.96094], [-43.12603, 3.95037], [-43.04138, 3.85938], [-43.02401, 3.84136], [-43.00671, 3.82318], [-42.99425, 3.80985], [-42.98456, 3.79917], [-42.97623, 3.79033], [-42.86545, 3.67196], [-42.82747, 3.63306], [-42.74708, 3.54589], [-42.71491, 3.51242], [-42.63606, 3.42967], [-42.57361, 3.36173], [-42.4936, 3.27851], [-42.47735, 3.25879]]}}, {"type": "Feature", "properties": {"ssGmStId": 499, "ssGmStNm": "ar55-8210-stack", "cmpnntGmId": 5.0, "ss2dUqLnId": "ar55-8210-stack", "district": "LANDMARK", "project": "NEOGENO_FOZAMAZONAS", "subprj": "ALL_DATA", "owtype": "Seis2DLine", "Shape_Leng": 0.0, "OBJECTID": 283.0, "Interpret": "Nao iniciada"}, "geometry": {"type": "LineString", "coordinates": [[-42.48349, 3.26831], [-42.47394, 3.27826], [-42.45496, 3.30422], [-42.43729, 3.32192], [-42.4289, 3.33006], [-42.34822, 3.41325], [-42.33873, 3.42402], [-42.32917, 3.435], [-42.32074, 3.44464], [-42.31408, 3.45222], [-42.30857, 3.45856], [-42.30337, 3.4646], [-42.29905, 3.46961], [-42.29501, 3.4743], [-42.27673, 3.49549], [-42.27195, 3.4986], [-42.26776, 3.49845], [-42.25657, 3.48756], [-42.25359, 3.48619], [-42.24965, 3.48677], [-42.24513, 3.49039], [-42.24205, 3.49411], [-42.2063, 3.53551], [-42.18282, 3.56421], [-42.13632, 3.6204], [-42.04317, 3.73417], [-41.96923, 3.82214], [-41.94128, 3.85623], [-41.79951, 4.02579], [-41.71899, 4.12351], [-41.64074, 4.21638]]}}, {"type": "Feature", "properties": {"ssGmStId": 500, "ssGmStNm": "ar55-8211-stack", "cmpnntGmId": 5.0, "ss2dUqLnId": "ar55-8211-stack", "district": "LANDMARK", "project": "NEOGENO_FOZAMAZONAS", "subprj": "ALL_DATA", "owtype": "Seis2DLine", "Shape_Leng": 0.0, "OBJECTID": 284.0, "Interpret": "Nao iniciada"}, "geometry": {"type": "LineString", "coordinates": [[-41.61826, 4.20152], [-41.63025, 4.20231], [-41.68337, 4.20588], [-41.72077, 4.2078], [-41.75131, 4.21015], [-41.8077, 4.21394], [-41.84197, 4.21709], [-42.02698, 4.22907], [-42.26162, 4.24483], [-42.32894, 4.25092]]}}, {"type": "Feature", "properties": {"ssGmStId": 501, "ssGmStNm": "ar55-8212-stack", "cmpnntGmId": 5.0, "ss2dUqLnId": "ar55-8212-stack", "district": "LANDMARK", "project": "NEOGENO_FOZAMAZONAS", "subprj": "ALL_DATA", "owtype": "Seis2DLine", "Shape_Leng": 0.0, "OBJECTID": 285.0, "Interpret": "Nao iniciada"}, "geometry": {"type": "LineString", "coordinates": [[-42.34294, 4.26208], [-42.39342, 4.32339], [-42.41423, 4.34826], [-42.44656, 4.38673], [-42.56735, 4.53333], [-42.76793, 4.77321], [-42.79278, 4.80427], [-42.859, 4.88469], [-42.89793, 4.92913], [-42.91702, 4.95295], [-42.95607, 5.00025], [-43.06188, 5.12738], [-43.08899, 5.15857], [-43.11442, 5.18717], [-43.12505, 5.19907], [-43.1302, 5.20486], [-43.14251, 5.21835], [-43.15871, 5.23522], [-43.16113, 5.23774], [-43.16295, 5.23963], [-43.18406, 5.26102], [-43.21347, 5.289], [-43.25346, 5.35407], [-43.28223, 5.40447], [-43.29259, 5.41904], [-43.34895, 5.4902], [-43.38016, 5.53094], [-43.41109, 5.56972], [-43.43195, 5.59645], [-43.44555, 5.61386], [-43.51858, 5.70826], [-43.59736, 5.80755], [-43.63247, 5.85044], [-43.67419, 5.90175], [-43.75214, 5.98876], [-43.75628, 5.99351], [-43.75961, 5.99741], [-43.76245, 6.00084], [-43.76817, 6.00856]]}}, {"type": "Feature", "properties": {"ssGmStId": 502, "ssGmStNm": "ar55-8213-stack", "cmpnntGmId": 5.0, "ss2dUqLnId": "ar55-8213-stack", "district": "LANDMARK", "project": "NEOGENO_FOZAMAZONAS", "subprj": "ALL_DATA", "owtype": "Seis2DLine", "Shape_Leng": 0.0, "OBJECTID": 286.0, "Interpret": "Nao iniciada"}, "geometry": {"type": "LineString", "coordinates": [[-43.77748, 6.03837], [-43.89257, 5.93196], [-43.96272, 5.86656], [-44.02737, 5.80799], [-44.05034, 5.78712], [-44.05095, 5.78654], [-44.0522, 5.78537], [-44.08751, 5.75262], [-44.08842, 5.75181], [-44.08934, 5.751], [-44.10258, 5.73921], [-44.11254, 5.73052], [-44.12294, 5.72012], [-44.13804, 5.70631], [-44.15194, 5.69372], [-44.16773, 5.67917], [-44.2024, 5.64815], [-44.20567, 5.64287], [-44.20352, 5.63753]]}}, {"type": "Feature", "properties": {"ssGmStId": 503, "ssGmStNm": "ar55-8214-stack", "cmpnntGmId": 5.0, "ss2dUqLnId": "ar55-8214-stack", "district": "LANDMARK", "project": "NEOGENO_FOZAMAZONAS", "subprj": "ALL_DATA", "owtype": "Seis2DLine", "Shape_Leng": 0.0, "OBJECTID": 287.0, "Interpret": "Nao iniciada"}, "geometry": {"type": "LineString", "coordinates": [[-44.20027, 5.63429], [-44.19673, 5.62997], [-44.19021, 5.62255], [-44.18472, 5.61715], [-44.179, 5.61121], [-44.17405, 5.60635], [-44.16924, 5.60135], [-44.16485, 5.59666], [-44.15878, 5.59015], [-44.15238, 5.58313], [-44.14733, 5.57738], [-44.14072, 5.57048], [-44.13511, 5.56445], [-44.12776, 5.55661], [-44.12109, 5.54959], [-44.11254, 5.54041], [-44.10329, 5.53065], [-44.09194, 5.51887], [-44.06056, 5.48598], [-44.00578, 5.42995], [-43.98117, 5.4029]]}}, {"type": "Feature", "properties": {"ssGmStId": 504, "ssGmStNm": "ar55-8215-stack", "cmpnntGmId": 5.0, "ss2dUqLnId": "ar55-8215-stack", "district": "LANDMARK", "project": "NEOGENO_FOZAMAZONAS", "subprj": "ALL_DATA", "owtype": "Seis2DLine", "Shape_Leng": 0.0, "OBJECTID": 288.0, "Interpret": "Nao iniciada"}, "geometry": {"type": "LineString", "coordinates": [[-44.01645, 5.44162], [-44.00942, 5.43209], [-44.00153, 5.42409], [-43.994, 5.41622], [-43.9878, 5.40947], [-43.98319, 5.40444], [-43.97443, 5.39529], [-43.86593, 5.2899], [-43.81726, 5.23973], [-43.77602, 5.20026], [-43.76101, 5.18489], [-43.74862, 5.17271], [-43.7372, 5.16127], [-43.72474, 5.14895], [-43.71131, 5.13572], [-43.69588, 5.12018], [-43.67656, 5.10127], [-43.59638, 5.01994], [-43.57917, 5.00282], [-43.53828, 4.96298], [-43.49858, 4.92316], [-43.42982, 4.85554], [-43.41357, 4.83772], [-43.41321, 4.83215], [-43.4156, 4.82677]]}}, {"type": "Feature", "properties": {"ssGmStId": 505, "ssGmStNm": "ar55-8216-stack", "cmpnntGmId": 5.0, "ss2dUqLnId": "ar55-8216-stack", "district": "LANDMARK", "project": "NEOGENO_FOZAMAZONAS", "subprj": "ALL_DATA", "owtype": "Seis2DLine", "Shape_Leng": 0.0, "OBJECTID": 289.0, "Interpret": "Nao iniciada"}, "geometry": {"type": "LineString", "coordinates": [[-43.41898, 4.82259], [-43.42466, 4.81657], [-43.43158, 4.80924], [-43.43711, 4.80345], [-43.44247, 4.79786], [-43.44962, 4.79057], [-43.45618, 4.78368], [-43.46967, 4.76891], [-43.48959, 4.74863], [-43.50273, 4.73457], [-43.51061, 4.72645], [-43.52267, 4.71416], [-43.56972, 4.66388], [-43.58513, 4.64773], [-43.59016, 4.64256], [-43.62107, 4.60976], [-43.6711, 4.55878], [-43.70155, 4.52713]]}}, {"type": "Feature", "properties": {"ssGmStId": 506, "ssGmStNm": "ar55-8217-stack", "cmpnntGmId": 5.0, "ss2dUqLnId": "ar55-8217-stack", "district": "LANDMARK", "project": "NEOGENO_FOZAMAZONAS", "subprj": "ALL_DATA", "owtype": "Seis2DLine", "Shape_Leng": 0.0, "OBJECTID": 290.0, "Interpret": "Nao iniciada"}, "geometry": {"type": "LineString", "coordinates": [[-43.75806, 4.56266], [-43.76334, 4.56314], [-43.78765, 4.54895], [-43.83788, 4.52451], [-44.04112, 4.43044], [-44.04571, 4.42503], [-44.04498, 4.41758], [-44.04275, 4.41437], [-44.02832, 4.39878], [-44.00887, 4.37929], [-43.94964, 4.31608], [-43.91451, 4.28128], [-43.90131, 4.26714], [-43.78682, 4.14688], [-43.77583, 4.13618], [-43.75842, 4.11819], [-43.74601, 4.10473], [-43.73909, 4.09764], [-43.73063, 4.08912], [-43.72154, 4.07971], [-43.71364, 4.07149], [-43.70352, 4.06099], [-43.69093, 4.04781], [-43.6798, 4.0363], [-43.66015, 4.01588], [-43.63041, 3.9845], [-43.61993, 3.97332], [-43.61055, 3.96341], [-43.59816, 3.95108], [-43.57178, 3.92433], [-43.53643, 3.8868], [-43.51845, 3.86794], [-43.43857, 3.7834], [-43.4338, 3.77964], [-43.42713, 3.7793], [-43.41512, 3.78873], [-43.31014, 3.89087], [-43.30474, 3.8983], [-43.30448, 3.9066], [-43.31151, 3.91511], [-43.33408, 3.93433], [-43.34346, 3.94389], [-43.36082, 3.96151], [-43.37691, 3.97766], [-43.4224, 4.0227], [-43.49358, 4.09337], [-43.5617, 4.16172]]}}, {"type": "Feature", "properties": {"ssGmStId": 507, "ssGmStNm": "ar55-8218-stack", "cmpnntGmId": 5.0, "ss2dUqLnId": "ar55-8218-stack", "district": "LANDMARK", "project": "NEOGENO_FOZAMAZONAS", "subprj": "ALL_DATA", "owtype": "Seis2DLine", "Shape_Leng": 0.0, "OBJECTID": 291.0, "Interpret": "Nao iniciada"}, "geometry": {"type": "LineString", "coordinates": [[-43.15084, 3.4646], [-43.14539, 3.47138], [-43.06418, 3.55834], [-42.98981, 3.63457], [-42.77925, 3.85607], [-42.77705, 3.85841], [-42.74892, 3.88815], [-42.74776, 3.88938], [-42.69149, 3.94836], [-42.47621, 4.17291], [-42.47063, 4.18274], [-42.47083, 4.18972], [-42.47284, 4.19504]]}}, {"type": "Feature", "properties": {"ssGmStId": 508, "ssGmStNm": "ar55-8219-stack", "cmpnntGmId": 5.0, "ss2dUqLnId": "ar55-8219-stack", "district": "LANDMARK", "project": "NEOGENO_FOZAMAZONAS", "subprj": "ALL_DATA", "owtype": "Seis2DLine", "Shape_Leng": 0.0, "OBJECTID": 292.0, "Interpret": "Nao iniciada"}, "geometry": {"type": "LineString", "coordinates": [[-42.47615, 4.19906], [-42.47828, 4.20087], [-42.48002, 4.20217], [-42.4957, 4.21365], [-42.50856, 4.22515], [-42.53706, 4.2537], [-42.58411, 4.29938], [-42.68242, 4.3969], [-42.70612, 4.41847], [-42.76565, 4.47714], [-42.80237, 4.51493], [-42.82581, 4.53588], [-42.8685, 4.57769], [-42.98966, 4.69953], [-42.99856, 4.70661]]}}, {"type": "Feature", "properties": {"ssGmStId": 509, "ssGmStNm": "ar55-8220-stack", "cmpnntGmId": 5.0, "ss2dUqLnId": "ar55-8220-stack", "district": "LANDMARK", "project": "NEOGENO_FOZAMAZONAS", "subprj": "ALL_DATA", "owtype": "Seis2DLine", "Shape_Leng": 0.0, "OBJECTID": 293.0, "Interpret": "Nao iniciada"}, "geometry": {"type": "LineString", "coordinates": [[-43.00433, 4.70725], [-43.01604, 4.7051], [-43.02411, 4.70288], [-43.03099, 4.70089], [-43.0432, 4.69782], [-43.0542, 4.69508], [-43.06649, 4.69177], [-43.07853, 4.68856], [-43.09172, 4.68565], [-43.10205, 4.68336], [-43.11614, 4.67966], [-43.1284, 4.67653], [-43.14144, 4.67351], [-43.15771, 4.66928], [-43.22667, 4.65272], [-43.30887, 4.63228], [-43.31614, 4.62499], [-43.32834, 4.6128], [-43.34005, 4.60056], [-43.40145, 4.53763], [-43.40869, 4.52967], [-43.41489, 4.52313], [-43.42039, 4.51722], [-43.42771, 4.51026], [-43.43389, 4.50407], [-43.44023, 4.49758], [-43.44763, 4.49021], [-43.45343, 4.4841], [-43.45851, 4.4786], [-43.46337, 4.4734], [-43.46985, 4.46694], [-43.4753, 4.46176], [-43.48007, 4.4569], [-43.48575, 4.451], [-43.49232, 4.44409], [-43.49885, 4.43707], [-43.51106, 4.42473], [-43.53152, 4.40357], [-43.55642, 4.3788], [-43.57706, 4.35664], [-43.6026, 4.33028], [-43.6239, 4.30854], [-43.67416, 4.25648], [-43.68563, 4.24453], [-43.69852, 4.23124], [-43.70927, 4.2206], [-43.71875, 4.21104], [-43.72733, 4.20206], [-43.73501, 4.19406], [-43.7445, 4.18425], [-43.75361, 4.17505], [-43.76357, 4.16493], [-43.77614, 4.15203], [-43.80611, 4.1223], [-43.90826, 4.01635]]}}, {"type": "Feature", "properties": {"ssGmStId": 510, "ssGmStNm": "ar55-8221-stack", "cmpnntGmId": 5.0, "ss2dUqLnId": "ar55-8221-stack", "district": "LANDMARK", "project": "NEOGENO_FOZAMAZONAS", "subprj": "ALL_DATA", "owtype": "Seis2DLine", "Shape_Leng": 0.0, "OBJECTID": 294.0, "Interpret": "Nao iniciada"}, "geometry": {"type": "LineString", "coordinates": [[-43.95954, 4.50722], [-43.97363, 4.51492], [-44.0288, 4.54014], [-44.07587, 4.55976], [-44.12593, 4.58279]]}}, {"type": "Feature", "properties": {"ssGmStId": 511, "ssGmStNm": "ar55-8222-stack", "cmpnntGmId": 5.0, "ss2dUqLnId": "ar55-8222-stack", "district": "LANDMARK", "project": "NEOGENO_FOZAMAZONAS", "subprj": "ALL_DATA", "owtype": "Seis2DLine", "Shape_Leng": 0.0, "OBJECTID": 295.0, "Interpret": "Nao iniciada"}, "geometry": {"type": "LineString", "coordinates": [[-43.46038, 4.81736], [-43.43202, 4.84681], [-43.42425, 4.84869], [-43.41682, 4.84428], [-43.40402, 4.83018], [-43.34838, 4.77307], [-43.34186, 4.76675], [-43.33665, 4.76176], [-43.33057, 4.75601], [-43.32417, 4.74981], [-43.31672, 4.74215], [-43.3099, 4.73517], [-43.30332, 4.72862], [-43.29607, 4.72114], [-43.28593, 4.71097], [-43.27678, 4.70179], [-43.26979, 4.69508], [-43.26383, 4.6893], [-43.25636, 4.68213], [-43.2476, 4.67328], [-43.23824, 4.6635], [-43.22491, 4.65014], [-43.21436, 4.63958], [-43.2052, 4.63055], [-43.19763, 4.62325], [-43.18945, 4.61492], [-43.17531, 4.60011], [-43.16611, 4.59037], [-43.16047, 4.58468], [-43.15363, 4.57799], [-43.14432, 4.569], [-43.1386, 4.56345], [-43.12966, 4.55475], [-43.11813, 4.54357], [-43.11004, 4.53566], [-43.09976, 4.5255], [-43.09129, 4.51676], [-43.08029, 4.50545], [-43.07339, 4.49835], [-43.06676, 4.49161], [-43.05984, 4.48458], [-43.05192, 4.47637], [-43.04486, 4.46918], [-43.03846, 4.46293], [-43.03127, 4.45594], [-43.02466, 4.44933], [-43.0181, 4.44269], [-43.01141, 4.43589], [-43.00595, 4.4301], [-43.00142, 4.42528], [-42.99681, 4.42083], [-42.99212, 4.41653], [-42.98728, 4.41209], [-42.98238, 4.40732], [-42.97706, 4.40211], [-42.97253, 4.39766], [-42.96727, 4.39279], [-42.95043, 4.37514], [-42.87496, 4.29988], [-42.85733, 4.28282], [-42.84994, 4.27525], [-42.83969, 4.26513], [-42.83131, 4.25629], [-42.82457, 4.24919], [-42.81451, 4.23911], [-42.79872, 4.22407], [-42.78643, 4.2114], [-42.76531, 4.18998], [-42.75388, 4.17847], [-42.74807, 4.17232], [-42.68175, 4.10644]]}}, {"type": "Feature", "properties": {"ssGmStId": 512, "ssGmStNm": "ar55-8223-stack", "cmpnntGmId": 5.0, "ss2dUqLnId": "ar55-8223-stack", "district": "LANDMARK", "project": "NEOGENO_FOZAMAZONAS", "subprj": "ALL_DATA", "owtype": "Seis2DLine", "Shape_Leng": 0.0, "OBJECTID": 296.0, "Interpret": "Nao iniciada"}, "geometry": {"type": "LineString", "coordinates": [[-42.68404, 4.09414], [-42.6905, 4.08701], [-42.69587, 4.08149], [-42.70155, 4.07542], [-42.75047, 4.02166], [-42.76349, 4.0084], [-42.77715, 3.994], [-42.79236, 3.97794], [-42.80273, 3.96761], [-42.81144, 3.95795], [-42.81819, 3.95057], [-42.8281, 3.94032], [-42.85916, 3.9086], [-42.88725, 3.87934], [-42.92436, 3.84107], [-42.93425, 3.82997], [-42.94799, 3.81537], [-43.03556, 3.72425], [-43.03926, 3.72052]]}}, {"type": "Feature", "properties": {"ssGmStId": 513, "ssGmStNm": "ar55-8224-stack", "cmpnntGmId": 5.0, "ss2dUqLnId": "ar55-8224-stack", "district": "LANDMARK", "project": "NEOGENO_FOZAMAZONAS", "subprj": "ALL_DATA", "owtype": "Seis2DLine", "Shape_Leng": 0.0, "OBJECTID": 297.0, "Interpret": "Nao iniciada"}, "geometry": {"type": "LineString", "coordinates": [[-43.02295, 3.70338], [-43.02365, 3.70426], [-43.02614, 3.70729], [-43.13335, 3.83398], [-43.19779, 3.9122], [-43.25294, 3.97856], [-43.25994, 3.98665], [-43.2682, 3.99617], [-43.28402, 4.01455], [-43.31723, 4.05413], [-43.31877, 4.05601], [-43.50606, 4.27812], [-43.55426, 4.3369], [-43.56802, 4.35148], [-43.57236, 4.35319], [-43.57615, 4.35256], [-43.58767, 4.34423], [-43.59313, 4.33852], [-43.60139, 4.33046], [-43.61142, 4.32108], [-43.6206, 4.31149], [-43.6288, 4.30317], [-43.74212, 4.18793], [-43.74883, 4.18623], [-43.75443, 4.19002], [-43.75696, 4.19729], [-43.7577, 4.2203], [-43.76202, 4.25797], [-43.77399, 4.40002], [-43.78241, 4.52094], [-43.7917, 4.62865], [-43.80506, 4.79991]]}}, {"type": "Feature", "properties": {"ssGmStId": 514, "ssGmStNm": "ar55-8225-stack", "cmpnntGmId": 5.0, "ss2dUqLnId": "ar55-8225-stack", "district": "LANDMARK", "project": "NEOGENO_FOZAMAZONAS", "subprj": "ALL_DATA", "owtype": "Seis2DLine", "Shape_Leng": 0.0, "OBJECTID": 298.0, "Interpret": "Nao iniciada"}, "geometry": {"type": "LineString", "coordinates": [[-43.73589, 5.03846], [-43.73716, 5.04813], [-43.74448, 5.0582], [-43.75245, 5.06472], [-43.76179, 5.0722], [-43.77124, 5.0795], [-43.78052, 5.08682], [-43.79029, 5.0947], [-43.81031, 5.10932], [-43.87434, 5.15864], [-43.91553, 5.19381], [-43.91896, 5.19986], [-43.9182, 5.20583], [-43.91342, 5.21137], [-43.90172, 5.2189], [-43.8476, 5.25503], [-43.8302, 5.2682], [-43.8107, 5.283], [-43.7872, 5.30015], [-43.76288, 5.31829], [-43.66536, 5.38923], [-43.66086, 5.39346], [-43.65848, 5.39837], [-43.65938, 5.40663], [-43.66587, 5.41548], [-43.70866, 5.45811], [-43.76278, 5.51315], [-43.77605, 5.52616], [-43.78512, 5.53477], [-43.79429, 5.54376], [-43.8219, 5.57241]]}}, {"type": "Feature", "properties": {"ssGmStId": 515, "ssGmStNm": "ar55-8226-stack", "cmpnntGmId": 5.0, "ss2dUqLnId": "ar55-8226-stack", "district": "LANDMARK", "project": "NEOGENO_FOZAMAZONAS", "subprj": "ALL_DATA", "owtype": "Seis2DLine", "Shape_Leng": 0.0, "OBJECTID": 299.0, "Interpret": "Nao iniciada"}, "geometry": {"type": "LineString", "coordinates": [[-43.84991, 5.59937], [-43.8554, 5.60294], [-43.86207, 5.60424], [-43.97897, 5.59669], [-43.99024, 5.59756], [-43.99672, 5.60007], [-44.00684, 5.60874], [-44.02302, 5.62655], [-44.03937, 5.64438], [-44.053, 5.65898], [-44.06749, 5.67492], [-44.09312, 5.70287], [-44.10946, 5.72038], [-44.15657, 5.77258]]}}, {"type": "Feature", "properties": {"ssGmStId": 516, "ssGmStNm": "ar55-8227-stack", "cmpnntGmId": 5.0, "ss2dUqLnId": "ar55-8227-stack", "district": "LANDMARK", "project": "NEOGENO_FOZAMAZONAS", "subprj": "ALL_DATA", "owtype": "Seis2DLine", "Shape_Leng": 0.0, "OBJECTID": 300.0, "Interpret": "Nao iniciada"}, "geometry": {"type": "LineString", "coordinates": [[-43.41964, 5.92029], [-43.40377, 5.93756], [-43.36343, 5.97637], [-43.21316, 6.11515], [-43.14973, 6.17609], [-43.11051, 6.21237], [-43.02671, 6.29021], [-43.0235, 6.29482], [-43.02271, 6.29887], [-43.02742, 6.31088], [-43.05623, 6.34505], [-43.07032, 6.36114], [-43.09129, 6.38516], [-43.189, 6.49701], [-43.19843, 6.50661], [-43.20605, 6.50747], [-43.20985, 6.50462], [-43.22028, 6.48537], [-43.2394, 6.45591], [-43.26569, 6.43107], [-43.27474, 6.4227], [-43.33327, 6.36668], [-43.35066, 6.35179], [-43.47559, 6.23586], [-43.51449, 6.1988], [-43.53459, 6.18034], [-43.5694, 6.14882]]}}, {"type": "Feature", "properties": {"ssGmStId": 517, "ssGmStNm": "ar55-8228-stack", "cmpnntGmId": 5.0, "ss2dUqLnId": "ar55-8228-stack", "district": "LANDMARK", "project": "NEOGENO_FOZAMAZONAS", "subprj": "ALL_DATA", "owtype": "Seis2DLine", "Shape_Leng": 0.0, "OBJECTID": 301.0, "Interpret": "Nao iniciada"}, "geometry": {"type": "LineString", "coordinates": [[-44.15253, 5.88276], [-44.15462, 5.88353], [-44.15671, 5.88439], [-44.15914, 5.88539], [-44.16441, 5.88743], [-44.24228, 5.91386], [-44.30223, 5.93563], [-44.32656, 5.94366], [-44.3571, 5.95147], [-44.37727, 5.95893], [-44.44157, 5.9794], [-44.48937, 5.99706], [-44.49674, 5.99821], [-44.50438, 5.99563], [-44.5259, 5.98173], [-44.53605, 5.9755], [-44.54816, 5.96776], [-44.55904, 5.96043], [-44.57011, 5.95295], [-44.58653, 5.94213], [-44.7209, 5.8536], [-44.7757, 5.81507], [-44.81142, 5.79317], [-44.84487, 5.76895], [-44.89968, 5.73467], [-44.91808, 5.72173], [-44.93364, 5.71063], [-44.95436, 5.69717], [-44.96475, 5.69074], [-44.97752, 5.68196], [-45.00433, 5.66404], [-45.01868, 5.6534], [-45.04265, 5.63709], [-45.05672, 5.62799], [-45.07687, 5.61504], [-45.10519, 5.59544], [-45.12054, 5.5856], [-45.16809, 5.55468], [-45.2219, 5.51979], [-45.26015, 5.49299], [-45.31022, 5.46089], [-45.32976, 5.44616], [-45.35309, 5.43268], [-45.37543, 5.41548], [-45.38921, 5.4071], [-45.39873, 5.40039], [-45.44178, 5.3729], [-45.45771, 5.36068], [-45.49142, 5.33769], [-45.51141, 5.32585], [-45.53537, 5.30973], [-45.55486, 5.29594], [-45.57957, 5.28122], [-45.59079, 5.27309], [-45.60377, 5.26304], [-45.66978, 5.2197], [-45.78479, 5.14512], [-45.82728, 5.11386], [-45.83744, 5.10743], [-45.87754, 5.08242], [-45.97315, 5.01678], [-45.99513, 5.0034], [-46.00509, 5.00258]]}}, {"type": "Feature", "properties": {"ssGmStId": 518, "ssGmStNm": "ar55-8229-stack", "cmpnntGmId": 5.0, "ss2dUqLnId": "ar55-8229-stack", "district": "LANDMARK", "project": "NEOGENO_FOZAMAZONAS", "subprj": "ALL_DATA", "owtype": "Seis2DLine", "Shape_Leng": 0.0, "OBJECTID": 302.0, "Interpret": "Nao iniciada"}, "geometry": {"type": "MultiLineString", "coordinates": [[[-46.00968, 5.00347], [-46.03267, 5.00799], [-46.04329, 5.01033], [-46.0774, 5.0182], [-46.11972, 5.0273], [-46.1485, 5.03554], [-46.26912, 5.06209], [-46.3255, 5.07604], [-46.33639, 5.07881], [-46.34985, 5.08253], [-46.41681, 5.09669], [-46.47774, 5.1103], [-46.49311, 5.11422], [-46.50577, 5.11705], [-46.56741, 5.1324], [-46.60317, 5.13977], [-46.60327, 5.13978]], [[-46.60327, 5.13978], [-46.63788, 5.1433]], [[-46.63788, 5.1433], [-46.6383, 5.14334]], [[-46.6383, 5.14334], [-46.67292, 5.14687]], [[-46.67292, 5.14687], [-46.67455, 5.14704], [-46.68097, 5.14889], [-46.68144, 5.14944]], [[-46.68144, 5.14944], [-46.685, 5.15357], [-46.68514, 5.15819], [-46.6827, 5.16234], [-46.65375, 5.18936], [-46.64746, 5.19248], [-46.64208, 5.19165], [-46.63798, 5.18785], [-46.63665, 5.18361], [-46.63915, 5.16455], [-46.6383, 5.14334]], [[-46.6383, 5.14334], [-46.63829, 5.14303]], [[-46.63829, 5.14303], [-46.63721, 5.11595], [-46.63382, 5.11073], [-46.62827, 5.10775], [-46.62226, 5.10751], [-46.61002, 5.10972], [-46.60588, 5.11287], [-46.60346, 5.11908], [-46.60327, 5.13978]], [[-46.60327, 5.13978], [-46.60309, 5.16148]], [[-46.60309, 5.16148], [-46.6029, 5.18276], [-46.59855, 5.18895], [-46.59163, 5.18994], [-46.58444, 5.18625], [-46.58155, 5.1808], [-46.58234, 5.17444], [-46.58607, 5.1695], [-46.59413, 5.1647], [-46.60309, 5.16148]], [[-46.60309, 5.16148], [-46.61871, 5.15585], [-46.63788, 5.1433]], [[-46.63788, 5.1433], [-46.63829, 5.14303]], [[-46.63829, 5.14303], [-46.64872, 5.1362], [-46.65536, 5.13439], [-46.65983, 5.13613], [-46.67252, 5.14668], [-46.67292, 5.14687]], [[-46.67292, 5.14687], [-46.67663, 5.14859], [-46.68144, 5.14944]], [[-46.68144, 5.14944], [-46.71637, 5.1556]], [[-46.71637, 5.1556], [-46.74472, 5.16059], [-46.7599, 5.16365]], [[-46.7599, 5.16365], [-46.78563, 5.16884], [-46.80883, 5.17338]], [[-46.80883, 5.17338], [-46.86018, 5.18344]], [[-46.86018, 5.18344], [-46.86305, 5.184], [-46.86342, 5.18416]], [[-46.86342, 5.18416], [-46.86913, 5.18662], [-46.87135, 5.1905], [-46.86969, 5.19655], [-46.85817, 5.20659], [-46.81194, 5.23812], [-46.80407, 5.24], [-46.79584, 5.23523], [-46.79306, 5.22973], [-46.79292, 5.22359], [-46.80476, 5.19371], [-46.80883, 5.17338]], [[-46.80883, 5.17338], [-46.81647, 5.13519]], [[-46.81647, 5.13519], [-46.819, 5.12258], [-46.81814, 5.11694], [-46.81498, 5.11245], [-46.81033, 5.10994], [-46.80532, 5.10998], [-46.79944, 5.11548], [-46.79282, 5.13037]], [[-46.79282, 5.13037], [-46.78577, 5.14622], [-46.7599, 5.16365]], [[-46.7599, 5.16365], [-46.71079, 5.19673], [-46.70899, 5.19812]], [[-46.70899, 5.19812], [-46.68978, 5.21291], [-46.68683, 5.21668], [-46.68649, 5.22113], [-46.6889, 5.2249], [-46.69206, 5.22649], [-46.69658, 5.22643], [-46.70035, 5.22472], [-46.70553, 5.21802], [-46.70899, 5.19812]], [[-46.70899, 5.19812], [-46.71637, 5.1556]], [[-46.71637, 5.1556], [-46.7209, 5.12952], [-46.7241, 5.12206], [-46.72909, 5.11881], [-46.74143, 5.11991], [-46.79282, 5.13037]], [[-46.79282, 5.13037], [-46.81647, 5.13519]], [[-46.81647, 5.13519], [-46.8185, 5.13561], [-46.82213, 5.1384], [-46.85696, 5.18121], [-46.86018, 5.18344]], [[-46.86018, 5.18344], [-46.86065, 5.18376], [-46.86342, 5.18416]], [[-46.86342, 5.18416], [-46.8692, 5.18498]]]}}, {"type": "Feature", "properties": {"ssGmStId": 519, "ssGmStNm": "ar55-8230-stack", "cmpnntGmId": 5.0, "ss2dUqLnId": "ar55-8230-stack", "district": "LANDMARK", "project": "NEOGENO_FOZAMAZONAS", "subprj": "ALL_DATA", "owtype": "Seis2DLine", "Shape_Leng": 0.0, "OBJECTID": 303.0, "Interpret": "Nao iniciada"}, "geometry": {"type": "MultiLineString", "coordinates": [[[-46.87567, 5.18612], [-46.89116, 5.18931], [-47.03433, 5.21329]], [[-47.03433, 5.21329], [-47.03659, 5.21366], [-47.06498, 5.2201], [-47.09994, 5.22692]], [[-47.09994, 5.22692], [-47.15593, 5.23785]], [[-47.15593, 5.23785], [-47.19229, 5.24494], [-47.19858, 5.24645]], [[-47.19858, 5.24645], [-47.20679, 5.24843], [-47.21108, 5.25133]], [[-47.21108, 5.25133], [-47.21269, 5.25242], [-47.21447, 5.26037], [-47.20959, 5.26691], [-47.16289, 5.29259], [-47.15775, 5.29444], [-47.15238, 5.29448], [-47.14616, 5.29123], [-47.14429, 5.28444], [-47.15593, 5.23785]], [[-47.15593, 5.23785], [-47.16103, 5.21747]], [[-47.16103, 5.21747], [-47.16311, 5.20915], [-47.16305, 5.20324], [-47.16015, 5.19859], [-47.1212, 5.18552], [-47.11559, 5.1852], [-47.11236, 5.18674], [-47.10882, 5.19349], [-47.10604, 5.20394]], [[-47.10604, 5.20394], [-47.09994, 5.22692]], [[-47.09994, 5.22692], [-47.09287, 5.25352], [-47.08863, 5.25856], [-47.08323, 5.25976], [-47.03852, 5.24869], [-47.03052, 5.24318], [-47.02849, 5.23808], [-47.029, 5.23158], [-47.03433, 5.21329]], [[-47.03433, 5.21329], [-47.03777, 5.2015], [-47.0415, 5.19434], [-47.04659, 5.19118], [-47.05437, 5.19123], [-47.10604, 5.20394]], [[-47.10604, 5.20394], [-47.16103, 5.21747]], [[-47.16103, 5.21747], [-47.18264, 5.22279], [-47.18834, 5.22687], [-47.19858, 5.24645]], [[-47.19858, 5.24645], [-47.19908, 5.24741], [-47.2052, 5.25145], [-47.21108, 5.25133]], [[-47.21108, 5.25133], [-47.22346, 5.25108], [-47.23847, 5.2542], [-47.25422, 5.25721], [-47.26856, 5.25968], [-47.28291, 5.26212], [-47.29729, 5.26461], [-47.30862, 5.26662], [-47.3192, 5.26857], [-47.33285, 5.27129], [-47.35078, 5.27494], [-47.4419, 5.29158], [-47.463, 5.29553], [-47.46631, 5.29612], [-47.46894, 5.2966], [-47.49205, 5.30107], [-47.51293, 5.30489], [-47.55708, 5.31252], [-47.58674, 5.31794], [-47.61777, 5.32407], [-47.76082, 5.34992], [-47.83227, 5.35675]], [[-47.83227, 5.35675], [-47.91074, 5.36426]], [[-47.91074, 5.36426], [-47.91139, 5.36432], [-47.91142, 5.36433]], [[-47.91142, 5.36433], [-47.91652, 5.36609], [-47.91928, 5.36895], [-47.92094, 5.37264], [-47.92111, 5.37849], [-47.91726, 5.38445], [-47.90845, 5.38918], [-47.84853, 5.41845], [-47.84339, 5.41919], [-47.83877, 5.41713], [-47.83638, 5.41405], [-47.8322, 5.40208], [-47.83227, 5.35675]], [[-47.83227, 5.35675], [-47.83231, 5.33219], [-47.834, 5.32678], [-47.83827, 5.3229], [-47.84219, 5.32203], [-47.8461, 5.32352], [-47.86783, 5.33943], [-47.90867, 5.36403], [-47.91074, 5.36426]], [[-47.91074, 5.36426], [-47.91142, 5.36433]], [[-47.91142, 5.36433], [-47.9294, 5.3663], [-48.02574, 5.37508]], [[-48.02574, 5.37508], [-48.05984, 5.37819], [-48.06565, 5.37739], [-48.07106, 5.37215], [-48.0712, 5.3646], [-48.04384, 5.31285], [-48.03876, 5.30882], [-48.03502, 5.30864], [-48.03008, 5.31074], [-48.02638, 5.31473], [-48.02494, 5.31891], [-48.02574, 5.37508]], [[-48.02574, 5.37508], [-48.02582, 5.38055], [-48.0247, 5.42335], [-48.05919, 5.57714]]]}}]}