{"type": "FeatureCollection", "features": [{"type": "Feature", "properties": {"ssGmStId": 153, "ssGmStNm": "0500-0539A", "cmpnntGmId": 4, "ss2dUqLnId": "0500-0539A", "district": "LANDMARK", "project": "NEOGENO_FOZAMAZONAS", "subprj": "ALL_DATA", "owtype": "Seis2DLine", "Shape_Leng": 0.0, "OBJECTID": 1}, "geometry": {"type": "LineString", "coordinates": [[-44.87483, 4.5838], [-44.85865, 4.57907], [-44.85184, 4.57414], [-44.80232, 4.53315], [-44.74476, 4.48859], [-44.69321, 4.44367], [-44.6529, 4.41324], [-44.63585, 4.39755], [-44.60669, 4.37439], [-44.57614, 4.34637], [-44.55492, 4.33042], [-44.54336, 4.31984], [-44.53049, 4.30886], [-44.52009, 4.30063], [-44.51369, 4.29738], [-44.47249, 4.26514], [-44.46177, 4.26151], [-44.4434, 4.24159], [-44.38138, 4.18958], [-44.37714, 4.18394], [-44.36475, 4.17786], [-44.3414, 4.15588], [-44.33416, 4.15154], [-44.32661, 4.14415], [-44.26525, 4.09572], [-44.23647, 4.07074], [-44.14911, 4.0006]]}}, {"type": "Feature", "properties": {"ssGmStId": 154, "ssGmStNm": "0500-0539B", "cmpnntGmId": 4, "ss2dUqLnId": "0500-0539B", "district": "LANDMARK", "project": "NEOGENO_FOZAMAZONAS", "subprj": "ALL_DATA", "owtype": "Seis2DLine", "Shape_Leng": 0.0, "OBJECTID": 2}, "geometry": {"type": "LineString", "coordinates": [[-44.1565, 4.0068], [-44.13858, 3.99062], [-44.02526, 3.89835], [-43.93969, 3.82464], [-43.88529, 3.78038], [-43.87166, 3.76715], [-43.82473, 3.72928], [-43.81937, 3.72354], [-43.80183, 3.71504], [-43.77725, 3.69742], [-43.69745, 3.63154], [-43.67654, 3.6161], [-43.59262, 3.5464], [-43.53122, 3.48913], [-43.52274, 3.48441], [-43.5031, 3.46674], [-43.48945, 3.4567], [-43.4692, 3.44785], [-43.4546, 3.43692], [-43.44697, 3.4261], [-43.42546, 3.40548], [-43.38189, 3.37464], [-43.35559, 3.35267], [-43.3403, 3.33767], [-43.32288, 3.32334], [-43.24225, 3.25663]]}}, {"type": "Feature", "properties": {"ssGmStId": 155, "ssGmStNm": "0500-0540", "cmpnntGmId": 4, "ss2dUqLnId": "0500-0540", "district": "LANDMARK", "project": "NEOGENO_FOZAMAZONAS", "subprj": "ALL_DATA", "owtype": "Seis2DLine", "Shape_Leng": 0.0, "OBJECTID": 3}, "geometry": {"type": "LineString", "coordinates": [[-43.55432, 3.47496], [-43.54589, 3.46806], [-43.47962, 3.43076], [-43.44939, 3.41149], [-43.41843, 3.394], [-43.41619, 3.39132], [-43.40942, 3.38895], [-43.35456, 3.35815], [-43.32158, 3.33909], [-43.20636, 3.27124], [-43.1861, 3.26086], [-43.16647, 3.24893], [-43.16063, 3.24783], [-43.14912, 3.2389], [-43.11469, 3.21929], [-43.06059, 3.18802], [-43.02577, 3.16697], [-42.97546, 3.1369], [-42.93569, 3.11561], [-42.91942, 3.10537], [-42.87894, 3.08346], [-42.80214, 3.03814], [-42.78254, 3.02919], [-42.68757, 2.97491], [-42.62788, 2.93931], [-42.54467, 2.89267], [-42.51171, 2.86979], [-42.44568, 2.83524], [-42.37835, 2.79383], [-42.35927, 2.7849], [-42.31578, 2.75754], [-42.30589, 2.75384], [-42.2827, 2.74148], [-42.27522, 2.73606], [-42.22471, 2.70974], [-42.21482, 2.70128], [-42.18858, 2.6855], [-42.14151, 2.662], [-42.12672, 2.65185], [-42.08782, 2.6325], [-42.07648, 2.62379], [-42.07378, 2.62019], [-42.03209, 2.59647], [-42.00506, 2.58158], [-41.99722, 2.57579], [-41.96532, 2.55846], [-41.94264, 2.54398], [-41.91555, 2.52989], [-41.79124, 2.45524]]}}, {"type": "Feature", "properties": {"ssGmStId": 156, "ssGmStNm": "0500-0540A", "cmpnntGmId": 4, "ss2dUqLnId": "0500-0540A", "district": "LANDMARK", "project": "NEOGENO_FOZAMAZONAS", "subprj": "ALL_DATA", "owtype": "Seis2DLine", "Shape_Leng": 0.0, "OBJECTID": 4}, "geometry": {"type": "LineString", "coordinates": [[-41.80041, 2.46608], [-41.78904, 2.45638], [-41.6968, 2.39996], [-41.6726, 2.38608], [-41.65841, 2.38093], [-41.60775, 2.34962], [-41.58558, 2.33921], [-41.55271, 2.32027]]}}, {"type": "Feature", "properties": {"ssGmStId": 157, "ssGmStNm": "0500-0540B", "cmpnntGmId": 4, "ss2dUqLnId": "0500-0540B", "district": "LANDMARK", "project": "NEOGENO_FOZAMAZONAS", "subprj": "ALL_DATA", "owtype": "Seis2DLine", "Shape_Leng": 0.0, "OBJECTID": 5}, "geometry": {"type": "LineString", "coordinates": [[-41.56025, 2.32182], [-41.55031, 2.31855], [-41.49777, 2.28764], [-41.48317, 2.28064], [-41.46966, 2.27094], [-41.46098, 2.26704], [-41.32937, 2.1911], [-41.23993, 2.1365], [-41.21551, 2.12372], [-41.20219, 2.115], [-41.18918, 2.10899], [-41.14197, 2.07827], [-41.09808, 2.05788], [-41.08769, 2.05026], [-41.0814, 2.04879], [-41.07115, 2.04122], [-41.03756, 2.02293], [-40.99914, 1.99995], [-40.88233, 1.93265]]}}, {"type": "Feature", "properties": {"ssGmStId": 158, "ssGmStNm": "0500-0546", "cmpnntGmId": 4, "ss2dUqLnId": "0500-0546", "district": "LANDMARK", "project": "NEOGENO_FOZAMAZONAS", "subprj": "ALL_DATA", "owtype": "Seis2DLine", "Shape_Leng": 0.0, "OBJECTID": 6}, "geometry": {"type": "LineString", "coordinates": [[-39.81674, 1.05919], [-39.80334, 1.05513], [-39.7846, 1.05168], [-39.67822, 1.03503], [-39.61117, 1.02255], [-39.55348, 1.01403], [-39.51847, 1.00994], [-39.50236, 1.00634], [-39.48263, 0.99948], [-39.4267, 0.99194], [-39.38434, 0.98245], [-39.31978, 0.97144], [-39.08633, 0.93552], [-39.04906, 0.92397], [-39.03115, 0.92207], [-38.86576, 0.89498], [-38.80322, 0.8814], [-38.68325, 0.86239], [-38.63539, 0.8495], [-38.51766, 0.8293], [-38.4927, 0.82547], [-38.48269, 0.82558], [-38.38914, 0.80921]]}}, {"type": "Feature", "properties": {"ssGmStId": 159, "ssGmStNm": "0500-0547", "cmpnntGmId": 4, "ss2dUqLnId": "0500-0547", "district": "LANDMARK", "project": "NEOGENO_FOZAMAZONAS", "subprj": "ALL_DATA", "owtype": "Seis2DLine", "Shape_Leng": 0.0, "OBJECTID": 7}, "geometry": {"type": "LineString", "coordinates": [[-38.04893, -0.05166], [-38.11822, 0.06037]]}}, {"type": "Feature", "properties": {"ssGmStId": 160, "ssGmStNm": "0500-0547A", "cmpnntGmId": 4, "ss2dUqLnId": "0500-0547A", "district": "LANDMARK", "project": "NEOGENO_FOZAMAZONAS", "subprj": "ALL_DATA", "owtype": "Seis2DLine", "Shape_Leng": 0.0, "OBJECTID": 8}, "geometry": {"type": "LineString", "coordinates": [[-38.11291, 0.05096], [-38.11894, 0.06305], [-38.12739, 0.07459], [-38.1824, 0.16344]]}}, {"type": "Feature", "properties": {"ssGmStId": 161, "ssGmStNm": "0500-0547B", "cmpnntGmId": 4, "ss2dUqLnId": "0500-0547B", "district": "LANDMARK", "project": "NEOGENO_FOZAMAZONAS", "subprj": "ALL_DATA", "owtype": "Seis2DLine", "Shape_Leng": 0.0, "OBJECTID": 9}, "geometry": {"type": "LineString", "coordinates": [[-38.17829, 0.15467], [-38.18444, 0.16724], [-38.26836, 0.30084]]}}, {"type": "Feature", "properties": {"ssGmStId": 162, "ssGmStNm": "0500-0547C", "cmpnntGmId": 4, "ss2dUqLnId": "0500-0547C", "district": "LANDMARK", "project": "NEOGENO_FOZAMAZONAS", "subprj": "ALL_DATA", "owtype": "Seis2DLine", "Shape_Leng": 0.0, "OBJECTID": 10}, "geometry": {"type": "LineString", "coordinates": [[-38.77503, 1.1119], [-38.75756, 1.08372], [-38.7354, 1.04257], [-38.71758, 1.01422], [-38.71464, 1.00422], [-38.71047, 0.99663], [-38.70104, 0.98419], [-38.69293, 0.96966], [-38.68305, 0.95713], [-38.67666, 0.94604], [-38.67521, 0.94012], [-38.66187, 0.91598], [-38.65688, 0.89938], [-38.64533, 0.87505], [-38.63142, 0.85542], [-38.61912, 0.8279], [-38.6061, 0.81418], [-38.60533, 0.81111], [-38.59421, 0.79463], [-38.55328, 0.71986], [-38.54101, 0.70097], [-38.51906, 0.66055], [-38.51252, 0.64602], [-38.50021, 0.62756], [-38.45217, 0.54182], [-38.44422, 0.53247], [-38.43592, 0.51292], [-38.42361, 0.49252]]}}, {"type": "Feature", "properties": {"ssGmStId": 163, "ssGmStNm": "0500-0547D", "cmpnntGmId": 4, "ss2dUqLnId": "0500-0547D", "district": "LANDMARK", "project": "NEOGENO_FOZAMAZONAS", "subprj": "ALL_DATA", "owtype": "Seis2DLine", "Shape_Leng": 0.0, "OBJECTID": 11}, "geometry": {"type": "LineString", "coordinates": [[-38.4267, 0.49902], [-38.41853, 0.48338], [-38.4115, 0.47627], [-38.2885, 0.32474], [-38.26156, 0.29319]]}}, {"type": "Feature", "properties": {"ssGmStId": 164, "ssGmStNm": "0500-0548", "cmpnntGmId": 4, "ss2dUqLnId": "0500-0548", "district": "LANDMARK", "project": "NEOGENO_FOZAMAZONAS", "subprj": "ALL_DATA", "owtype": "Seis2DLine", "Shape_Leng": 0.0, "OBJECTID": 12}, "geometry": {"type": "LineString", "coordinates": [[-34.6705, 0.14475], [-34.68444, 0.13972], [-34.70032, 0.14061], [-35.01163, 0.13786]]}}, {"type": "Feature", "properties": {"ssGmStId": 165, "ssGmStNm": "0500-0549A", "cmpnntGmId": 4, "ss2dUqLnId": "0500-0549A", "district": "LANDMARK", "project": "NEOGENO_FOZAMAZONAS", "subprj": "ALL_DATA", "owtype": "Seis2DLine", "Shape_Leng": 0.0, "OBJECTID": 13}, "geometry": {"type": "LineString", "coordinates": [[-43.47418, -0.29876], [-43.49222, -0.2826], [-43.50266, -0.27221], [-43.51986, -0.25799], [-43.55535, -0.22584], [-43.58056, -0.19965], [-43.62904, -0.15815], [-43.64243, -0.14382], [-43.66247, -0.12772], [-43.71849, -0.07507], [-43.75209, -0.04758], [-43.85094, 0.04063], [-43.85617, 0.04403], [-43.86609, 0.05409], [-43.88867, 0.0716], [-43.90991, 0.09212], [-43.96641, 0.14128], [-44.00809, 0.17972]]}}, {"type": "Feature", "properties": {"ssGmStId": 166, "ssGmStNm": "0500-535A", "cmpnntGmId": 4, "ss2dUqLnId": "0500-535A", "district": "LANDMARK", "project": "NEOGENO_FOZAMAZONAS", "subprj": "ALL_DATA", "owtype": "Seis2DLine", "Shape_Leng": 0.0, "OBJECTID": 14}, "geometry": {"type": "LineString", "coordinates": [[-46.84193, 3.95636], [-46.83454, 3.97034], [-46.79883, 4.01976], [-46.77249, 4.05118], [-46.72886, 4.11074], [-46.71411, 4.12774], [-46.68195, 4.17163], [-46.61363, 4.25851], [-46.58029, 4.3087], [-46.56393, 4.32742], [-46.54463, 4.35488], [-46.53121, 4.3709], [-46.5163, 4.39101], [-46.46743, 4.45165], [-46.38358, 4.5612], [-46.32194, 4.63624], [-46.25453, 4.72642], [-46.23125, 4.75445], [-46.20691, 4.7868], [-46.18609, 4.811], [-46.12597, 4.88991], [-46.0363, 5.00127], [-46.01735, 5.02796], [-45.97043, 5.08606], [-45.95365, 5.10899], [-45.8934, 5.18246], [-45.87109, 5.21257], [-45.85172, 5.23547], [-45.82119, 5.27692], [-45.71371, 5.40999], [-45.69396, 5.43565], [-45.68545, 5.44868], [-45.68202, 5.458], [-45.67607, 5.46827], [-45.66785, 5.47977], [-45.5778, 5.59442], [-45.49599, 5.70269], [-45.47426, 5.72284], [-45.40986, 5.80696], [-45.37535, 5.84768], [-45.36123, 5.86759], [-45.35021, 5.87984], [-45.27761, 5.97707], [-45.18388, 6.09895], [-45.17771, 6.11132], [-45.16679, 6.12147], [-45.15608, 6.13545], [-45.13988, 6.15059], [-45.07758, 6.23677], [-45.04976, 6.27906], [-45.03012, 6.3032], [-44.94482, 6.42111], [-44.93539, 6.43086], [-44.92915, 6.44089], [-44.91319, 6.45512], [-44.89588, 6.47766], [-44.86924, 6.50851], [-44.85214, 6.52456], [-44.83501, 6.5379], [-44.80011, 6.58106], [-44.7814, 6.60656], [-44.76661, 6.62281], [-44.7406, 6.65574]]}}, {"type": "Feature", "properties": {"ssGmStId": 167, "ssGmStNm": "0501-0032", "cmpnntGmId": 4, "ss2dUqLnId": "0501-0032", "district": "LANDMARK", "project": "NEOGENO_FOZAMAZONAS", "subprj": "ALL_DATA", "owtype": "Seis2DLine", "Shape_Leng": 0.0, "OBJECTID": 15}, "geometry": {"type": "LineString", "coordinates": [[-46.52521, 0.89613], [-46.51751, 0.90573], [-46.50495, 0.92238], [-46.46568, 0.97796], [-46.45107, 0.99605], [-46.4237, 1.02087], [-46.3781, 1.07844], [-46.36747, 1.08994], [-46.3658, 1.10265]]}}, {"type": "Feature", "properties": {"ssGmStId": 168, "ssGmStNm": "0501-0032A", "cmpnntGmId": 4, "ss2dUqLnId": "0501-0032A", "district": "LANDMARK", "project": "NEOGENO_FOZAMAZONAS", "subprj": "ALL_DATA", "owtype": "Seis2DLine", "Shape_Leng": 0.0, "OBJECTID": 16}, "geometry": {"type": "LineString", "coordinates": [[-46.37269, 1.0829], [-46.37254, 1.08307], [-46.3724, 1.08323], [-46.37226, 1.08341], [-46.3721, 1.08357], [-46.37196, 1.08374], [-46.37182, 1.0839], [-46.37167, 1.08407], [-46.37152, 1.08424], [-46.37138, 1.08441], [-46.37123, 1.08457], [-46.37109, 1.08474], [-46.37095, 1.08491], [-46.37079, 1.08508], [-46.37065, 1.08524], [-46.3705, 1.08541], [-46.37036, 1.08558], [-46.37021, 1.08575], [-46.37006, 1.08591], [-46.36992, 1.08608], [-46.36978, 1.08624], [-46.36963, 1.08642], [-46.36948, 1.08658], [-46.36934, 1.08675], [-46.36919, 1.08691], [-46.36905, 1.08709], [-46.3689, 1.08725], [-46.36875, 1.08742], [-46.36861, 1.08758], [-46.36847, 1.08775], [-46.36832, 1.08792], [-46.36817, 1.08808], [-46.36803, 1.08825], [-46.36788, 1.08841], [-46.36774, 1.08859], [-46.36759, 1.08875], [-46.36744, 1.08892], [-46.3673, 1.08908], [-46.36715, 1.08926], [-46.36701, 1.08942], [-46.36686, 1.08959], [-46.36671, 1.08975], [-46.36657, 1.08992], [-46.36643, 1.09009], [-46.36627, 1.09026], [-46.36613, 1.09042], [-46.36599, 1.09059], [-46.36584, 1.09076], [-46.3657, 1.09093], [-46.36555, 1.09109], [-46.3654, 1.09126], [-46.36526, 1.09143], [-46.36512, 1.0916], [-46.36496, 1.09176], [-46.36482, 1.09193], [-46.36467, 1.09209], [-46.36453, 1.09226], [-46.36439, 1.09243], [-46.36423, 1.09259], [-46.36409, 1.09276], [-46.36395, 1.09293], [-46.3638, 1.0931], [-46.36365, 1.09326], [-46.36351, 1.09343], [-46.36336, 1.0936], [-45.5788, 2.04429], [-45.54816, 2.07865], [-45.53584, 2.09595], [-45.51528, 2.1355], [-45.45936, 2.20971], [-45.4405, 2.22296], [-45.42285, 2.24674], [-45.41795, 2.25025], [-45.41312, 2.25793], [-45.3991, 2.27137], [-45.38079, 2.29338], [-45.35732, 2.32366], [-45.34873, 2.33436], [-45.3195, 2.37053], [-45.30613, 2.38292], [-45.27815, 2.41592], [-45.26569, 2.42547], [-45.2523, 2.44163], [-45.2478, 2.4475], [-45.24478, 2.45447], [-45.20809, 2.50107], [-45.19664, 2.5138], [-45.17123, 2.54548], [-45.12784, 2.59869], [-45.07463, 2.66409], [-45.0689, 2.67812], [-45.06039, 2.68897], [-45.04412, 2.70199], [-45.00772, 2.74908], [-44.99985, 2.75747], [-44.98546, 2.76961], [-44.95789, 2.807], [-44.91019, 2.86598], [-44.88191, 2.89125], [-44.8768, 2.89712], [-44.84752, 2.93563], [-44.83682, 2.95356], [-44.81707, 2.97771], [-44.78462, 3.02299], [-44.77411, 3.03485], [-44.74732, 3.05535], [-44.73729, 3.0678], [-44.65575, 3.15448], [-44.64049, 3.18589], [-44.63425, 3.19398], [-44.59086, 3.24224], [-44.58023, 3.25927], [-44.57652, 3.26336], [-44.57356, 3.26596], [-44.53892, 3.30584], [-44.51643, 3.33847], [-44.46482, 3.39174], [-44.45272, 3.40837], [-44.44021, 3.43138], [-44.42223, 3.45295], [-44.41297, 3.46148], [-44.33548, 3.5533], [-44.32802, 3.56564], [-44.31728, 3.57779], [-44.30632, 3.58605], [-44.29886, 3.59402], [-44.26434, 3.64341], [-44.20997, 3.709], [-44.19883, 3.71847], [-44.18779, 3.73581], [-44.13063, 3.81509], [-44.11824, 3.8289], [-44.09858, 3.8397], [-44.09074, 3.84604], [-44.04217, 3.90163], [-44.03582, 3.91331], [-43.97571, 3.9842], [-43.95449, 4.00735], [-43.94817, 4.01636], [-43.8984, 4.06919], [-43.887, 4.09067], [-43.88228, 4.09497], [-43.87994, 4.09957], [-43.83637, 4.15286], [-43.83196, 4.15627], [-43.80731, 4.18762], [-43.80088, 4.19361], [-43.7373, 4.26977], [-43.73249, 4.28005]]}}, {"type": "Feature", "properties": {"ssGmStId": 229, "ssGmStNm": "P0168-E0239-L0040-MTVFL", "cmpnntGmId": 4, "ss2dUqLnId": "P0168-E0239-L0040-MTVFL", "district": "LANDMARK", "project": "NEOGENO_FOZAMAZONAS", "subprj": "ALL_DATA", "owtype": "Seis2DLine", "Shape_Leng": 0.0, "OBJECTID": 17}, "geometry": {"type": "LineString", "coordinates": [[-47.86808, 4.70878], [-47.88414, 4.69685], [-47.9891, 4.60078], [-48.04882, 4.54621], [-48.10193, 4.49737], [-48.1409, 4.46177], [-48.16816, 4.43658], [-48.18198, 4.42369], [-48.21326, 4.39606], [-48.23335, 4.37633], [-48.29507, 4.32195], [-48.32166, 4.29401], [-48.33199, 4.2838], [-48.33737, 4.27872], [-48.35134, 4.26494], [-48.35628, 4.26001], [-48.3607, 4.25565], [-48.36592, 4.25052], [-48.37446, 4.24193], [-48.38843, 4.22837], [-48.39683, 4.22192], [-48.40307, 4.21724], [-48.40991, 4.21272], [-48.41588, 4.20875], [-48.4448, 4.18907], [-48.47067, 4.16372], [-48.51689, 4.12432], [-48.5299, 4.11194], [-48.55215, 4.08461], [-48.77512, 3.87982], [-48.81713, 3.83641], [-48.83922, 3.82114], [-49.19686, 3.49195], [-49.54737, 3.17003], [-49.56056, 3.15777]]}}, {"type": "Feature", "properties": {"ssGmStId": 230, "ssGmStNm": "P0168-E0239-L0056-MTVFL", "cmpnntGmId": 4, "ss2dUqLnId": "P0168-E0239-L0056-MTVFL", "district": "LANDMARK", "project": "NEOGENO_FOZAMAZONAS", "subprj": "ALL_DATA", "owtype": "Seis2DLine", "Shape_Leng": 0.0, "OBJECTID": 18}, "geometry": {"type": "LineString", "coordinates": [[-49.42015, 4.35977], [-48.80414, 3.83897], [-48.53355, 3.6129], [-48.52309, 3.60267], [-48.45718, 3.55418], [-48.44129, 3.53273], [-48.43269, 3.52411], [-48.40139, 3.50449], [-48.38819, 3.48972], [-48.35993, 3.46342], [-48.29697, 3.41009], [-48.24584, 3.36679], [-48.1113, 3.25116]]}}, {"type": "Feature", "properties": {"ssGmStId": 231, "ssGmStNm": "P0168-E0239-L0067-MTVFL", "cmpnntGmId": 4, "ss2dUqLnId": "P0168-E0239-L0067-MTVFL", "district": "LANDMARK", "project": "NEOGENO_FOZAMAZONAS", "subprj": "ALL_DATA", "owtype": "Seis2DLine", "Shape_Leng": 0.0, "OBJECTID": 19}, "geometry": {"type": "LineString", "coordinates": [[-49.51951, 4.32465], [-49.9714, 4.70784], [-50.17279, 4.87858], [-50.25344, 4.94678], [-50.28954, 4.97748], [-50.30381, 4.98944], [-50.30938, 4.99389], [-50.31273, 4.99753], [-50.31739, 5.00088], [-50.33058, 5.01077], [-50.54502, 5.19238]]}}, {"type": "Feature", "properties": {"ssGmStId": 232, "ssGmStNm": "P0193-E0239-L0121-MTVFL", "cmpnntGmId": 4, "ss2dUqLnId": "P0193-E0239-L0121-MTVFL", "district": "LANDMARK", "project": "NEOGENO_FOZAMAZONAS", "subprj": "ALL_DATA", "owtype": "Seis2DLine", "Shape_Leng": 0.0, "OBJECTID": 20}, "geometry": {"type": "LineString", "coordinates": [[-48.86247, 5.41566], [-48.90487, 5.38353], [-48.92027, 5.36369], [-49.1571, 5.15533], [-49.21753, 5.10029], [-49.24196, 5.08058], [-49.37283, 4.96167], [-49.41834, 4.92458], [-49.49037, 4.87066], [-49.51192, 4.84768], [-49.52952, 4.83195], [-49.55503, 4.80356], [-49.79407, 4.59369], [-49.86704, 4.52771], [-49.87517, 4.52261], [-49.88524, 4.51218], [-50.69621, 3.79409]]}}, {"type": "Feature", "properties": {"ssGmStId": 233, "ssGmStNm": "P0193-E0239-L0122-STACK", "cmpnntGmId": 4, "ss2dUqLnId": "P0193-E0239-L0122-STACK", "district": "LANDMARK", "project": "NEOGENO_FOZAMAZONAS", "subprj": "ALL_DATA", "owtype": "Seis2DLine", "Shape_Leng": 0.0, "OBJECTID": 21}, "geometry": {"type": "LineString", "coordinates": [[-49.62985, 2.66622], [-49.54981, 2.73842], [-49.0494, 3.18914], [-49.00559, 3.22678], [-48.98211, 3.25063], [-48.95256, 3.27657], [-48.91509, 3.31009], [-48.82024, 3.39547], [-48.81156, 3.40164], [-48.78201, 3.4363], [-48.76914, 3.44776]]}}, {"type": "Feature", "properties": {"ssGmStId": 234, "ssGmStNm": "P0193-E0239-L01222-MTVFL", "cmpnntGmId": 4, "ss2dUqLnId": "P0193-E0239-L01222-MTVFL", "district": "LANDMARK", "project": "NEOGENO_FOZAMAZONAS", "subprj": "ALL_DATA", "owtype": "Seis2DLine", "Shape_Leng": 0.0, "OBJECTID": 22}, "geometry": {"type": "LineString", "coordinates": [[-48.80383, 3.40904], [-48.41463, 3.75931], [-48.34377, 3.82521], [-48.33676, 3.82977], [-48.33421, 3.83307], [-48.32092, 3.84014], [-48.31273, 3.84709], [-48.29612, 3.8647], [-48.26016, 3.89573], [-48.24253, 3.91413], [-48.19629, 3.95603], [-48.16981, 3.98333], [-48.15075, 3.99818], [-48.13966, 4.00683], [-48.12433, 4.01987], [-48.0659, 4.07212]]}}, {"type": "Feature", "properties": {"ssGmStId": 235, "ssGmStNm": "P0193-E0239-L01223-MTVFL", "cmpnntGmId": 4, "ss2dUqLnId": "P0193-E0239-L01223-MTVFL", "district": "LANDMARK", "project": "NEOGENO_FOZAMAZONAS", "subprj": "ALL_DATA", "owtype": "Seis2DLine", "Shape_Leng": 0.0, "OBJECTID": 23}, "geometry": {"type": "LineString", "coordinates": [[-48.10992, 4.04204], [-48.07694, 4.0627], [-47.97078, 4.15792], [-47.9616, 4.16821], [-47.95367, 4.17492], [-47.93022, 4.19664], [-47.91094, 4.2114], [-47.85723, 4.25965], [-47.80509, 4.3019], [-47.74871, 4.3571], [-47.67144, 4.41848], [-47.64293, 4.45013], [-47.57393, 4.50787], [-47.54768, 4.53462], [-47.51821, 4.55998], [-47.48431, 4.59365], [-47.45884, 4.61662], [-47.43592, 4.6369], [-47.43032, 4.63876], [-47.3903, 4.67603], [-47.37513, 4.68632], [-47.35827, 4.70619], [-47.30178, 4.74978], [-47.25941, 4.78771]]}}, {"type": "Feature", "properties": {"ssGmStId": 236, "ssGmStNm": "P0256-E0239-L0263-MTVFL", "cmpnntGmId": 4, "ss2dUqLnId": "P0256-E0239-L0263-MTVFL", "district": "LANDMARK", "project": "NEOGENO_FOZAMAZONAS", "subprj": "ALL_DATA", "owtype": "Seis2DLine", "Shape_Leng": 0.0, "OBJECTID": 24}, "geometry": {"type": "LineString", "coordinates": [[-41.0813, -2.47042], [-40.88723, -1.19409]]}}, {"type": "Feature", "properties": {"ssGmStId": 237, "ssGmStNm": "P0323-E0239-L0260-MTVFL", "cmpnntGmId": 4, "ss2dUqLnId": "P0323-E0239-L0260-MTVFL", "district": "LANDMARK", "project": "NEOGENO_FOZAMAZONAS", "subprj": "ALL_DATA", "owtype": "Seis2DLine", "Shape_Leng": 0.0, "OBJECTID": 25}, "geometry": {"type": "LineString", "coordinates": [[-43.23149, -2.2607], [-42.5844, -1.32863], [-41.9833, -0.46227]]}}, {"type": "Feature", "properties": {"ssGmStId": 238, "ssGmStNm": "P0514-E0500-L0504A-MTVFL", "cmpnntGmId": 4, "ss2dUqLnId": "P0514-E0500-L0504A-MTVFL", "district": "LANDMARK", "project": "NEOGENO_FOZAMAZONAS", "subprj": "ALL_DATA", "owtype": "Seis2DLine", "Shape_Leng": 0.0, "OBJECTID": 26}, "geometry": {"type": "LineString", "coordinates": [[-40.00923, -2.1724], [-39.98175, -2.14298], [-39.94887, -2.10355], [-39.92002, -2.04474], [-39.91049, -2.02137], [-39.89906, -1.9983], [-39.8954, -1.99339], [-39.88451, -1.98149], [-39.85981, -1.95819], [-39.82702, -1.92465], [-39.78448, -1.8823], [-39.75574, -1.85636], [-39.71846, -1.81892], [-39.64139, -1.72402], [-39.54538, -1.61952], [-39.47708, -1.51487], [-39.45081, -1.4836], [-39.43569, -1.4703], [-39.33009, -1.35162], [-39.28067, -1.28073], [-39.22458, -1.21711], [-39.20588, -1.18921], [-39.19353, -1.17495]]}}, {"type": "Feature", "properties": {"ssGmStId": 239, "ssGmStNm": "P0514-E0500-L0505-MTVFL", "cmpnntGmId": 4, "ss2dUqLnId": "P0514-E0500-L0505-MTVFL", "district": "LANDMARK", "project": "NEOGENO_FOZAMAZONAS", "subprj": "ALL_DATA", "owtype": "Seis2DLine", "Shape_Leng": 0.0, "OBJECTID": 27}, "geometry": {"type": "LineString", "coordinates": [[-41.07498, -2.18661], [-41.06833, -2.14838], [-41.00995, -2.07501], [-41.00132, -2.05678], [-40.9946, -2.04208], [-40.98952, -2.0311], [-40.98518, -2.02259], [-40.98217, -2.01601], [-40.97539, -2.00001], [-40.93764, -1.94382], [-40.92601, -1.92256], [-40.91918, -1.90798], [-40.91505, -1.89852], [-40.90432, -1.87638], [-40.82997, -1.77397], [-40.81461, -1.75793], [-40.7932, -1.73998], [-40.7859, -1.73281], [-40.77788, -1.72513], [-40.76984, -1.71736], [-40.76632, -1.71459], [-40.76237, -1.71126], [-40.75888, -1.70841], [-40.74442, -1.69447], [-40.7137, -1.66569], [-40.69706, -1.64978], [-40.67104, -1.6266], [-40.6317, -1.59233], [-40.59118, -1.56338], [-40.5764, -1.55105], [-40.49169, -1.4461], [-40.4745, -1.42288], [-40.46318, -1.41011], [-40.44716, -1.38955], [-40.37773, -1.30485], [-40.35558, -1.27282], [-40.33879, -1.25448], [-40.32838, -1.23757], [-40.30403, -1.20401], [-40.28619, -1.18665], [-40.25116, -1.13638], [-40.22722, -1.11234], [-40.1381, -1.00128], [-40.11646, -0.98557], [-40.0972, -0.9635], [-40.06478, -0.90987], [-39.99375, -0.82275], [-39.97854, -0.79623], [-39.9345, -0.73304], [-39.91758, -0.7113], [-39.88383, -0.68025], [-39.83546, -0.61918], [-39.78732, -0.56189], [-39.75805, -0.5203], [-39.63359, -0.35113], [-39.61029, -0.32967], [-39.56722, -0.29959], [-39.55344, -0.28815], [-39.53124, -0.24444], [-39.52086, -0.22734], [-39.47104, -0.17359], [-39.43701, -0.11849], [-39.42821, -0.10975], [-39.40078, -0.07633], [-39.3831, -0.0489], [-39.33666, 0.00786]]}}, {"type": "Feature", "properties": {"ssGmStId": 240, "ssGmStNm": "P0514-E0500-L0505B-MTVFL", "cmpnntGmId": 4, "ss2dUqLnId": "P0514-E0500-L0505B-MTVFL", "district": "LANDMARK", "project": "NEOGENO_FOZAMAZONAS", "subprj": "ALL_DATA", "owtype": "Seis2DLine", "Shape_Leng": 0.0, "OBJECTID": 28}, "geometry": {"type": "LineString", "coordinates": [[-39.34469, -0.00255], [-39.33596, 0.00771], [-39.27759, 0.0784], [-39.18026, 0.20154], [-39.17425, 0.20927], [-39.13434, 0.26632], [-39.12022, 0.28128], [-39.0874, 0.32544], [-39.06739, 0.34695], [-39.0361, 0.38652], [-38.92607, 0.53233], [-38.89506, 0.56115], [-38.84666, 0.61885], [-38.81383, 0.66477], [-38.74584, 0.75056], [-38.5744, 0.95596], [-38.54733, 0.99101], [-38.52627, 1.02201], [-38.51566, 1.03572], [-38.48714, 1.06982], [-38.48247, 1.07539], [-38.45434, 1.10774], [-38.43651, 1.14119], [-38.4224, 1.16071], [-38.40697, 1.17461], [-38.37876, 1.21201], [-38.36065, 1.23461], [-38.35662, 1.23979], [-38.28281, 1.3316], [-38.22997, 1.40206], [-38.19074, 1.44754], [-38.11486, 1.54456], [-38.09375, 1.566], [-38.01856, 1.66331], [-37.99046, 1.69642], [-37.89841, 1.81481], [-37.84035, 1.88274], [-37.82269, 1.90926], [-37.81135, 1.92327], [-37.79864, 1.93856], [-37.73082, 2.02057]]}}, {"type": "Feature", "properties": {"ssGmStId": 241, "ssGmStNm": "P0514-E0500-L0506-MTVFL", "cmpnntGmId": 4, "ss2dUqLnId": "P0514-E0500-L0506-MTVFL", "district": "LANDMARK", "project": "NEOGENO_FOZAMAZONAS", "subprj": "ALL_DATA", "owtype": "Seis2DLine", "Shape_Leng": 0.0, "OBJECTID": 29}, "geometry": {"type": "LineString", "coordinates": [[-38.75817, 2.15986], [-38.81486, 2.09], [-38.85117, 2.03687], [-38.88455, 1.99302], [-38.90525, 1.97032], [-38.93241, 1.93334], [-38.97489, 1.8872], [-39.06553, 1.77341], [-39.08754, 1.75135], [-39.12381, 1.7107], [-39.13047, 1.70301], [-39.15773, 1.66785], [-39.18744, 1.63673], [-39.19929, 1.61821], [-39.21105, 1.59595], [-39.30631, 1.47877], [-39.32343, 1.45674], [-39.45317, 1.28072], [-39.46172, 1.27148], [-39.49044, 1.24347], [-39.53808, 1.18991], [-39.6262, 1.08299], [-39.66502, 1.03556], [-39.7499, 0.94214], [-39.7944, 0.88395], [-39.85247, 0.82296]]}}, {"type": "Feature", "properties": {"ssGmStId": 242, "ssGmStNm": "P0514-E0500-L0506A-MTVFL", "cmpnntGmId": 4, "ss2dUqLnId": "P0514-E0500-L0506A-MTVFL", "district": "LANDMARK", "project": "NEOGENO_FOZAMAZONAS", "subprj": "ALL_DATA", "owtype": "Seis2DLine", "Shape_Leng": 0.0, "OBJECTID": 30}, "geometry": {"type": "LineString", "coordinates": [[-39.85592, 0.82168], [-39.88734, 0.78787], [-39.91798, 0.73625], [-39.94427, 0.71089], [-39.994, 0.65314], [-40.02571, 0.60891], [-40.11439, 0.50263], [-40.13925, 0.46663], [-40.17695, 0.42161], [-40.18856, 0.4024], [-40.24083, 0.33446], [-40.32665, 0.21405], [-40.36361, 0.17576], [-40.39677, 0.14586], [-40.40554, 0.13315], [-40.50295, 0.01212], [-40.56165, -0.0488], [-40.577, -0.07993], [-40.58812, -0.09878], [-40.61238, -0.12376], [-40.67459, -0.19934], [-40.7427, -0.27434], [-40.78174, -0.32705], [-40.85732, -0.4067], [-40.87429, -0.4335], [-40.91693, -0.49544], [-40.94325, -0.53975], [-40.95558, -0.5579], [-40.96955, -0.57501], [-41.04604, -0.67903], [-41.09773, -0.7236], [-41.17304, -0.80479], [-41.21633, -0.86558], [-41.24585, -0.89913], [-41.25674, -0.9166], [-41.31011, -0.99003], [-41.32062, -1.00673], [-41.32834, -1.01657], [-41.33358, -1.02273], [-41.3645, -1.06443], [-41.38341, -1.08775], [-41.3974, -1.10644], [-41.41334, -1.12387], [-41.4672, -1.19046], [-41.50171, -1.23583], [-41.54024, -1.2816], [-41.55339, -1.29974], [-41.58936, -1.3436], [-41.60427, -1.36434], [-41.62614, -1.38904], [-41.64599, -1.41502], [-41.65581, -1.42489], [-41.6919, -1.47036], [-41.70089, -1.48306], [-41.71208, -1.49288], [-41.72631, -1.51707], [-41.7423, -1.53105], [-41.74746, -1.5376], [-41.79669, -1.58536], [-41.82571, -1.62797], [-41.84294, -1.64352], [-41.91628, -1.71602], [-41.94893, -1.75942], [-41.97189, -1.79611], [-42.01175, -1.85207], [-42.04793, -1.8917], [-42.10001, -1.98605], [-42.12384, -2.01666], [-42.15268, -2.0539], [-42.15848, -2.0632], [-42.17006, -2.07519]]}}, {"type": "Feature", "properties": {"ssGmStId": 243, "ssGmStNm": "P0514-E0500-L0507-MTVFL", "cmpnntGmId": 4, "ss2dUqLnId": "P0514-E0500-L0507-MTVFL", "district": "LANDMARK", "project": "NEOGENO_FOZAMAZONAS", "subprj": "ALL_DATA", "owtype": "Seis2DLine", "Shape_Leng": 0.0, "OBJECTID": 31}, "geometry": {"type": "LineString", "coordinates": [[-42.97454, -1.6953], [-42.96694, -1.68781], [-42.95351, -1.67785], [-42.91606, -1.65258], [-42.90871, -1.64454], [-42.88308, -1.61307], [-42.84891, -1.55781], [-42.82526, -1.52215], [-42.79865, -1.48085], [-42.70098, -1.35852], [-42.68424, -1.34248], [-42.62935, -1.27802], [-42.62257, -1.26849], [-42.60741, -1.25275], [-42.59598, -1.23954], [-42.57233, -1.20637], [-42.55509, -1.18462], [-42.52208, -1.13378], [-42.4973, -1.105], [-42.47442, -1.08424], [-42.42614, -1.03289], [-42.41253, -1.01467], [-42.39145, -0.99029], [-42.38896, -0.98396], [-42.37971, -0.97635], [-42.31598, -0.89799], [-42.29954, -0.87429], [-42.28043, -0.85338], [-42.13589, -0.67161], [-42.11393, -0.64982], [-42.05611, -0.57348], [-42.04237, -0.56205], [-42.02822, -0.55291], [-42.02429, -0.54802], [-42.00133, -0.52071], [-41.93785, -0.45897], [-41.92782, -0.44587], [-41.85999, -0.36194], [-41.84147, -0.3278], [-41.81653, -0.28875], [-41.80422, -0.27376], [-41.79408, -0.26085], [-41.78384, -0.248], [-41.77677, -0.24056], [-41.76769, -0.22933], [-41.52423, 0.0704], [-41.4934, 0.13099], [-41.47603, 0.14701], [-41.469, 0.15425], [-41.46503, 0.15834], [-41.45908, 0.16287], [-41.42489, 0.18304], [-41.39599, 0.19798], [-41.36223, 0.2248], [-41.34844, 0.24568], [-41.31721, 0.31363], [-41.29957, 0.34231], [-41.07627, 0.6141], [-41.05499, 0.64198], [-40.96363, 0.75174], [-40.94053, 0.78693], [-40.93, 0.80155], [-40.92254, 0.81222], [-40.91616, 0.82159], [-40.91029, 0.83015], [-40.90468, 0.83778], [-40.90097, 0.84373], [-40.89766, 0.84888], [-40.89408, 0.85372], [-40.89112, 0.85794], [-40.88876, 0.8616], [-40.87722, 0.87703], [-40.84159, 0.93199], [-40.82008, 0.96663], [-40.79466, 1.0177], [-40.7782, 1.03814], [-40.75437, 1.06158], [-40.72313, 1.10501], [-40.62562, 1.18139], [-40.57996, 1.22158], [-40.51664, 1.29927], [-40.50956, 1.30589], [-40.41412, 1.41423], [-40.37701, 1.46419], [-40.21919, 1.64169], [-40.21972, 1.65427], [-40.20837, 1.67347], [-40.18889, 1.69987], [-40.17232, 1.71785], [-40.14709, 1.75011], [-40.13912, 1.76593], [-40.12947, 1.78952], [-40.10028, 1.81629], [-40.08875, 1.82616], [-40.07433, 1.83985], [-40.06075, 1.85876], [-40.03046, 1.88997], [-39.88843, 2.06373], [-39.87868, 2.07452], [-39.8747, 2.07812], [-39.87267, 2.08192], [-39.86559, 2.10225], [-39.79365, 2.15197], [-39.71446, 2.21521], [-39.65424, 2.26541], [-39.63826, 2.28775], [-39.60937, 2.33255]]}}, {"type": "Feature", "properties": {"ssGmStId": 244, "ssGmStNm": "P0514-E0500-L0508-MTVFL", "cmpnntGmId": 4, "ss2dUqLnId": "P0514-E0500-L0508-MTVFL", "district": "LANDMARK", "project": "NEOGENO_FOZAMAZONAS", "subprj": "ALL_DATA", "owtype": "Seis2DLine", "Shape_Leng": 0.0, "OBJECTID": 32}, "geometry": {"type": "LineString", "coordinates": [[-40.61061, 2.68695], [-40.61482, 2.68177], [-40.61832, 2.67746], [-40.65165, 2.63701], [-40.70195, 2.56962], [-40.72339, 2.54501], [-40.75905, 2.50755], [-40.77296, 2.47136], [-40.79915, 2.41573], [-40.81957, 2.39349], [-40.8576, 2.35283], [-40.87366, 2.33857], [-40.88111, 2.32651], [-40.91153, 2.26674], [-40.93968, 2.22028], [-41.1164, 2.01423], [-41.13882, 1.97707], [-41.16011, 1.94589], [-41.18778, 1.91242], [-41.22551, 1.87353], [-41.26931, 1.81274], [-41.31231, 1.76139], [-41.33857, 1.72054], [-41.38394, 1.65883], [-41.39696, 1.64828], [-41.40484, 1.64171], [-41.40968, 1.63738], [-41.42193, 1.62045], [-41.56425, 1.45748], [-41.59828, 1.40282], [-41.62701, 1.36957], [-41.63478, 1.3586], [-41.66076, 1.32987], [-41.67172, 1.31455], [-41.69296, 1.27551], [-41.74575, 1.20178], [-41.76126, 1.18586], [-41.78667, 1.16357], [-41.80073, 1.14595], [-41.85923, 1.07377], [-41.87066, 1.05668], [-41.88517, 1.04066], [-41.93372, 0.98326], [-41.94455, 0.96339], [-41.9915, 0.89448], [-41.9986, 0.88456], [-42.019, 0.86397], [-42.04234, 0.82985], [-42.05499, 0.81062], [-42.06389, 0.79799], [-42.0714, 0.78764], [-42.09968, 0.75329], [-42.10375, 0.74893], [-42.11451, 0.73763], [-42.15278, 0.69447], [-42.15914, 0.68812], [-42.16405, 0.68273], [-42.22353, 0.62082], [-42.2633, 0.57556], [-42.28983, 0.53272], [-42.30336, 0.51533], [-42.33078, 0.48893], [-42.37193, 0.4458], [-42.3841, 0.42906], [-42.40199, 0.40085], [-42.44616, 0.35243], [-42.45267, 0.343], [-42.47915, 0.30273], [-42.49802, 0.28286], [-42.50375, 0.27536], [-42.50961, 0.26904], [-42.52258, 0.25376], [-42.54424, 0.22661], [-42.55063, 0.22061], [-42.56795, 0.18463], [-42.61566, 0.12163], [-42.62184, 0.11442], [-42.64123, 0.10161], [-42.66188, 0.08291], [-42.67396, 0.06475], [-42.68284, 0.05149], [-42.69033, 0.04083], [-42.69667, 0.03183], [-42.70125, 0.02634], [-42.71956, -0.00103], [-42.7275, -0.00809], [-42.78051, -0.06561], [-42.79788, -0.10518], [-42.82155, -0.12543], [-42.87962, -0.1843], [-42.90166, -0.21119], [-42.94266, -0.27033], [-42.9841, -0.3124], [-43.00081, -0.34336], [-43.02513, -0.37926], [-43.03853, -0.39594], [-43.07824, -0.43968], [-43.08899, -0.45611], [-43.10236, -0.48217], [-43.16409, -0.54254], [-43.19856, -0.59631], [-43.21757, -0.61689], [-43.23441, -0.64144], [-43.25293, -0.65924], [-43.27022, -0.68782], [-43.31929, -0.73879], [-43.34444, -0.77168], [-43.38838, -0.82416], [-43.46694, -0.9077], [-43.50029, -0.96637], [-43.52844, -1.0086]]}}, {"type": "Feature", "properties": {"ssGmStId": 245, "ssGmStNm": "P0519-E0500-L0501-MTVFL", "cmpnntGmId": 4, "ss2dUqLnId": "P0519-E0500-L0501-MTVFL", "district": "LANDMARK", "project": "NEOGENO_FOZAMAZONAS", "subprj": "ALL_DATA", "owtype": "Seis2DLine", "Shape_Leng": 0.0, "OBJECTID": 33}, "geometry": {"type": "LineString", "coordinates": [[-37.92656, -3.67303], [-37.91579, -3.66409], [-37.90811, -3.65526], [-37.90336, -3.64656], [-37.87438, -3.61346], [-37.85536, -3.58663], [-37.8369, -3.5662], [-37.825, -3.54715], [-37.80575, -3.52468], [-37.76892, -3.44521], [-37.75697, -3.43175], [-37.7528, -3.41638], [-37.73459, -3.37103], [-37.73173, -3.35402], [-37.72225, -3.32918], [-37.70714, -3.3142], [-37.66194, -3.29745], [-37.63309, -3.27337], [-37.62283, -3.26053], [-37.61597, -3.25421], [-37.59647, -3.23754], [-37.57931, -3.2236], [-37.5673, -3.20424], [-37.55552, -3.19026], [-37.54045, -3.17634], [-37.52221, -3.15208], [-37.51612, -3.13755], [-37.51282, -3.13379], [-37.50225, -3.11454], [-37.49282, -3.08993], [-37.45263, -3.03255], [-37.42049, -2.987], [-37.41615, -2.98175], [-37.3925, -2.96258], [-37.37334, -2.94615], [-37.34655, -2.90641], [-37.34358, -2.90367], [-37.32104, -2.87128], [-37.28184, -2.82853], [-37.2659, -2.80659], [-37.19153, -2.71381], [-37.16638, -2.67952], [-37.12815, -2.63136], [-37.04539, -2.55502], [-37.02948, -2.53821], [-37.0214, -2.52566], [-37.00383, -2.4862], [-36.9884, -2.47002], [-36.97635, -2.46074], [-36.95219, -2.43022], [-36.9348, -2.416], [-36.92148, -2.39257], [-36.89791, -2.31292], [-36.8437, -2.22056], [-36.83231, -2.2036], [-36.77264, -2.15354], [-36.75263, -2.13878], [-36.74065, -2.1255], [-36.72428, -2.10186], [-36.70729, -2.08948], [-36.67969, -2.05602], [-36.66792, -2.04668], [-36.64069, -2.01658], [-36.6225, -1.98675], [-36.61102, -1.97287], [-36.54493, -1.88746], [-36.52884, -1.87008], [-36.51231, -1.84662], [-36.47753, -1.80502], [-36.37326, -1.66894], [-36.32736, -1.6145], [-36.31349, -1.59523], [-36.29412, -1.57219], [-36.26608, -1.53997], [-36.25397, -1.52248], [-36.2427, -1.50912], [-36.19429, -1.45482], [-36.1827, -1.44388], [-36.17052, -1.42633], [-36.14143, -1.3963], [-36.12592, -1.37929], [-36.10158, -1.34347], [-36.09202, -1.33101], [-36.07282, -1.31128], [-36.06238, -1.28872], [-36.05648, -1.28431], [-36.04494, -1.26813], [-36.02529, -1.23429], [-36.00515, -1.20908], [-35.99869, -1.19895], [-35.98307, -1.18212], [-35.97746, -1.17343], [-35.96958, -1.16495], [-35.96515, -1.15755], [-35.95837, -1.15039], [-35.9477, -1.13456], [-35.94096, -1.12825], [-35.92876, -1.11082], [-35.92121, -1.10276], [-35.91393, -1.09538], [-35.89495, -1.07609], [-35.87733, -1.05258], [-35.79075, -0.96129], [-35.76548, -0.93743], [-35.74202, -0.90289], [-35.73288, -0.88558], [-35.72575, -0.8755], [-35.62339, -0.77889], [-35.6037, -0.76213], [-35.5706, -0.72946], [-35.56547, -0.72149], [-35.549, -0.69301], [-35.52759, -0.66798], [-35.50669, -0.63546], [-35.49489, -0.61916], [-35.4654, -0.57605], [-35.45321, -0.56168], [-35.43858, -0.536], [-35.42171, -0.5131], [-35.38144, -0.46227], [-35.34839, -0.42368], [-35.34058, -0.41231], [-35.32987, -0.39161], [-35.29627, -0.35385], [-35.29462, -0.35017], [-35.28921, -0.34498], [-35.26158, -0.30831], [-35.25259, -0.29983], [-35.23998, -0.28275], [-35.22296, -0.26331], [-35.19747, -0.21897], [-35.16832, -0.18142], [-35.15281, -0.15105], [-35.1363, -0.12287], [-35.11472, -0.09285], [-35.10407, -0.08019], [-35.09267, -0.06208], [-35.06151, -0.03551], [-35.03388, 0.00624], [-35.02684, 0.01782], [-35.00962, 0.04777], [-34.98336, 0.07944], [-34.96405, 0.11499], [-34.95275, 0.136], [-34.94418, 0.15131], [-34.92701, 0.1839], [-34.89542, 0.21625], [-34.8711, 0.23569], [-34.84254, 0.27149], [-34.80126, 0.31623], [-34.75601, 0.36792], [-34.75071, 0.37655], [-34.73376, 0.39412], [-34.73234, 0.39638], [-34.72457, 0.40751], [-34.7236, 0.41168], [-34.69634, 0.44089], [-34.6841, 0.45004], [-34.67946, 0.45532], [-34.62672, 0.52204], [-34.60992, 0.54137], [-34.58988, 0.57719], [-34.55995, 0.60753], [-34.55129, 0.62597], [-34.54562, 0.63402], [-34.47053, 0.71914], [-34.46502, 0.72653], [-34.45047, 0.75714], [-34.4439, 0.76707], [-34.42137, 0.79038], [-34.39208, 0.82486], [-34.3543, 0.8888], [-34.32571, 0.92303], [-34.31639, 0.93626], [-34.30368, 0.95825], [-34.30185, 0.97822], [-34.29979, 0.98425], [-34.28647, 1.00032], [-34.27561, 1.01525], [-34.267, 1.02715], [-34.26103, 1.03517], [-34.25327, 1.0456], [-34.24412, 1.05824]]}}, {"type": "Feature", "properties": {"ssGmStId": 246, "ssGmStNm": "P0519-E0500-L0502-MTVFL", "cmpnntGmId": 4, "ss2dUqLnId": "P0519-E0500-L0502-MTVFL", "district": "LANDMARK", "project": "NEOGENO_FOZAMAZONAS", "subprj": "ALL_DATA", "owtype": "Seis2DLine", "Shape_Leng": 0.0, "OBJECTID": 34}, "geometry": {"type": "LineString", "coordinates": [[-34.97172, 1.50356], [-34.98605, 1.48408], [-35.00871, 1.44201], [-35.02121, 1.42533], [-35.03066, 1.41316], [-35.0528, 1.38427], [-35.06602, 1.36456], [-35.07784, 1.3406], [-35.08868, 1.32427], [-35.10472, 1.29226], [-35.12874, 1.26002], [-35.14674, 1.23633], [-35.15379, 1.22854], [-35.16813, 1.21061], [-35.2335, 1.10568], [-35.26882, 1.07253], [-35.33653, 1.02063], [-35.39891, 0.95942], [-35.43172, 0.90144], [-35.44664, 0.88172], [-35.45526, 0.86571], [-35.46626, 0.84925], [-35.48679, 0.81961], [-35.49434, 0.80293], [-35.49831, 0.78893], [-35.5063, 0.76995], [-35.51848, 0.7509], [-35.52723, 0.72783], [-35.61317, 0.61749], [-35.61859, 0.60975], [-35.62431, 0.59797], [-35.64052, 0.58191], [-35.71062, 0.49004], [-35.72292, 0.47572], [-35.72723, 0.46975], [-35.73116, 0.46357], [-35.73481, 0.45821], [-35.73885, 0.45318], [-35.74278, 0.44808], [-35.74635, 0.44373], [-35.75871, 0.42679], [-35.76822, 0.41375], [-35.77582, 0.4033], [-35.782, 0.39483], [-35.78722, 0.38765], [-35.7915, 0.38179], [-35.79482, 0.37722], [-35.7972, 0.37395], [-35.80353, 0.36396], [-35.80499, 0.36232], [-35.80664, 0.36091], [-35.80835, 0.35957], [-35.80967, 0.35861], [-35.81274, 0.35654], [-35.82579, 0.34808], [-35.84793, 0.32259], [-35.9247, 0.21973], [-35.94298, 0.19332], [-35.95188, 0.18379], [-35.97559, 0.14795], [-35.99359, 0.12369], [-36.0121, 0.10384], [-36.0414, 0.06656], [-36.06386, 0.04228], [-36.07635, 0.02439], [-36.08461, 0.01599], [-36.09688, -0.00483], [-36.10689, -0.01662], [-36.12167, -0.03767], [-36.15206, -0.07119], [-36.23346, -0.18511], [-36.24119, -0.20144], [-36.2575, -0.22999], [-36.29491, -0.28134], [-36.36455, -0.35852], [-36.38291, -0.38281], [-36.40095, -0.40345], [-36.45905, -0.50824], [-36.47314, -0.52936], [-36.47535, -0.53554], [-36.4905, -0.55948], [-36.49743, -0.57381], [-36.50644, -0.58797], [-36.51957, -0.61293], [-36.52479, -0.62044], [-36.56309, -0.65734], [-36.57448, -0.67501], [-36.58889, -0.69413], [-36.64861, -0.77999], [-36.65188, -0.78796], [-36.6604, -0.79751], [-36.66931, -0.81112], [-36.69528, -0.84293], [-36.71034, -0.85842], [-36.72681, -0.87841], [-36.75473, -0.91901], [-36.79288, -0.96078], [-36.84307, -1.03194], [-36.85288, -1.04137], [-36.87915, -1.07597], [-36.90284, -1.10424], [-36.90979, -1.11642], [-36.94935, -1.16297], [-36.95868, -1.17471], [-36.97036, -1.18858], [-36.98175, -1.2012], [-37.03249, -1.26535], [-37.18131, -1.44643], [-37.21844, -1.49949], [-37.36227, -1.66211], [-37.37237, -1.67509], [-37.37378, -1.68048], [-37.38046, -1.6904], [-37.40733, -1.72783], [-37.42828, -1.75632], [-37.45228, -1.78355], [-37.54557, -1.91399], [-37.57088, -1.94255], [-37.62404, -2.01607], [-37.65803, -2.05265], [-37.66459, -2.06492], [-37.69515, -2.10579], [-37.7391, -2.16169], [-37.7511, -2.17874], [-37.76236, -2.19153], [-37.79023, -2.22987], [-37.84692, -2.30286], [-37.90123, -2.37505], [-37.9168, -2.39951], [-37.92686, -2.40992], [-37.96594, -2.46008], [-37.98664, -2.49034], [-37.997, -2.50178], [-38.02206, -2.53713], [-38.1108, -2.65144], [-38.18765, -2.75298], [-38.20774, -2.78118], [-38.23809, -2.82045], [-38.26151, -2.83804], [-38.28546, -2.87091], [-38.30311, -2.88901], [-38.384, -2.99597], [-38.41417, -3.03095], [-38.52361, -3.17548], [-38.53953, -3.19976]]}}, {"type": "Feature", "properties": {"ssGmStId": 247, "ssGmStNm": "P0519-E0500-L0502a-MTVFL", "cmpnntGmId": 4, "ss2dUqLnId": "P0519-E0500-L0502a-MTVFL", "district": "LANDMARK", "project": "NEOGENO_FOZAMAZONAS", "subprj": "ALL_DATA", "owtype": "Seis2DLine", "Shape_Leng": 0.0, "OBJECTID": 35}, "geometry": {"type": "LineString", "coordinates": [[-34.98056, 1.49101], [-34.98755, 1.48172], [-34.98795, 1.48094], [-34.98835, 1.48015], [-34.98874, 1.47936], [-34.98913, 1.47858], [-34.98952, 1.47779], [-34.98992, 1.477], [-34.99011, 1.47661], [-35.00875, 1.44196], [-35.01115, 1.4387], [-35.01316, 1.43598], [-35.01516, 1.43326], [-35.01715, 1.43053], [-35.01822, 1.42911], [-35.01923, 1.42779], [-35.02023, 1.42646], [-35.02123, 1.42513], [-35.02223, 1.42381], [-35.02324, 1.42248], [-35.02423, 1.42116], [-35.02524, 1.41983], [-35.02717, 1.41743], [-35.02877, 1.41546], [-35.03038, 1.4135], [-35.03198, 1.41154], [-35.03358, 1.40958], [-35.03517, 1.40762], [-35.03614, 1.40625], [-35.03711, 1.40489], [-35.03808, 1.40353], [-35.03906, 1.40217], [-35.04003, 1.40081], [-35.041, 1.39945], [-35.04197, 1.39809], [-35.04356, 1.39592], [-35.04515, 1.39376], [-35.04674, 1.39159], [-35.04833, 1.38943], [-35.04992, 1.38726], [-35.05151, 1.38509], [-35.05309, 1.38292], [-35.05468, 1.38076], [-35.05627, 1.37859], [-35.05982, 1.37321], [-35.06228, 1.36951], [-35.06655, 1.36364], [-35.07048, 1.35595], [-35.07669, 1.34299], [-35.07706, 1.34234], [-35.07742, 1.34168], [-35.07779, 1.34103], [-35.07815, 1.34037], [-35.07834, 1.34004], [-35.07852, 1.33972], [-35.08243, 1.33452], [-35.08784, 1.3253], [-35.09134, 1.31894], [-35.09235, 1.31695], [-35.09338, 1.31496], [-35.09615, 1.30975], [-35.09771, 1.3065], [-35.09928, 1.30324], [-35.10006, 1.30161], [-35.10084, 1.29998], [-35.10304, 1.29505], [-35.10604, 1.29045], [-35.10875, 1.28695], [-35.11146, 1.28345], [-35.11282, 1.28165], [-35.11417, 1.27985], [-35.11554, 1.27806], [-35.11689, 1.27625], [-35.11825, 1.27445], [-35.11961, 1.27265], [-35.12337, 1.26752], [-35.12713, 1.26239], [-35.13036, 1.25799], [-35.13359, 1.25359], [-35.13628, 1.24993], [-35.14104, 1.24377], [-35.14309, 1.24114], [-35.14515, 1.23851], [-35.14765, 1.23546], [-35.14839, 1.2346], [-35.14913, 1.23373], [-35.14987, 1.23287], [-35.15207, 1.23021], [-35.15426, 1.22755], [-35.15646, 1.22489], [-35.15866, 1.22224], [-35.16086, 1.21958], [-35.16305, 1.21693], [-35.16525, 1.21427], [-35.17045, 1.20702], [-35.17173, 1.20482], [-35.17258, 1.20335], [-35.17343, 1.20188], [-35.17429, 1.20042], [-35.17514, 1.19895], [-35.17599, 1.19748], [-35.17685, 1.19601], [-35.1841, 1.18418], [-35.18507, 1.18262], [-35.18603, 1.18106], [-35.187, 1.1795], [-35.23296, 1.10644], [-35.23344, 1.10594], [-35.23392, 1.10545], [-35.2344, 1.10495], [-35.23472, 1.10462], [-35.23504, 1.10429], [-35.23536, 1.10396], [-35.23568, 1.10363], [-35.236, 1.1033], [-35.23632, 1.10297], [-35.23665, 1.10264], [-35.23697, 1.10231], [-35.23729, 1.10198], [-35.23761, 1.10165], [-35.23793, 1.10132], [-35.24431, 1.09514], [-35.24909, 1.09051], [-35.25308, 1.08665], [-35.25703, 1.08284], [-35.25782, 1.08208], [-35.26008, 1.07991], [-35.26487, 1.07598], [-35.26872, 1.07284], [-35.27484, 1.06807], [-35.2774, 1.06613], [-35.27996, 1.06417], [-35.28253, 1.06222], [-35.28509, 1.06027], [-35.28765, 1.05832], [-35.29022, 1.05637], [-35.29278, 1.05442], [-35.29479, 1.05286], [-35.29679, 1.05131], [-35.29879, 1.04976], [-35.3008, 1.0482], [-35.3028, 1.04665], [-35.30479, 1.04509], [-35.3068, 1.04354], [-35.3088, 1.04199], [-35.3108, 1.04044], [-35.31281, 1.03888], [-35.31524, 1.03698], [-35.31768, 1.03509], [-35.3195, 1.03366], [-35.32133, 1.03224], [-35.32316, 1.03083], [-35.32498, 1.02941], [-35.32681, 1.02799], [-35.32864, 1.02656], [-35.32986, 1.02562], [-35.33107, 1.02467], [-35.33229, 1.02372], [-35.3335, 1.02277], [-35.33473, 1.02182], [-35.33594, 1.02087], [-35.33809, 1.01915], [-35.34062, 1.01668], [-35.34316, 1.01421], [-35.34569, 1.01174], [-35.34823, 1.00927], [-35.35076, 1.00679], [-35.3533, 1.00432], [-35.35584, 1.00184], [-35.35837, 0.99938], [-35.36068, 0.99707], [-35.363, 0.99476], [-35.36485, 0.99292], [-35.3666, 0.99118], [-35.36788, 0.98991], [-35.36918, 0.98863], [-35.37047, 0.98736], [-35.37175, 0.98608], [-35.37299, 0.98486], [-35.37374, 0.98411], [-35.37448, 0.98336], [-35.37523, 0.98261], [-35.37628, 0.98154], [-35.37899, 0.97875], [-35.38102, 0.97665], [-35.38283, 0.97491], [-35.38376, 0.9742], [-35.38421, 0.97384], [-35.38468, 0.97349], [-35.38514, 0.97314], [-35.38561, 0.97278], [-35.38866, 0.96958], [-35.39898, 0.95937], [-35.4009, 0.95614], [-35.40243, 0.95357], [-35.40397, 0.95098], [-35.41018, 0.93969], [-35.41485, 0.93121], [-35.41899, 0.92369], [-35.4221, 0.91804], [-35.43399, 0.89805], [-35.43575, 0.89579], [-35.43751, 0.89353], [-35.43927, 0.89126], [-35.44103, 0.88899], [-35.44191, 0.88786], [-35.44279, 0.88673], [-35.44367, 0.8856], [-35.44455, 0.88447], [-35.4471, 0.88085], [-35.4495, 0.87586], [-35.4511, 0.87253], [-35.45699, 0.86328], [-35.4594, 0.85972], [-35.46183, 0.85616], [-35.46424, 0.85261], [-35.46666, 0.84904], [-35.46908, 0.84549], [-35.4715, 0.84193], [-35.47392, 0.83837], [-35.47529, 0.83636], [-35.47667, 0.83434], [-35.47758, 0.833], [-35.4785, 0.83166], [-35.47942, 0.83032], [-35.48033, 0.82897], [-35.48125, 0.82763], [-35.48217, 0.82628], [-35.48308, 0.82495], [-35.484, 0.8236], [-35.48549, 0.82148], [-35.48577, 0.82109], [-35.48672, 0.81943], [-35.48894, 0.81502], [-35.4903, 0.81214], [-35.49179, 0.80839], [-35.49438, 0.80288], [-35.49749, 0.79172], [-35.49804, 0.79037], [-35.49858, 0.78901], [-35.49913, 0.78764], [-35.49967, 0.78629], [-35.50186, 0.7807], [-35.50721, 0.7683], [-35.50876, 0.76562], [-35.51031, 0.76294], [-35.51806, 0.75168], [-35.51848, 0.75063], [-35.51892, 0.74959], [-35.51912, 0.74907], [-35.51934, 0.74854], [-35.51955, 0.74802], [-35.51976, 0.7475], [-35.51998, 0.74698], [-35.52019, 0.74645], [-35.5204, 0.74593], [-35.52061, 0.74541], [-35.52083, 0.74489], [-35.52104, 0.74437], [-35.52125, 0.74384], [-35.52842, 0.7262], [-35.52931, 0.72504], [-35.53021, 0.72388], [-35.5311, 0.72273], [-35.532, 0.72157], [-35.53288, 0.72041], [-35.53388, 0.71913], [-35.53492, 0.71778], [-35.53597, 0.71643], [-35.53702, 0.71508], [-35.53806, 0.71374], [-35.54049, 0.7106], [-35.54259, 0.7079], [-35.54467, 0.70522], [-35.54675, 0.70253], [-35.54885, 0.69984], [-35.55093, 0.69715], [-35.55356, 0.69381], [-35.55437, 0.69283], [-35.55453, 0.69269], [-35.55469, 0.69255], [-35.55484, 0.6924], [-35.555, 0.69227], [-35.55515, 0.69212], [-35.55531, 0.69199], [-35.55547, 0.69184], [-35.55562, 0.6917], [-35.55577, 0.69156], [-35.55594, 0.69142], [-35.55601, 0.69135], [-35.55609, 0.69127], [-35.55617, 0.69121], [-35.55624, 0.69114], [-35.55632, 0.69107], [-35.56432, 0.6803], [-35.57116, 0.67109], [-35.57687, 0.6634], [-35.58284, 0.65598], [-35.58539, 0.65291], [-35.58733, 0.65047], [-35.58927, 0.64803], [-35.59121, 0.64559], [-35.59315, 0.64315], [-35.59509, 0.6407], [-35.59703, 0.63826], [-35.59897, 0.63582], [-35.5992, 0.63552], [-35.59941, 0.63522], [-35.59964, 0.63494], [-35.59985, 0.63464], [-35.60008, 0.63434], [-35.60019, 0.63419], [-35.60029, 0.63404], [-35.6004, 0.6339], [-35.60052, 0.63374], [-35.60063, 0.6336], [-35.60387, 0.62884], [-35.60552, 0.62639], [-35.60625, 0.6253], [-35.60661, 0.62474], [-35.60697, 0.62419], [-35.61419, 0.61587], [-35.61915, 0.60893], [-35.62332, 0.59948], [-35.63107, 0.59122], [-35.64335, 0.57816], [-35.6462, 0.57422], [-35.64712, 0.57273], [-35.65149, 0.56733], [-35.65585, 0.5619], [-35.65989, 0.5566], [-35.66106, 0.55505], [-35.66223, 0.55349], [-35.66341, 0.55193], [-35.66458, 0.55037], [-35.66575, 0.54882], [-35.66617, 0.54834], [-35.66657, 0.54786], [-35.66698, 0.54738], [-35.66739, 0.5469], [-35.6678, 0.54642], [-35.66821, 0.54594], [-35.68659, 0.52209], [-35.68781, 0.52038], [-35.69013, 0.51746], [-35.69243, 0.51455], [-35.69359, 0.51309], [-35.69475, 0.51163], [-35.69594, 0.51008], [-35.69711, 0.50853], [-35.6983, 0.50698], [-35.69949, 0.50543], [-35.70066, 0.50388], [-35.70185, 0.50233], [-35.70303, 0.50078], [-35.70422, 0.49922], [-35.7054, 0.49768], [-35.70658, 0.49612], [-35.70777, 0.49458], [-35.70894, 0.49302], [-35.71013, 0.49147], [-35.71132, 0.48992], [-35.71249, 0.48837], [-35.71368, 0.48682], [-35.71395, 0.4865], [-35.71413, 0.48628], [-35.71431, 0.48607], [-35.71449, 0.48586], [-35.71468, 0.48565], [-35.71486, 0.48543], [-35.71504, 0.48522], [-35.71522, 0.48501], [-35.71539, 0.4848], [-35.71571, 0.48442], [-35.71615, 0.48388], [-35.71659, 0.48333], [-35.71703, 0.48278], [-35.71725, 0.48251], [-35.71748, 0.48224], [-35.71769, 0.48197], [-35.71792, 0.4817], [-35.72035, 0.47866], [-35.72775, 0.46896], [-35.72909, 0.46695], [-35.73044, 0.46494], [-35.73179, 0.46293], [-35.73313, 0.46092], [-35.73447, 0.45892], [-35.73582, 0.45691], [-35.73825, 0.45375], [-35.74116, 0.45016], [-35.74407, 0.44658], [-35.7464, 0.44371], [-35.75029, 0.43838], [-35.75368, 0.43371], [-35.75708, 0.42905], [-35.76046, 0.42439], [-35.76337, 0.42039], [-35.76628, 0.4164], [-35.76878, 0.41297], [-35.77044, 0.41069], [-35.77211, 0.40841], [-35.77378, 0.40614], [-35.77544, 0.40386], [-35.78417, 0.39183], [-35.78728, 0.38755], [-35.7888, 0.38546], [-35.79033, 0.38336], [-35.79185, 0.38127], [-35.79338, 0.37917], [-35.7949, 0.37708], [-35.79765, 0.37302], [-35.79985, 0.36978], [-35.80462, 0.36277], [-35.80684, 0.36082], [-35.81567, 0.35447], [-35.82585, 0.34801], [-35.82617, 0.34757], [-35.8265, 0.34712], [-35.82682, 0.34668], [-35.82714, 0.34624], [-35.82746, 0.34578], [-35.82778, 0.34534], [-35.82811, 0.3449], [-35.82843, 0.34445], [-35.82875, 0.34401], [-35.82908, 0.34357], [-35.82941, 0.34312], [-35.82973, 0.34268], [-35.84882, 0.32142], [-35.84901, 0.32118], [-35.84919, 0.32092], [-35.84938, 0.32068], [-35.84957, 0.32043], [-35.84976, 0.32019], [-35.84994, 0.31994], [-35.85012, 0.31969], [-35.85031, 0.31945], [-35.8505, 0.3192], [-35.85068, 0.31895], [-35.85087, 0.31871], [-35.85106, 0.31846], [-35.85125, 0.31822], [-35.85357, 0.31514], [-35.85469, 0.31367], [-35.8558, 0.3122], [-35.85692, 0.31073], [-35.85804, 0.30926], [-35.85915, 0.30778], [-35.86027, 0.30631], [-35.86139, 0.30483], [-35.86187, 0.30417], [-35.86236, 0.30352], [-35.86284, 0.30287], [-35.86333, 0.30221], [-35.86381, 0.30156], [-35.8643, 0.3009], [-35.87529, 0.28595], [-35.88626, 0.27101], [-35.89725, 0.25607], [-35.90823, 0.24112], [-35.9192, 0.22618], [-35.93019, 0.21123], [-35.93121, 0.20984], [-35.93222, 0.20845], [-35.93324, 0.20705], [-35.93426, 0.20567], [-35.93502, 0.20462], [-35.93579, 0.20358], [-35.93654, 0.20253], [-35.93731, 0.20149], [-35.93807, 0.20044], [-35.93883, 0.1994], [-35.9396, 0.19836], [-35.94036, 0.19731], [-35.94112, 0.19627], [-35.94189, 0.19523], [-35.94413, 0.19199], [-35.94665, 0.18963], [-35.95294, 0.18235], [-35.95397, 0.18077], [-35.955, 0.17919], [-35.95603, 0.17761], [-35.95705, 0.17603], [-35.95808, 0.17444], [-35.95911, 0.17287], [-35.96014, 0.17129], [-35.96116, 0.1697], [-35.96219, 0.16812], [-35.96322, 0.16655], [-35.96425, 0.16497], [-35.96492, 0.16407], [-35.96559, 0.16317], [-35.96627, 0.16227], [-35.96672, 0.16166], [-35.96717, 0.16107], [-35.96761, 0.16047], [-35.96806, 0.15987], [-35.96851, 0.15927], [-35.96896, 0.15867], [-35.96941, 0.15807], [-35.96964, 0.15777], [-35.96986, 0.15747], [-35.97008, 0.15717], [-35.97031, 0.15687], [-35.97777, 0.14524], [-35.99594, 0.12113], [-36.00556, 0.1114], [-36.00727, 0.10932], [-36.00898, 0.10724], [-36.0107, 0.10517], [-36.01241, 0.10309], [-36.01412, 0.10101], [-36.01584, 0.09893], [-36.01879, 0.09528], [-36.01898, 0.09501], [-36.01917, 0.09475], [-36.01936, 0.09448], [-36.01955, 0.09422], [-36.01973, 0.09395], [-36.01991, 0.09368], [-36.0201, 0.09342], [-36.02029, 0.09315], [-36.02039, 0.09302], [-36.02048, 0.09289], [-36.0233, 0.08937], [-36.02612, 0.08585], [-36.028, 0.0835], [-36.02839, 0.08298], [-36.02878, 0.08247], [-36.02917, 0.08194], [-36.02955, 0.08143], [-36.03261, 0.07776], [-36.03539, 0.07435], [-36.04155, 0.06663], [-36.04215, 0.06596], [-36.04245, 0.06562], [-36.04275, 0.06528], [-36.04305, 0.06494], [-36.04336, 0.06461], [-36.04366, 0.06426], [-36.04396, 0.06393], [-36.04426, 0.06359], [-36.04456, 0.06325], [-36.05275, 0.05352], [-36.06389, 0.04223], [-36.07116, 0.03154], [-36.07308, 0.02927], [-36.07499, 0.02701], [-36.0769, 0.02474], [-36.07819, 0.02323], [-36.07946, 0.02172], [-36.08074, 0.02021], [-36.08201, 0.0187], [-36.08329, 0.01719], [-36.08518, 0.01526], [-36.08628, 0.01319], [-36.08738, 0.01112], [-36.08848, 0.00905], [-36.08958, 0.00698], [-36.0907, 0.00552], [-36.0916, 0.00434], [-36.09428, 0.00035], [-36.09688, -0.00483], [-36.09964, -0.00782], [-36.10301, -0.01179], [-36.10689, -0.01662], [-36.10736, -0.01735], [-36.11275, -0.02525], [-36.11492, -0.02806], [-36.11909, -0.03361], [-36.12043, -0.03605], [-36.12167, -0.03767], [-36.12632, -0.04239], [-36.13355, -0.05045], [-36.14297, -0.0609], [-36.14817, -0.06662], [-36.14832, -0.06683], [-36.1484, -0.06693], [-36.14951, -0.06843], [-36.15231, -0.07156], [-36.15279, -0.07232], [-36.15328, -0.07307], [-36.1549, -0.07587], [-36.16199, -0.08615], [-36.16461, -0.08925], [-36.16582, -0.09069], [-36.16702, -0.09213], [-36.16719, -0.09229], [-36.16736, -0.09244], [-36.16913, -0.09596], [-36.17023, -0.09745], [-36.17132, -0.09893], [-36.1729, -0.10114], [-36.17411, -0.10254], [-36.17857, -0.10937], [-36.18156, -0.1128], [-36.18384, -0.11569], [-36.18566, -0.1176], [-36.18684, -0.12018], [-36.18786, -0.12167], [-36.20219, -0.14159], [-36.20358, -0.14394], [-36.20676, -0.14838], [-36.23392, -0.18585], [-36.23758, -0.19388], [-36.24164, -0.20228], [-36.25207, -0.22045], [-36.25698, -0.22921], [-36.27779, -0.2583], [-36.28299, -0.26521], [-36.28461, -0.26752], [-36.29152, -0.27642], [-36.29491, -0.28134], [-36.30389, -0.29197], [-36.31227, -0.30094], [-36.31454, -0.30337], [-36.31779, -0.30695], [-36.31843, -0.30755], [-36.31907, -0.30814], [-36.32126, -0.3111], [-36.32345, -0.31389], [-36.3258, -0.31628], [-36.32815, -0.31868], [-36.32988, -0.32034], [-36.33065, -0.32143], [-36.33117, -0.32215], [-36.34062, -0.3324], [-36.34385, -0.33667], [-36.34696, -0.33995], [-36.35216, -0.34558], [-36.35766, -0.3513], [-36.35996, -0.35408], [-36.36455, -0.35852], [-36.36746, -0.36307], [-36.37985, -0.37839], [-36.38309, -0.38302], [-36.38555, -0.38594], [-36.38697, -0.38757], [-36.40095, -0.40345], [-36.40128, -0.40408], [-36.40162, -0.4047], [-36.41367, -0.4264], [-36.41506, -0.42844], [-36.42592, -0.4488], [-36.42702, -0.4511], [-36.42864, -0.45395], [-36.42932, -0.45507], [-36.44359, -0.47995], [-36.44486, -0.48209], [-36.44613, -0.48421], [-36.4463, -0.48463], [-36.44647, -0.48504], [-36.44664, -0.48546], [-36.44698, -0.48603], [-36.44934, -0.49077], [-36.45069, -0.49307], [-36.45144, -0.49415], [-36.4586, -0.50741], [-36.47088, -0.52545], [-36.47207, -0.52796], [-36.47493, -0.53482], [-36.47637, -0.53707], [-36.48793, -0.55522], [-36.48838, -0.5568], [-36.4893, -0.55826], [-36.4905, -0.55948], [-36.49324, -0.5649], [-36.49458, -0.56822], [-36.49514, -0.56895], [-36.50243, -0.58211], [-36.50393, -0.58438], [-36.50525, -0.58639], [-36.50649, -0.58792], [-36.50754, -0.58962], [-36.50859, -0.59131], [-36.51077, -0.59584], [-36.51471, -0.6032], [-36.5192, -0.61219], [-36.5201, -0.61371], [-36.52069, -0.61434], [-36.52583, -0.62134], [-36.52921, -0.6245], [-36.53028, -0.62561], [-36.54266, -0.63749], [-36.54428, -0.63927], [-36.54719, -0.64213], [-36.55127, -0.64585], [-36.56101, -0.65541], [-36.56359, -0.65805], [-36.56407, -0.65889], [-36.57263, -0.67204], [-36.57463, -0.67522], [-36.57674, -0.67822], [-36.57725, -0.679], [-36.57905, -0.68107], [-36.5803, -0.6832], [-36.58428, -0.68918], [-36.5864, -0.6913], [-36.58833, -0.69334], [-36.59059, -0.69654], [-36.60474, -0.71791], [-36.60775, -0.7221], [-36.60994, -0.7248], [-36.61186, -0.72787], [-36.61701, -0.73509], [-36.61784, -0.73652], [-36.63541, -0.76119], [-36.63847, -0.76666], [-36.64121, -0.77054], [-36.64294, -0.77267], [-36.64408, -0.77421], [-36.64523, -0.77573], [-36.64637, -0.77727], [-36.64751, -0.7788], [-36.64915, -0.78075], [-36.65164, -0.78756], [-36.6538, -0.79049], [-36.65421, -0.79094], [-36.66066, -0.79786], [-36.67016, -0.81227], [-36.67383, -0.81674], [-36.67498, -0.81809], [-36.67857, -0.82278], [-36.67972, -0.82411], [-36.68453, -0.82973], [-36.69528, -0.84293], [-36.69891, -0.8464], [-36.71036, -0.85841], [-36.71551, -0.86466], [-36.72022, -0.87049], [-36.7249, -0.87654], [-36.7255, -0.87722], [-36.72681, -0.87841], [-36.72854, -0.88165], [-36.73294, -0.88788], [-36.73556, -0.89154], [-36.74264, -0.90156], [-36.75647, -0.92111], [-36.75756, -0.9224], [-36.77169, -0.93757], [-36.79458, -0.96294], [-36.80687, -0.98082], [-36.80731, -0.98168], [-36.81436, -0.99186], [-36.81742, -0.99618], [-36.81786, -0.99679], [-36.82051, -0.99994], [-36.8271, -1.00885], [-36.82998, -1.01331], [-36.83459, -1.01913], [-36.83595, -1.02152], [-36.83745, -1.02377], [-36.83845, -1.02528], [-36.83945, -1.02678], [-36.83995, -1.02753], [-36.84325, -1.03213], [-36.84378, -1.0327], [-36.84829, -1.03718], [-36.85288, -1.04137], [-36.87103, -1.06506], [-36.87915, -1.07597], [-36.8808, -1.07774], [-36.88246, -1.0795], [-36.883, -1.08], [-36.88355, -1.08049], [-36.88734, -1.08565], [-36.88832, -1.08703], [-36.89236, -1.09223], [-36.89426, -1.09436], [-36.89476, -1.0947], [-36.89527, -1.09505], [-36.89582, -1.09559], [-36.90383, -1.10546], [-36.90579, -1.10841], [-36.90677, -1.10988], [-36.908, -1.11255], [-36.90927, -1.11564], [-36.91078, -1.11736], [-36.91836, -1.12653], [-36.92236, -1.13127], [-36.93407, -1.14528], [-36.94048, -1.15312], [-36.95401, -1.16891], [-36.95759, -1.17332], [-36.95857, -1.17461], [-36.96566, -1.1823], [-36.97135, -1.18988], [-36.98205, -1.20156], [-36.99185, -1.21408], [-36.99557, -1.21875], [-36.99701, -1.22063], [-36.9976, -1.22133], [-36.9982, -1.22203], [-36.99878, -1.22272], [-36.99937, -1.22342], [-36.99997, -1.22411], [-37.00321, -1.22769], [-37.00349, -1.22804], [-37.01375, -1.24131], [-37.01675, -1.24507], [-37.01706, -1.24543], [-37.02531, -1.25561], [-37.03028, -1.26179], [-37.04186, -1.27623], [-37.04223, -1.27674], [-37.0443, -1.27921], [-37.04636, -1.28168], [-37.05491, -1.29221], [-37.06603, -1.30555], [-37.06733, -1.30697], [-37.07723, -1.31942], [-37.079, -1.3217], [-37.08015, -1.32305], [-37.08426, -1.32799], [-37.08509, -1.32912], [-37.08765, -1.3327], [-37.08951, -1.3351], [-37.091, -1.3369], [-37.10636, -1.35576], [-37.10775, -1.35747], [-37.10912, -1.35916], [-37.11381, -1.36516], [-37.11832, -1.3708], [-37.12046, -1.3733], [-37.12259, -1.37578], [-37.1232, -1.37648], [-37.12381, -1.37717], [-37.12441, -1.37786], [-37.1351, -1.39084], [-37.13858, -1.3951], [-37.13917, -1.39593], [-37.14117, -1.3984], [-37.14344, -1.40133], [-37.14532, -1.40391], [-37.1478, -1.40664], [-37.1483, -1.40737], [-37.15598, -1.41645], [-37.16012, -1.42179], [-37.16203, -1.42416], [-37.16521, -1.42804], [-37.16644, -1.42955], [-37.16787, -1.43107], [-37.17456, -1.43843], [-37.18107, -1.44608], [-37.18246, -1.44803], [-37.18395, -1.45008], [-37.19549, -1.46643], [-37.19663, -1.46797], [-37.19777, -1.46953], [-37.1989, -1.47107], [-37.19912, -1.47142], [-37.19935, -1.47175], [-37.19957, -1.47209], [-37.20201, -1.47489], [-37.20595, -1.48057], [-37.21058, -1.4876], [-37.21871, -1.4998], [-37.22851, -1.51101], [-37.23018, -1.51299], [-37.23335, -1.51672], [-37.23369, -1.51705], [-37.23575, -1.51933], [-37.23936, -1.5232], [-37.24365, -1.5281], [-37.24607, -1.53073], [-37.24728, -1.53205], [-37.25207, -1.53756], [-37.25573, -1.54168], [-37.26233, -1.54919], [-37.26476, -1.55179], [-37.26882, -1.55678], [-37.26945, -1.55746], [-37.27008, -1.55814], [-37.27198, -1.56031], [-37.27389, -1.56247], [-37.27439, -1.563], [-37.27574, -1.56428], [-37.27709, -1.56556], [-37.27825, -1.56648], [-37.27925, -1.56753], [-37.28419, -1.57414], [-37.28602, -1.57622], [-37.28811, -1.57891], [-37.29697, -1.58875], [-37.30087, -1.59269], [-37.30325, -1.59552], [-37.305, -1.59763], [-37.31805, -1.61227], [-37.32145, -1.61622], [-37.32515, -1.6204], [-37.32634, -1.62172], [-37.3415, -1.63899], [-37.34352, -1.64154], [-37.34434, -1.64234], [-37.34518, -1.64316], [-37.34573, -1.64369], [-37.34628, -1.64423], [-37.3629, -1.66284], [-37.36797, -1.66953], [-37.3693, -1.67121], [-37.37237, -1.67509], [-37.37262, -1.67711], [-37.37339, -1.67971], [-37.37924, -1.68807], [-37.38078, -1.69089], [-37.38171, -1.69218], [-37.38813, -1.70078], [-37.38945, -1.70263], [-37.39264, -1.70702], [-37.40006, -1.71758], [-37.40271, -1.72088], [-37.40617, -1.72619], [-37.40631, -1.72638], [-37.40952, -1.73049], [-37.4103, -1.73147], [-37.4254, -1.75233], [-37.42562, -1.75271], [-37.42781, -1.75572], [-37.43394, -1.76293], [-37.44399, -1.7744], [-37.4491, -1.77975], [-37.4528, -1.78425], [-37.45645, -1.78919], [-37.46741, -1.80466], [-37.47152, -1.81057], [-37.47912, -1.82112], [-37.47927, -1.82138], [-37.48086, -1.82361], [-37.49009, -1.83642], [-37.49188, -1.83869], [-37.49367, -1.84095], [-37.49413, -1.84159], [-37.49459, -1.84223], [-37.49504, -1.84287], [-37.49816, -1.84737], [-37.49983, -1.84981], [-37.50124, -1.85188], [-37.50334, -1.85455], [-37.50741, -1.86053], [-37.50932, -1.86346], [-37.51174, -1.86666], [-37.51416, -1.86985], [-37.51429, -1.87004], [-37.5144, -1.87022], [-37.51574, -1.87203], [-37.51708, -1.87385], [-37.51842, -1.87566], [-37.51976, -1.87746], [-37.52019, -1.878], [-37.52061, -1.87853], [-37.52104, -1.87906], [-37.52161, -1.8798], [-37.52581, -1.88595], [-37.5269, -1.88757], [-37.53301, -1.89628], [-37.53462, -1.8988], [-37.53581, -1.90052], [-37.53952, -1.90549], [-37.53998, -1.9061], [-37.54091, -1.90732], [-37.54578, -1.91425], [-37.54626, -1.91485], [-37.54673, -1.91545], [-37.54721, -1.91604], [-37.55078, -1.92025], [-37.55266, -1.92247], [-37.55313, -1.92294], [-37.5536, -1.92341], [-37.55582, -1.92602], [-37.56529, -1.93604], [-37.56795, -1.93916], [-37.57104, -1.9428], [-37.57136, -1.94328], [-37.57372, -1.9465], [-37.57529, -1.94865], [-37.57686, -1.95079], [-37.57822, -1.95285], [-37.5786, -1.9535], [-37.58136, -1.95742], [-37.58542, -1.96311], [-37.58854, -1.96739], [-37.59177, -1.9718], [-37.59481, -1.97623], [-37.60203, -1.98643], [-37.61094, -1.9987], [-37.61691, -2.00662], [-37.62245, -2.01387], [-37.6234, -2.01528], [-37.62522, -2.01747], [-37.62703, -2.01965], [-37.62829, -2.02112], [-37.62955, -2.02259], [-37.62991, -2.02288], [-37.63026, -2.02319], [-37.63062, -2.02349], [-37.63553, -2.0286], [-37.63789, -2.03108], [-37.63829, -2.03159], [-37.63868, -2.03208], [-37.64448, -2.03825], [-37.65312, -2.04726], [-37.6553, -2.04942], [-37.65803, -2.05265], [-37.65938, -2.05506], [-37.66459, -2.06492], [-37.67249, -2.07471], [-37.67367, -2.07631], [-37.67501, -2.07806], [-37.67573, -2.07921], [-37.6811, -2.0864], [-37.69464, -2.10508], [-37.70602, -2.11899], [-37.71164, -2.12693], [-37.71536, -2.13168], [-37.72149, -2.14035], [-37.72881, -2.1491], [-37.7461, -2.17086], [-37.75072, -2.17797], [-37.7522, -2.17977], [-37.75543, -2.184], [-37.76004, -2.18883], [-37.76443, -2.19441], [-37.76769, -2.1986], [-37.78431, -2.22145], [-37.78977, -2.22915], [-37.79209, -2.23216], [-37.79335, -2.23376], [-37.79415, -2.23494], [-37.79685, -2.23748], [-37.80278, -2.2464], [-37.80579, -2.24995], [-37.807, -2.25127], [-37.82491, -2.27453], [-37.83057, -2.2819], [-37.84046, -2.29495], [-37.84718, -2.30322], [-37.85933, -2.31997], [-37.86265, -2.32455], [-37.87244, -2.33726], [-37.87815, -2.3445], [-37.88757, -2.35732], [-37.89046, -2.36116], [-37.89077, -2.36166], [-37.90123, -2.37505], [-37.90323, -2.37811], [-37.90582, -2.38222], [-37.9084, -2.38632], [-37.91034, -2.3894], [-37.91228, -2.39248], [-37.91358, -2.39453], [-37.91487, -2.39658], [-37.9168, -2.39951], [-37.91894, -2.40166], [-37.92686, -2.40992], [-37.9343, -2.41976], [-37.93693, -2.42321], [-37.9515, -2.44248], [-37.95949, -2.45289], [-37.96104, -2.45454], [-37.96222, -2.45611], [-37.96486, -2.4587], [-37.98155, -2.48192], [-37.98664, -2.49034], [-37.98848, -2.49221], [-37.99561, -2.50017], [-37.997, -2.50178], [-38.00645, -2.51498], [-38.00796, -2.51768], [-38.01452, -2.52671], [-38.01462, -2.52685], [-38.02132, -2.53615], [-38.02147, -2.53633], [-38.02332, -2.53836], [-38.02508, -2.5405], [-38.05164, -2.57468], [-38.05289, -2.57603], [-38.05697, -2.58157], [-38.06092, -2.58712], [-38.06669, -2.59449], [-38.07218, -2.60147], [-38.07727, -2.6082], [-38.0828, -2.61511], [-38.08425, -2.61693], [-38.09731, -2.63415], [-38.09932, -2.63704], [-38.10356, -2.64239], [-38.1058, -2.6452], [-38.11021, -2.65071], [-38.11286, -2.65447], [-38.12216, -2.66765], [-38.12942, -2.67724], [-38.12973, -2.67771], [-38.14184, -2.69376], [-38.14287, -2.69516], [-38.14663, -2.70017], [-38.14789, -2.70186], [-38.14915, -2.70354], [-38.14939, -2.70391], [-38.14964, -2.70427], [-38.14988, -2.70464], [-38.15042, -2.70528], [-38.15324, -2.70892], [-38.1552, -2.71201], [-38.15631, -2.71342], [-38.15743, -2.71484], [-38.15855, -2.71625], [-38.15958, -2.71756], [-38.16331, -2.72149], [-38.16449, -2.72291], [-38.16744, -2.72672], [-38.1698, -2.72983], [-38.17215, -2.73296], [-38.17787, -2.74031], [-38.17874, -2.74129], [-38.18721, -2.75244], [-38.18976, -2.75594], [-38.19245, -2.75964], [-38.19527, -2.76353], [-38.20309, -2.7744], [-38.20774, -2.78118], [-38.22366, -2.80129], [-38.22486, -2.8026], [-38.22566, -2.80374], [-38.22844, -2.80779], [-38.23259, -2.81275], [-38.2342, -2.81508], [-38.23583, -2.81742], [-38.23809, -2.82045], [-38.2472, -2.82748], [-38.24944, -2.829], [-38.25299, -2.83139], [-38.26123, -2.83775], [-38.26437, -2.84229], [-38.2706, -2.85055], [-38.27298, -2.85373], [-38.27686, -2.85881], [-38.2848, -2.86998], [-38.28606, -2.8716], [-38.28935, -2.8754], [-38.30198, -2.88755], [-38.31149, -2.90005], [-38.31282, -2.9018], [-38.31415, -2.90356], [-38.31501, -2.90471], [-38.31586, -2.90587], [-38.31671, -2.90702], [-38.31764, -2.90829], [-38.32281, -2.91473], [-38.32432, -2.91681], [-38.33952, -2.93712], [-38.34349, -2.94227], [-38.34628, -2.94584], [-38.34652, -2.94612], [-38.34893, -2.9493], [-38.34913, -2.94969], [-38.35258, -2.95432], [-38.35464, -2.95706], [-38.3552, -2.95782], [-38.36503, -2.97041], [-38.36708, -2.97334], [-38.37444, -2.98293], [-38.38085, -2.9916], [-38.38432, -2.99635], [-38.38712, -2.99962], [-38.39232, -3.00521], [-38.39258, -3.00556], [-38.3969, -3.0102], [-38.40153, -3.01537], [-38.40643, -3.02117], [-38.41, -3.02565], [-38.41251, -3.02881], [-38.41383, -3.03046], [-38.41417, -3.03095], [-38.41596, -3.03354], [-38.41697, -3.03491], [-38.4186, -3.0371], [-38.4199, -3.03885], [-38.4212, -3.04058], [-38.4225, -3.04232], [-38.42456, -3.04501], [-38.4249, -3.04552], [-38.42524, -3.04603], [-38.42881, -3.05061], [-38.4305, -3.05277], [-38.43135, -3.05396], [-38.43219, -3.05515], [-38.43367, -3.05721], [-38.43605, -3.06021], [-38.4388, -3.06374], [-38.4623, -3.09474], [-38.46558, -3.099], [-38.46919, -3.10408], [-38.4712, -3.10654], [-38.47173, -3.10728], [-38.47645, -3.11384], [-38.47743, -3.11538], [-38.48017, -3.1189], [-38.48108, -3.12], [-38.4813, -3.12023], [-38.4842, -3.12388], [-38.48623, -3.1265], [-38.48642, -3.12671], [-38.48848, -3.12932], [-38.50024, -3.14451], [-38.50308, -3.14835], [-38.508, -3.15473], [-38.50974, -3.15698], [-38.51245, -3.16061], [-38.51397, -3.16266], [-38.51548, -3.1647], [-38.517, -3.16675], [-38.51852, -3.16879], [-38.52055, -3.17156], [-38.52078, -3.1719], [-38.52308, -3.17474], [-38.53952, -3.19976]]}}, {"type": "Feature", "properties": {"ssGmStId": 248, "ssGmStNm": "P0519-E0500-L0503-MTVFL", "cmpnntGmId": 4, "ss2dUqLnId": "P0519-E0500-L0503-MTVFL", "district": "LANDMARK", "project": "NEOGENO_FOZAMAZONAS", "subprj": "ALL_DATA", "owtype": "Seis2DLine", "Shape_Leng": 0.0, "OBJECTID": 36}, "geometry": {"type": "LineString", "coordinates": [[-39.2563, -2.75913], [-39.22376, -2.72874], [-39.20935, -2.71341], [-39.18088, -2.67334], [-39.17103, -2.65212], [-39.14919, -2.62027], [-39.12646, -2.59114], [-39.1005, -2.55074], [-39.06451, -2.5043], [-39.0552, -2.49735], [-39.03983, -2.47068], [-39.02815, -2.46258], [-38.72727, -2.06789], [-38.68301, -2.03568], [-38.66303, -2.01319], [-38.58923, -1.87603], [-38.50128, -1.79093], [-38.42108, -1.66716], [-38.33214, -1.55066], [-38.15973, -1.32024], [-38.11306, -1.27121], [-38.06204, -1.19172], [-38.03739, -1.16655], [-37.93715, -1.03252], [-37.92923, -1.02365], [-37.89884, -0.99949], [-37.89276, -0.993], [-37.88565, -0.98118], [-37.87458, -0.96829], [-37.80215, -0.85611], [-37.78982, -0.84198], [-37.76951, -0.81614], [-37.75836, -0.79775], [-37.67199, -0.6806], [-37.62358, -0.61815], [-37.60259, -0.59539], [-37.57782, -0.5628], [-37.55743, -0.53549], [-37.48676, -0.4432], [-37.40458, -0.34536], [-37.3827, -0.31653], [-37.36365, -0.2813], [-37.31436, -0.21667], [-37.31188, -0.2118], [-37.30043, -0.19922], [-37.25792, -0.14301], [-37.20581, -0.07923], [-37.17445, -0.02464], [-37.12954, 0.04384], [-37.05659, 0.1312], [-37.03225, 0.15664], [-37.01388, 0.17989], [-36.98632, 0.21973], [-36.96714, 0.23859], [-36.90389, 0.32434], [-36.89461, 0.33434], [-36.81902, 0.43787], [-36.80565, 0.45392], [-36.79129, 0.46558], [-36.78479, 0.4733], [-36.77328, 0.49115], [-36.76584, 0.50715], [-36.72838, 0.56436], [-36.70176, 0.604], [-36.69433, 0.61092], [-36.66038, 0.63999], [-36.64582, 0.65434], [-36.58683, 0.72481], [-36.5344, 0.79014], [-36.48212, 0.85175], [-36.47187, 0.86661], [-36.44359, 0.90169], [-36.41639, 0.94693], [-36.39242, 0.9934], [-36.32978, 1.08041], [-36.30887, 1.1073], [-36.27449, 1.14327], [-36.20012, 1.24279], [-36.17848, 1.27054], [-36.16559, 1.28375], [-36.15224, 1.30319], [-36.13496, 1.32469], [-36.0973, 1.37566], [-36.06776, 1.41755], [-36.04323, 1.44836], [-36.01865, 1.48345], [-35.9904, 1.51744], [-35.97763, 1.53555], [-35.97022, 1.5431], [-35.93417, 1.59258], [-35.84287, 1.71129], [-35.78668, 1.78961], [-35.77602, 1.80277], [-35.74608, 1.83448], [-35.7297, 1.85491], [-35.71505, 1.87542]]}}, {"type": "Feature", "properties": {"ssGmStId": 249, "ssGmStNm": "P0519-E0500-L0504-MTVFL", "cmpnntGmId": 4, "ss2dUqLnId": "P0519-E0500-L0504-MTVFL", "district": "LANDMARK", "project": "NEOGENO_FOZAMAZONAS", "subprj": "ALL_DATA", "owtype": "Seis2DLine", "Shape_Leng": 0.0, "OBJECTID": 37}, "geometry": {"type": "LineString", "coordinates": [[-36.51524, 2.16119], [-36.54514, 2.11406], [-36.55553, 2.10222], [-36.56555, 2.09021], [-36.57398, 2.07994], [-36.58181, 2.07071], [-36.58812, 2.06328], [-36.59348, 2.05663], [-36.59837, 2.05123], [-36.60316, 2.04569], [-36.60717, 2.04111], [-36.61038, 2.03744], [-36.61365, 2.03381], [-36.61732, 2.02962], [-36.63095, 2.01277], [-36.64593, 1.98572], [-36.68974, 1.93147], [-36.70674, 1.91056], [-36.73761, 1.87229], [-36.76278, 1.83223], [-36.78132, 1.81132], [-36.86981, 1.70282], [-36.87717, 1.69045], [-36.88574, 1.68242], [-36.90806, 1.66161], [-37.00312, 1.53872], [-37.0298, 1.50892], [-37.13379, 1.38292], [-37.18067, 1.322], [-37.24892, 1.23687], [-37.28216, 1.19652], [-37.3047, 1.16883], [-37.326, 1.14263], [-37.34044, 1.12506], [-37.35133, 1.11174], [-37.36718, 1.09204], [-37.37955, 1.07661], [-37.38964, 1.06407], [-37.39958, 1.05155], [-37.41032, 1.03856], [-37.4907, 0.93977], [-37.5854, 0.81957], [-37.84138, 0.49563], [-38.02653, 0.26352], [-38.04193, 0.24503], [-38.06703, 0.22763], [-38.14762, 0.12934], [-38.16103, 0.1101], [-38.16724, 0.09785], [-38.22532, 0.01428], [-38.24307, -0.00873], [-38.30582, -0.07011], [-38.32105, -0.08869], [-38.33406, -0.10748], [-38.40106, -0.18044], [-38.43924, -0.23041], [-38.4569, -0.24866], [-38.49307, -0.28317], [-38.52514, -0.32634], [-38.53685, -0.34011], [-38.56695, -0.3781], [-38.72537, -0.58597], [-38.88882, -0.79634], [-38.9082, -0.81979], [-38.93283, -0.84579], [-39.02225, -0.95629], [-39.08422, -1.02996], [-39.12326, -1.07812], [-39.13565, -1.09874], [-39.21482, -1.19564]]}}, {"type": "Feature", "properties": {"ssGmStId": 250, "ssGmStNm": "P0519-E0500-L0513-MTVFL", "cmpnntGmId": 4, "ss2dUqLnId": "P0519-E0500-L0513-MTVFL", "district": "LANDMARK", "project": "NEOGENO_FOZAMAZONAS", "subprj": "ALL_DATA", "owtype": "Seis2DLine", "Shape_Leng": 0.0, "OBJECTID": 38}, "geometry": {"type": "LineString", "coordinates": [[-39.20147, -1.15711], [-39.18109, -1.16383], [-39.13192, -1.18423], [-39.06625, -1.22642], [-39.0454, -1.23809], [-38.96968, -1.27243], [-38.87456, -1.32549], [-38.86624, -1.33273], [-38.82779, -1.35375], [-38.79704, -1.37265], [-38.74835, -1.39857], [-38.73567, -1.4017], [-38.71821, -1.40932], [-38.69384, -1.42841], [-38.68169, -1.43425], [-38.65001, -1.45267], [-38.5973, -1.48783], [-38.54547, -1.51702], [-38.50745, -1.54364], [-38.41295, -1.6019], [-38.38024, -1.6146], [-38.27728, -1.67866], [-38.25461, -1.68895], [-38.16453, -1.74098], [-38.08322, -1.78883], [-37.98872, -1.84304], [-37.95952, -1.85895], [-37.91022, -1.88892], [-37.81821, -1.94139], [-37.66641, -2.03082], [-37.61086, -2.05766], [-37.58576, -2.06963], [-37.56722, -2.07846], [-37.53439, -2.09501], [-37.51655, -2.11181], [-37.48801, -2.13244], [-37.48052, -2.13987], [-37.42764, -2.17227], [-37.39402, -2.19192], [-37.37747, -2.19848], [-37.3695, -2.20325], [-37.36212, -2.20739], [-37.35622, -2.21074], [-37.35114, -2.21374], [-37.34604, -2.21676], [-37.34164, -2.21932], [-37.33802, -2.22138], [-37.33514, -2.22313], [-37.33222, -2.22492], [-37.32924, -2.22657], [-37.32706, -2.22793], [-37.31901, -2.23258], [-37.30597, -2.24027], [-37.1548, -2.31809], [-37.14171, -2.32652], [-37.13263, -2.33274], [-37.12555, -2.33928], [-37.12111, -2.34386], [-37.11768, -2.34723], [-37.11229, -2.35214], [-37.10127, -2.36122], [-36.99638, -2.42757], [-36.97135, -2.44102], [-36.95968, -2.44471], [-36.93993, -2.4514], [-36.90711, -2.47191]]}}, {"type": "Feature", "properties": {"ssGmStId": 251, "ssGmStNm": "P0521-E0501-L0021-MTVFL", "cmpnntGmId": 4, "ss2dUqLnId": "P0521-E0501-L0021-MTVFL", "district": "LANDMARK", "project": "NEOGENO_FOZAMAZONAS", "subprj": "ALL_DATA", "owtype": "Seis2DLine", "Shape_Leng": 0.0, "OBJECTID": 39}, "geometry": {"type": "LineString", "coordinates": [[-47.05312, 1.51696], [-46.99297, 1.59862], [-46.98209, 1.61866], [-46.97391, 1.62654], [-46.90624, 1.7546], [-46.89427, 1.76355], [-46.87989, 1.77386], [-46.85233, 1.80237], [-46.84648, 1.81277], [-46.83296, 1.84814], [-46.82694, 1.85627], [-46.79883, 1.88933], [-46.77602, 1.90454], [-46.76684, 1.91423], [-46.7235, 1.93487], [-46.70716, 1.94691], [-46.69494, 1.95023], [-46.68271, 1.9561], [-46.66529, 1.97539], [-46.65924, 1.98034], [-46.63055, 2.01512], [-46.61371, 2.03781], [-46.55613, 2.10941], [-46.54554, 2.12278], [-46.52692, 2.14572], [-46.51473, 2.16549], [-46.49896, 2.19835], [-46.48135, 2.21957], [-46.47443, 2.22996], [-46.44466, 2.25895], [-46.42627, 2.28044], [-46.40677, 2.29408], [-46.39354, 2.30624], [-46.32982, 2.38713], [-46.30494, 2.41482], [-46.27063, 2.45771]]}}, {"type": "Feature", "properties": {"ssGmStId": 252, "ssGmStNm": "P0521-E0501-L0021A-MTVFL", "cmpnntGmId": 4, "ss2dUqLnId": "P0521-E0501-L0021A-MTVFL", "district": "LANDMARK", "project": "NEOGENO_FOZAMAZONAS", "subprj": "ALL_DATA", "owtype": "Seis2DLine", "Shape_Leng": 0.0, "OBJECTID": 40}, "geometry": {"type": "LineString", "coordinates": [[-46.28101, 2.47788], [-46.24792, 2.51665], [-46.23181, 2.53881], [-46.17173, 2.60783], [-46.16368, 2.61851], [-46.15619, 2.63241], [-46.14381, 2.64797], [-46.14514, 2.64938], [-46.13997, 2.65318], [-46.09602, 2.70767], [-46.09364, 2.70822], [-46.0578, 2.748], [-46.05154, 2.75982], [-46.02067, 2.79333], [-46.00488, 2.81578], [-45.91193, 2.91508], [-45.87846, 2.95251], [-45.87186, 2.96555], [-45.85971, 3.00024], [-45.80422, 3.06057], [-45.7843, 3.09094], [-45.70272, 3.1824], [-45.68686, 3.20607], [-45.67701, 3.22532], [-45.67474, 3.22807], [-45.67401, 3.22921], [-45.67362, 3.22974], [-45.67178, 3.23059], [-45.6648, 3.24113], [-45.65067, 3.25781], [-45.62558, 3.28889], [-45.61199, 3.3049], [-45.58831, 3.33538], [-45.56225, 3.36608], [-45.54932, 3.38333], [-45.53977, 3.39527], [-45.52479, 3.41498], [-45.49119, 3.45394], [-45.48654, 3.46188], [-45.47605, 3.47386], [-45.43904, 3.51935], [-45.41164, 3.55672], [-45.23597, 3.77372], [-45.2084, 3.81019], [-45.19951, 3.81887], [-45.15679, 3.87295], [-45.13261, 3.89707], [-45.12086, 3.9131], [-45.11689, 3.9232], [-45.10234, 3.94254], [-45.09606, 3.95094], [-45.08449, 3.96674], [-45.07348, 3.98143], [-45.05896, 4.0006], [-45.0492, 4.0153], [-45.02247, 4.04189], [-45.00651, 4.06232], [-44.96307, 4.12213], [-44.95151, 4.14258], [-44.93363, 4.16236], [-44.91487, 4.1951], [-44.90215, 4.21017], [-44.89738, 4.21543], [-44.88404, 4.23287], [-44.8689, 4.24339], [-44.85015, 4.25974], [-44.83457, 4.27383], [-44.79461, 4.32508], [-44.75684, 4.37454], [-44.74182, 4.39295], [-44.7243, 4.40887], [-44.63569, 4.52035], [-44.58959, 4.57958], [-44.58217, 4.59904], [-44.57078, 4.60929]]}}, {"type": "Feature", "properties": {"ssGmStId": 253, "ssGmStNm": "P0521-E0501-L0022-MTVFL", "cmpnntGmId": 4, "ss2dUqLnId": "P0521-E0501-L0022-MTVFL", "district": "LANDMARK", "project": "NEOGENO_FOZAMAZONAS", "subprj": "ALL_DATA", "owtype": "Seis2DLine", "Shape_Leng": 0.0, "OBJECTID": 41}, "geometry": {"type": "LineString", "coordinates": [[-47.5428, 2.31393], [-47.51729, 2.34973], [-47.50049, 2.37666], [-47.49507, 2.38261], [-47.47201, 2.40157], [-47.46903, 2.40599], [-47.43498, 2.43962], [-47.42937, 2.4489], [-47.418, 2.4649], [-47.40392, 2.47892], [-47.37754, 2.51283], [-47.33359, 2.55877], [-47.31913, 2.57758], [-47.2195, 2.6739], [-47.20407, 2.69272], [-47.17958, 2.7266], [-47.09995, 2.80228], [-47.09398, 2.82062], [-47.09003, 2.82603], [-47.08883, 2.85307], [-47.0915, 2.95105], [-47.0858, 2.96165], [-47.04015, 3.00492], [-47.02557, 3.01631], [-46.98648, 3.04039], [-46.93917, 3.066], [-46.92769, 3.07533], [-46.91067, 3.09749], [-46.87598, 3.14149], [-46.84584, 3.18278], [-46.80389, 3.23553], [-46.7745, 3.27717], [-46.76319, 3.29026], [-46.75657, 3.30314], [-46.7343, 3.33277], [-46.72363, 3.35028], [-46.69767, 3.38323]]}}, {"type": "Feature", "properties": {"ssGmStId": 254, "ssGmStNm": "P0521-E0501-L0022A-MTVFL", "cmpnntGmId": 4, "ss2dUqLnId": "P0521-E0501-L0022A-MTVFL", "district": "LANDMARK", "project": "NEOGENO_FOZAMAZONAS", "subprj": "ALL_DATA", "owtype": "Seis2DLine", "Shape_Leng": 0.0, "OBJECTID": 42}, "geometry": {"type": "LineString", "coordinates": [[-46.69446, 3.38272], [-46.64225, 3.44955], [-46.60454, 3.49093], [-46.58687, 3.51499], [-46.57897, 3.52907], [-46.54863, 3.56565], [-46.5371, 3.57719], [-46.49717, 3.62955], [-46.42151, 3.70675], [-46.39744, 3.73905], [-46.3799, 3.77168], [-46.36516, 3.78662], [-46.35854, 3.80875], [-46.27909, 3.9024], [-46.24227, 3.94371], [-46.10707, 4.06858], [-46.09722, 4.08098], [-46.09284, 4.10388], [-46.07674, 4.13993], [-46.03082, 4.17929], [-46.013, 4.20642], [-45.95354, 4.2578], [-45.93226, 4.30753], [-45.93022, 4.31629], [-45.92906, 4.32618], [-45.93002, 4.35331], [-45.92689, 4.35893], [-45.90972, 4.37972], [-45.90132, 4.39298], [-45.8766, 4.42169], [-45.86075, 4.44266], [-45.84088, 4.46733], [-45.73778, 4.59867]]}}, {"type": "Feature", "properties": {"ssGmStId": 255, "ssGmStNm": "P0521-E0501-L0022B-MTVFL", "cmpnntGmId": 4, "ss2dUqLnId": "P0521-E0501-L0022B-MTVFL", "district": "LANDMARK", "project": "NEOGENO_FOZAMAZONAS", "subprj": "ALL_DATA", "owtype": "Seis2DLine", "Shape_Leng": 0.0, "OBJECTID": 43}, "geometry": {"type": "LineString", "coordinates": [[-47.51646, 2.33297], [-47.54709, 2.30307], [-47.55588, 2.28456], [-47.56853, 2.26795], [-47.57225, 2.25999], [-47.58662, 2.24015], [-47.60201, 2.22202], [-47.63797, 2.16764]]}}, {"type": "Feature", "properties": {"ssGmStId": 256, "ssGmStNm": "P0521-E0501-L0023-MTVFL", "cmpnntGmId": 4, "ss2dUqLnId": "P0521-E0501-L0023-MTVFL", "district": "LANDMARK", "project": "NEOGENO_FOZAMAZONAS", "subprj": "ALL_DATA", "owtype": "Seis2DLine", "Shape_Leng": 0.0, "OBJECTID": 44}, "geometry": {"type": "LineString", "coordinates": [[-45.9155, 6.00244], [-45.92313, 5.99366], [-45.93093, 5.98087], [-45.94329, 5.96497], [-45.95556, 5.94211], [-45.96326, 5.93164], [-45.96725, 5.9271], [-45.97035, 5.92414], [-45.97279, 5.9227], [-45.97477, 5.92134], [-45.97634, 5.91879], [-45.98683, 5.90837], [-46.08016, 5.78666], [-46.18477, 5.65072], [-46.22522, 5.59749], [-46.22656, 5.59366], [-46.23914, 5.5795], [-46.2773, 5.52983], [-46.32123, 5.45954], [-46.34102, 5.43672], [-46.351, 5.42798], [-46.36226, 5.41872], [-46.37233, 5.40707], [-46.37528, 5.40246], [-46.38219, 5.38902], [-46.411, 5.3391], [-46.41701, 5.32623], [-46.42908, 5.30629], [-46.43828, 5.29403], [-46.48897, 5.25041], [-46.50601, 5.22783], [-46.52117, 5.20692], [-46.53053, 5.18956], [-46.54077, 5.17532], [-46.56198, 5.1352], [-46.57886, 5.10352], [-46.58418, 5.09751], [-46.61576, 5.06785], [-46.64164, 5.01659], [-46.64426, 5.00207], [-46.64939, 4.99235], [-46.68664, 4.94663], [-46.71665, 4.90135], [-46.72962, 4.88887], [-46.7429, 4.87696], [-46.74835, 4.87198], [-46.75721, 4.86668], [-46.77202, 4.85431], [-46.80713, 4.83689], [-46.81423, 4.81988], [-46.83237, 4.80261], [-46.85189, 4.77879], [-46.88648, 4.733], [-46.90721, 4.70535], [-46.91865, 4.69147], [-46.92119, 4.68791], [-46.92484, 4.68295], [-47.00562, 4.57641], [-47.00949, 4.57411], [-47.01461, 4.56486], [-47.01776, 4.56275], [-47.02165, 4.558], [-47.02655, 4.54819], [-47.03593, 4.53808], [-47.05195, 4.50844], [-47.06077, 4.49749], [-47.08028, 4.47991], [-47.10658, 4.44477], [-47.11569, 4.43573]]}}, {"type": "Feature", "properties": {"ssGmStId": 257, "ssGmStNm": "P0521-E0501-L0023A-MTVFL", "cmpnntGmId": 4, "ss2dUqLnId": "P0521-E0501-L0023A-MTVFL", "district": "LANDMARK", "project": "NEOGENO_FOZAMAZONAS", "subprj": "ALL_DATA", "owtype": "Seis2DLine", "Shape_Leng": 0.0, "OBJECTID": 45}, "geometry": {"type": "LineString", "coordinates": [[-47.09282, 4.42627], [-47.12849, 4.40646], [-47.1326, 4.40188], [-47.17263, 4.33756], [-47.19526, 4.32291], [-47.21374, 4.30456], [-47.2351, 4.27674], [-47.25619, 4.24449], [-47.26759, 4.23022], [-47.28212, 4.21592], [-47.35444, 4.12424], [-47.36337, 4.10803], [-47.3934, 4.07694], [-47.42966, 4.02974]]}}, {"type": "Feature", "properties": {"ssGmStId": 258, "ssGmStNm": "P0521-E0501-L0023B-MTVFL", "cmpnntGmId": 4, "ss2dUqLnId": "P0521-E0501-L0023B-MTVFL", "district": "LANDMARK", "project": "NEOGENO_FOZAMAZONAS", "subprj": "ALL_DATA", "owtype": "Seis2DLine", "Shape_Leng": 0.0, "OBJECTID": 46}, "geometry": {"type": "LineString", "coordinates": [[-47.4709, 4.05847], [-47.54698, 3.95119], [-47.57618, 3.90994], [-47.5843, 3.89852], [-47.6391, 3.82038], [-47.74089, 3.67888], [-47.78191, 3.61888], [-47.9691, 3.35767], [-47.98519, 3.33109], [-47.99461, 3.31202], [-48.00328, 3.29904], [-48.01776, 3.2789], [-48.02901, 3.26326], [-48.03922, 3.24919], [-48.0489, 3.23565], [-48.05737, 3.22412], [-48.06446, 3.21414], [-48.07139, 3.20415], [-48.08212, 3.18942], [-48.13451, 3.117], [-48.14945, 3.09551], [-48.16654, 3.06775], [-48.18045, 3.03841], [-48.18367, 3.02589], [-48.20454, 2.98026], [-48.2264, 2.96262], [-48.25285, 2.94974], [-48.25537, 2.94674], [-48.26538, 2.92965], [-48.30345, 2.87626], [-48.31579, 2.85239], [-48.32834, 2.81786], [-48.36198, 2.76931]]}}, {"type": "Feature", "properties": {"ssGmStId": 259, "ssGmStNm": "P0521-E0501-L0024-MTVFL", "cmpnntGmId": 4, "ss2dUqLnId": "P0521-E0501-L0024-MTVFL", "district": "LANDMARK", "project": "NEOGENO_FOZAMAZONAS", "subprj": "ALL_DATA", "owtype": "Seis2DLine", "Shape_Leng": 0.0, "OBJECTID": 47}, "geometry": {"type": "LineString", "coordinates": [[-48.92527, 3.38181], [-48.91196, 3.39909], [-48.85173, 3.47895], [-48.83998, 3.4888], [-48.82592, 3.50558], [-48.80454, 3.53438], [-48.78853, 3.55592], [-48.7593, 3.59355], [-48.70681, 3.68709], [-48.69796, 3.70558], [-48.68439, 3.72238], [-48.67519, 3.7456], [-48.6432, 3.80156], [-48.61813, 3.82176], [-48.56794, 3.85607], [-48.55835, 3.86526], [-48.54971, 3.87517], [-48.47706, 3.98198], [-48.4542, 4.00806], [-48.44923, 4.01318], [-48.43054, 4.02464], [-48.41433, 4.03114], [-48.40399, 4.04146], [-48.38056, 4.06583], [-48.37466, 4.0796], [-48.36989, 4.08376], [-48.36074, 4.09825], [-48.35098, 4.10741], [-48.33632, 4.12763], [-48.31823, 4.14367], [-48.30716, 4.16138], [-48.29382, 4.18724], [-48.25141, 4.23925], [-48.22333, 4.27708], [-48.16995, 4.34196], [-48.10322, 4.42773], [-48.03348, 4.51777], [-47.96801, 4.59943], [-47.96567, 4.60427], [-47.93886, 4.639], [-47.93341, 4.64559], [-47.92661, 4.65194], [-47.90406, 4.68245], [-47.89286, 4.69569], [-47.82605, 4.77647], [-47.81394, 4.79829], [-47.79892, 4.81539], [-47.782, 4.8359], [-47.70408, 4.93658], [-47.68075, 4.95931], [-47.6659, 4.9838], [-47.62916, 5.0311], [-47.60975, 5.05501], [-47.54191, 5.11461], [-47.52703, 5.13906], [-47.50525, 5.18645], [-47.4832, 5.20713], [-47.45782, 5.23818], [-47.4437, 5.26081], [-47.42431, 5.28053], [-47.41216, 5.30237], [-47.37653, 5.33476], [-47.37194, 5.34328], [-47.36012, 5.37081], [-47.30956, 5.43442], [-47.29467, 5.45027], [-47.28208, 5.47204], [-47.27484, 5.48399], [-47.25449, 5.50906], [-47.22333, 5.54287], [-47.19729, 5.57743], [-47.14757, 5.63785], [-47.11299, 5.68293], [-47.07884, 5.72758], [-47.06728, 5.74215], [-47.04533, 5.76958], [-47.04481, 5.77176], [-46.99055, 5.83664], [-46.95569, 5.88549], [-46.92051, 5.93115], [-46.91611, 5.93631], [-46.89374, 5.95536], [-46.83787, 6.02899], [-46.81641, 6.04991], [-46.8053, 6.06801], [-46.76268, 6.1227], [-46.7583, 6.12955], [-46.75046, 6.14107], [-46.71594, 6.18975], [-46.70901, 6.20237], [-46.69781, 6.21151], [-46.68898, 6.22345], [-46.68403, 6.23362], [-46.66033, 6.25459], [-46.59814, 6.33383], [-46.54578, 6.42085], [-46.53476, 6.43151], [-46.49729, 6.45714], [-46.47156, 6.48838], [-46.46601, 6.50394], [-46.45795, 6.51722], [-46.4261, 6.54574], [-46.38641, 6.59058], [-46.37628, 6.61366], [-46.34975, 6.63697], [-46.31529, 6.67066]]}}, {"type": "Feature", "properties": {"ssGmStId": 260, "ssGmStNm": "P0521-E0501-L0025-MTVFL", "cmpnntGmId": 4, "ss2dUqLnId": "P0521-E0501-L0025-MTVFL", "district": "LANDMARK", "project": "NEOGENO_FOZAMAZONAS", "subprj": "ALL_DATA", "owtype": "Seis2DLine", "Shape_Leng": 0.0, "OBJECTID": 48}, "geometry": {"type": "LineString", "coordinates": [[-49.68208, 3.78029], [-49.66962, 3.79094], [-49.62766, 3.84369], [-49.61721, 3.85772], [-49.61706, 3.86039], [-49.60137, 3.87485], [-49.59435, 3.88356], [-49.58775, 3.89141], [-49.58388, 3.8963], [-49.58074, 3.9001], [-49.56883, 3.91486], [-49.56128, 3.92218], [-49.55138, 3.9348], [-49.54267, 3.94639], [-49.53699, 3.95348], [-49.53268, 3.95916], [-49.52708, 3.96588], [-49.51434, 3.98133], [-49.50526, 3.99241]]}}, {"type": "Feature", "properties": {"ssGmStId": 261, "ssGmStNm": "P0521-E0501-L0025A-MTVFL", "cmpnntGmId": 4, "ss2dUqLnId": "P0521-E0501-L0025A-MTVFL", "district": "LANDMARK", "project": "NEOGENO_FOZAMAZONAS", "subprj": "ALL_DATA", "owtype": "Seis2DLine", "Shape_Leng": 0.0, "OBJECTID": 49}, "geometry": {"type": "LineString", "coordinates": [[-49.50773, 3.99478], [-49.45268, 4.06248], [-49.4331, 4.08408], [-49.39402, 4.14219], [-49.36547, 4.17761], [-49.34344, 4.20106], [-49.33955, 4.20699], [-49.31162, 4.2348], [-49.27683, 4.26601], [-49.27401, 4.2743], [-49.2676, 4.2901], [-49.26475, 4.31136], [-49.25847, 4.31667], [-49.25278, 4.32108], [-49.24812, 4.32474], [-49.21498, 4.34958], [-49.17803, 4.39516], [-49.13436, 4.44752], [-49.12672, 4.45667], [-49.07668, 4.51748], [-49.05585, 4.54453], [-49.03817, 4.56038], [-49.0331, 4.56617], [-49.01138, 4.58805], [-49.00266, 4.60404], [-48.99474, 4.61176], [-48.98512, 4.62951], [-48.97229, 4.64446], [-48.9688, 4.6512], [-48.95921, 4.66104], [-48.95525, 4.66774], [-48.92928, 4.69766], [-48.91958, 4.70731], [-48.91906, 4.70979], [-48.91137, 4.7187], [-48.88676, 4.74514], [-48.87894, 4.75971], [-48.86903, 4.7711], [-48.86696, 4.77634], [-48.85982, 4.78256], [-48.85628, 4.7894], [-48.85058, 4.79455], [-48.84756, 4.79994], [-48.80621, 4.8448], [-48.798, 4.85657], [-48.77459, 4.8833], [-48.76537, 4.89775], [-48.73297, 4.93024], [-48.71299, 4.95769], [-48.67107, 4.99904], [-48.65888, 5.02882], [-48.60618, 5.08754], [-48.58439, 5.12219], [-48.55045, 5.16381], [-48.54191, 5.17744], [-48.53031, 5.18782], [-48.48339, 5.2483], [-48.47013, 5.25895], [-48.41424, 5.32005], [-48.39265, 5.3546], [-48.34774, 5.40707], [-48.33114, 5.42904], [-48.3248, 5.43416], [-48.30743, 5.45577], [-48.29568, 5.46762], [-48.27435, 5.49297], [-48.22331, 5.53724], [-48.19661, 5.5771], [-48.19535, 5.58156], [-48.18885, 5.59216], [-48.1784, 5.60155], [-48.17349, 5.61923], [-48.17108, 5.62474], [-48.14364, 5.65291], [-48.13495, 5.66969], [-48.11609, 5.68906], [-48.10821, 5.70017], [-48.08116, 5.72775], [-48.06852, 5.73796], [-48.06713, 5.74012], [-48.06963, 5.74256], [-48.0661, 5.7515], [-48.06052, 5.76108], [-48.04574, 5.7786], [-48.03136, 5.79371], [-48.02691, 5.7969], [-48.01416, 5.81259], [-47.9977, 5.8278], [-47.98978, 5.8364], [-47.98131, 5.84551], [-47.97623, 5.85056], [-47.95866, 5.86868], [-47.94152, 5.90554], [-47.93542, 5.91397], [-47.91709, 5.93444], [-47.90252, 5.95391], [-47.89138, 5.96494], [-47.88434, 5.973], [-47.87428, 5.98477], [-47.86022, 6.00056], [-47.85343, 6.01088], [-47.84565, 6.019], [-47.8417, 6.02598], [-47.83356, 6.03445], [-47.82207, 6.05071], [-47.78656, 6.09344]]}}, {"type": "Feature", "properties": {"ssGmStId": 262, "ssGmStNm": "P0521-E0501-L0025B-MTVFL", "cmpnntGmId": 4, "ss2dUqLnId": "P0521-E0501-L0025B-MTVFL", "district": "LANDMARK", "project": "NEOGENO_FOZAMAZONAS", "subprj": "ALL_DATA", "owtype": "Seis2DLine", "Shape_Leng": 0.0, "OBJECTID": 50}, "geometry": {"type": "LineString", "coordinates": [[-47.79251, 6.08674], [-47.78452, 6.09748], [-47.77799, 6.10594], [-47.77243, 6.11299], [-47.76838, 6.11795], [-47.7649, 6.12233], [-47.76226, 6.12525], [-47.76026, 6.12795], [-47.75848, 6.13009], [-47.74964, 6.14135], [-47.74754, 6.14362], [-47.74004, 6.14674], [-47.73213, 6.1567], [-47.7267, 6.17033], [-47.68991, 6.23553], [-47.67937, 6.24881], [-47.65849, 6.26218], [-47.63448, 6.2804], [-47.59575, 6.32867], [-47.58404, 6.34083]]}}, {"type": "Feature", "properties": {"ssGmStId": 263, "ssGmStNm": "P0521-E0501-L0025C-MTVFL", "cmpnntGmId": 4, "ss2dUqLnId": "P0521-E0501-L0025C-MTVFL", "district": "LANDMARK", "project": "NEOGENO_FOZAMAZONAS", "subprj": "ALL_DATA", "owtype": "Seis2DLine", "Shape_Leng": 0.0, "OBJECTID": 51}, "geometry": {"type": "LineString", "coordinates": [[-47.58513, 6.34372], [-47.58475, 6.34488], [-47.58067, 6.34389], [-47.57953, 6.34717], [-47.57467, 6.35083], [-47.56455, 6.36258], [-47.55877, 6.37159], [-47.54644, 6.385], [-47.51436, 6.42552], [-47.50867, 6.43063], [-47.49299, 6.45101], [-47.48797, 6.45517], [-47.4831, 6.46318], [-47.46901, 6.47925], [-47.45697, 6.49614], [-47.44311, 6.51123], [-47.43856, 6.51924], [-47.43269, 6.52372], [-47.42302, 6.53471], [-47.41892, 6.5417], [-47.41624, 6.54295], [-47.41384, 6.54745], [-47.40766, 6.55293], [-47.40387, 6.5594], [-47.36191, 6.60929], [-47.32793, 6.65262], [-47.31544, 6.6649], [-47.29397, 6.69246], [-47.26296, 6.72997], [-47.20944, 6.79386], [-47.19245, 6.81604], [-47.1822, 6.82596], [-47.17618, 6.83653], [-47.16584, 6.84698], [-47.14801, 6.87021], [-47.12752, 6.8883], [-47.12106, 6.90359], [-47.10102, 6.92424], [-47.0801, 6.95177], [-47.0521, 6.98423], [-46.98184, 7.08437], [-46.9351, 7.1388], [-46.87814, 7.22422], [-46.86273, 7.24017], [-46.82926, 7.26459]]}}, {"type": "Feature", "properties": {"ssGmStId": 264, "ssGmStNm": "P0521-E0501-L0026-MTVFL", "cmpnntGmId": 4, "ss2dUqLnId": "P0521-E0501-L0026-MTVFL", "district": "LANDMARK", "project": "NEOGENO_FOZAMAZONAS", "subprj": "ALL_DATA", "owtype": "Seis2DLine", "Shape_Leng": 0.0, "OBJECTID": 52}, "geometry": {"type": "LineString", "coordinates": [[-47.57527, 7.84487], [-47.59619, 7.81766], [-47.89542, 7.46942], [-47.90213, 7.45996], [-47.90794, 7.45564], [-47.91075, 7.44787], [-47.91789, 7.441], [-47.94503, 7.40651], [-47.95386, 7.39253], [-47.97483, 7.37582], [-47.98357, 7.36714], [-48.01915, 7.32245], [-48.07602, 7.25144], [-48.0845, 7.24341], [-48.10309, 7.222], [-48.11355, 7.21252], [-48.15402, 7.1623], [-48.17995, 7.1392], [-48.20133, 7.10911], [-48.26294, 7.03097], [-48.28902, 7.01033], [-48.37077, 6.92083], [-48.39118, 6.88693], [-48.46509, 6.79598], [-48.49839, 6.76589], [-48.55679, 6.70466], [-48.58245, 6.67505], [-48.59323, 6.65563], [-48.61943, 6.63031], [-48.64759, 6.60006], [-48.65811, 6.59151], [-48.6687, 6.57953], [-48.67659, 6.56557], [-48.69054, 6.53008], [-48.69714, 6.51831], [-48.70741, 6.50586], [-48.712, 6.5027], [-48.72158, 6.49132], [-48.72826, 6.48483], [-48.73477, 6.47881], [-48.73893, 6.47318], [-48.76275, 6.44699], [-48.78326, 6.42755], [-48.78893, 6.42109], [-48.79541, 6.41402], [-48.81144, 6.39596], [-48.81663, 6.38812], [-48.83835, 6.36441], [-48.8483, 6.35093], [-48.88673, 6.30626], [-48.90472, 6.287], [-48.91435, 6.27333], [-48.91795, 6.27012], [-48.94299, 6.23994], [-49.06903, 6.09219], [-49.09598, 6.06103], [-49.24934, 5.87868], [-49.28502, 5.83779], [-49.30474, 5.82057], [-49.31562, 5.80604], [-49.40716, 5.69641], [-49.41786, 5.67993], [-49.4499, 5.63891], [-49.46874, 5.62592], [-49.51506, 5.58433], [-49.53617, 5.54001], [-49.54889, 5.5259], [-49.57356, 5.50535], [-49.58392, 5.48476], [-49.64787, 5.40687], [-49.66231, 5.39552], [-49.72365, 5.33413], [-49.75986, 5.27724], [-49.78303, 5.24901], [-49.8054, 5.22488], [-49.81553, 5.20895], [-49.87591, 5.13358], [-49.9079, 5.0848], [-49.93423, 5.06093], [-49.94867, 5.0504], [-49.95936, 5.03939], [-49.9747, 5.02018], [-49.98314, 5.01209], [-49.99688, 4.99774], [-49.99962, 4.99264], [-50.07612, 4.90298], [-50.08811, 4.88915], [-50.09741, 4.87834], [-50.10519, 4.86952], [-50.11007, 4.86393], [-50.11491, 4.85833], [-50.12367, 4.84697], [-50.15333, 4.8187], [-50.16661, 4.80368], [-50.20041, 4.77034], [-50.20323, 4.76681], [-50.20981, 4.72663], [-50.21273, 4.72275], [-50.22589, 4.69276], [-50.22845, 4.68938], [-50.23039, 4.69061], [-50.22705, 4.68443], [-50.22733, 4.68009], [-50.2535, 4.60015], [-50.25936, 4.59408], [-50.2766, 4.58163], [-50.32268, 4.55431], [-50.33891, 4.54614], [-50.35039, 4.54197], [-50.39348, 4.52245], [-50.40839, 4.51314], [-50.43238, 4.48612], [-50.45751, 4.45177], [-50.48912, 4.42005], [-50.49263, 4.41519], [-50.49951, 4.40058], [-50.51185, 4.38789]]}}, {"type": "Feature", "properties": {"ssGmStId": 265, "ssGmStNm": "P0521-E0501-L0027-MTVFL", "cmpnntGmId": 4, "ss2dUqLnId": "P0521-E0501-L0027-MTVFL", "district": "LANDMARK", "project": "NEOGENO_FOZAMAZONAS", "subprj": "ALL_DATA", "owtype": "Seis2DLine", "Shape_Leng": 0.0, "OBJECTID": 53}, "geometry": {"type": "LineString", "coordinates": [[-50.98366, 5.0018], [-50.97791, 5.01051], [-50.95781, 5.03677], [-50.91553, 5.0883], [-50.90633, 5.09831], [-50.89915, 5.10384], [-50.87292, 5.12057], [-50.86065, 5.13384], [-50.82185, 5.18104], [-50.7821, 5.22516], [-50.7136, 5.30933], [-50.71095, 5.31461], [-50.68267, 5.34649], [-50.68241, 5.34905], [-50.65225, 5.37721], [-50.63951, 5.39453], [-50.62834, 5.41317], [-50.54764, 5.51868]]}}, {"type": "Feature", "properties": {"ssGmStId": 266, "ssGmStNm": "P0521-E0501-L0027A-MTVFL", "cmpnntGmId": 4, "ss2dUqLnId": "P0521-E0501-L0027A-MTVFL", "district": "LANDMARK", "project": "NEOGENO_FOZAMAZONAS", "subprj": "ALL_DATA", "owtype": "Seis2DLine", "Shape_Leng": 0.0, "OBJECTID": 54}, "geometry": {"type": "LineString", "coordinates": [[-50.5447, 5.5116], [-50.51872, 5.53608], [-50.49949, 5.55838], [-50.45092, 5.60213], [-50.43622, 5.63852], [-50.40927, 5.66311], [-50.39198, 5.67929], [-50.3814, 5.68932], [-50.36547, 5.70411], [-50.35006, 5.72282], [-50.33476, 5.74441], [-50.32753, 5.76056], [-50.30254, 5.80802], [-50.26171, 5.85934], [-50.24835, 5.87408], [-50.23525, 5.8817], [-50.21124, 5.90678], [-50.20442, 5.91889], [-50.18745, 5.93954], [-50.15574, 5.97311], [-50.14899, 5.98307], [-50.12658, 6.00721], [-50.10747, 6.03195], [-50.06717, 6.0756], [-50.04919, 6.10145], [-50.01462, 6.14306], [-49.94628, 6.21685], [-49.93445, 6.23404], [-49.89841, 6.27523], [-49.86449, 6.31728], [-49.83451, 6.35146], [-49.83269, 6.35513], [-49.81919, 6.36989], [-49.8064, 6.38457], [-49.75256, 6.44513], [-49.7438, 6.45738], [-49.71887, 6.48499], [-49.70789, 6.50074], [-49.68081, 6.52949], [-49.6738, 6.54002], [-49.66682, 6.54646], [-49.63719, 6.58148], [-49.60709, 6.61222], [-49.60117, 6.62078], [-49.46428, 6.74617], [-49.45495, 6.76054], [-49.43893, 6.80913], [-49.39572, 6.85462], [-49.37437, 6.87502], [-49.34329, 6.90998], [-49.31052, 6.93996], [-49.30936, 6.94179], [-49.30296, 6.97058], [-49.30045, 6.97574], [-49.26616, 7.00607], [-49.25753, 7.01587], [-49.2484, 7.03177], [-49.23539, 7.04737], [-49.17064, 7.10571], [-49.14196, 7.14111], [-49.09077, 7.18817], [-49.08406, 7.19678], [-49.07292, 7.21564], [-49.06031, 7.24303], [-49.05257, 7.25149], [-49.04502, 7.25921], [-49.03974, 7.26432], [-49.0358, 7.26794], [-49.03182, 7.27199], [-49.02234, 7.28166], [-49.02101, 7.28403], [-49.01997, 7.28563], [-49.01873, 7.28713], [-48.99541, 7.32603], [-48.99013, 7.33172], [-48.98756, 7.33222], [-48.97608, 7.3402], [-48.96962, 7.35444], [-48.96225, 7.36273], [-48.95612, 7.36788], [-48.94609, 7.37748], [-48.94508, 7.37909], [-48.94121, 7.38793], [-48.93433, 7.39357], [-48.91244, 7.42014], [-48.90808, 7.42374], [-48.90346, 7.4319], [-48.89217, 7.44487], [-48.88926, 7.45009], [-48.87707, 7.46248], [-48.87006, 7.47418], [-48.86432, 7.47844], [-48.86044, 7.48124], [-48.84058, 7.50749], [-48.83176, 7.51744]]}}, {"type": "Feature", "properties": {"ssGmStId": 267, "ssGmStNm": "P0521-E0501-L0027B-MTVFL", "cmpnntGmId": 4, "ss2dUqLnId": "P0521-E0501-L0027B-MTVFL", "district": "LANDMARK", "project": "NEOGENO_FOZAMAZONAS", "subprj": "ALL_DATA", "owtype": "Seis2DLine", "Shape_Leng": 0.0, "OBJECTID": 55}, "geometry": {"type": "LineString", "coordinates": [[-47.82063, 8.67545], [-47.83368, 8.66616], [-47.90423, 8.58564], [-47.91589, 8.57074], [-47.94116, 8.54542], [-47.95383, 8.52852], [-47.96027, 8.52199], [-47.96736, 8.51401], [-47.96974, 8.50876], [-47.97489, 8.50472], [-47.97923, 8.49904], [-48.11634, 8.3409], [-48.13399, 8.3226], [-48.14022, 8.31145], [-48.16445, 8.28504], [-48.17054, 8.27602], [-48.17985, 8.26879], [-48.19545, 8.24904], [-48.24857, 8.18909], [-48.27291, 8.15629], [-48.28558, 8.14247], [-48.30259, 8.12714], [-48.3652, 8.05451], [-48.40192, 8.00912], [-48.43924, 7.96936], [-48.47478, 7.9266], [-48.4968, 7.90345], [-48.51706, 7.86494], [-48.63015, 7.66304], [-48.64313, 7.63212], [-48.66292, 7.6012], [-48.69079, 7.55309], [-48.69723, 7.54484], [-48.73625, 7.5169], [-48.78252, 7.48694], [-48.80349, 7.47366], [-48.82168, 7.45826], [-48.83697, 7.45519]]}}, {"type": "Feature", "properties": {"ssGmStId": 268, "ssGmStNm": "P0521-E0501-L0028-MTVFL", "cmpnntGmId": 4, "ss2dUqLnId": "P0521-E0501-L0028-MTVFL", "district": "LANDMARK", "project": "NEOGENO_FOZAMAZONAS", "subprj": "ALL_DATA", "owtype": "Seis2DLine", "Shape_Leng": 0.0, "OBJECTID": 56}, "geometry": {"type": "LineString", "coordinates": [[-49.75785, 6.51648], [-49.74825, 6.50081], [-49.72126, 6.48041], [-49.7086, 6.46772], [-49.70341, 6.46465], [-49.68558, 6.44809], [-49.67852, 6.44354], [-49.64989, 6.41911], [-49.62406, 6.4034], [-49.54703, 6.34196], [-49.51538, 6.3213], [-49.48128, 6.29636], [-49.44589, 6.26991], [-49.43698, 6.26101], [-49.36558, 6.21254], [-49.3556, 6.20294], [-49.34526, 6.18921], [-49.29013, 6.14516], [-49.25798, 6.11857], [-49.23744, 6.09894], [-49.2103, 6.0766], [-49.15971, 6.03596], [-49.13112, 6.01635], [-49.12121, 6.01265], [-49.10551, 6.00446], [-49.05598, 5.96701], [-49.04263, 5.95454], [-49.03427, 5.94937], [-49.03058, 5.94493], [-49.0286, 5.94493], [-49.01316, 5.93352], [-48.90844, 5.85173], [-48.89055, 5.8396], [-48.87883, 5.83036], [-48.87038, 5.82534], [-48.86271, 5.81765], [-48.85266, 5.81121], [-48.83129, 5.79389], [-48.82176, 5.78355], [-48.81493, 5.78013], [-48.80682, 5.77256], [-48.79857, 5.76796], [-48.78223, 5.75366], [-48.71054, 5.69789], [-48.70257, 5.69251], [-48.69782, 5.69133], [-48.68792, 5.68454], [-48.68169, 5.67816], [-48.65623, 5.66037], [-48.61377, 5.63271], [-48.59112, 5.60565], [-48.56214, 5.58287], [-48.55348, 5.57816], [-48.54934, 5.57393], [-48.49834, 5.53798], [-48.47996, 5.5186], [-48.47091, 5.51129], [-48.44596, 5.49365], [-48.34418, 5.41504], [-48.23709, 5.32507], [-48.22889, 5.3166], [-48.21189, 5.30371], [-48.18977, 5.29409], [-48.17998, 5.28736], [-48.12776, 5.24463], [-48.0885, 5.21714], [-48.00692, 5.15225], [-47.97048, 5.12811], [-47.96429, 5.12333], [-47.95743, 5.11514], [-47.85551, 5.04233], [-47.8422, 5.03169], [-47.82962, 5.01604], [-47.80325, 4.99642], [-47.79438, 4.98801], [-47.71416, 4.92503], [-47.68731, 4.90528], [-47.67193, 4.89278], [-47.66935, 4.88955], [-47.66456, 4.88717], [-47.64081, 4.86758], [-47.63129, 4.86186], [-47.61685, 4.8497], [-47.60598, 4.84163], [-47.54657, 4.79539], [-47.4808, 4.74314], [-47.43036, 4.70845], [-47.41819, 4.69549], [-47.19373, 4.52029], [-47.17078, 4.50367], [-47.162, 4.4955], [-47.15726, 4.4927], [-47.15155, 4.48758], [-47.09745, 4.44831], [-47.07224, 4.42586], [-47.05702, 4.41489], [-47.05498, 4.4119], [-47.04408, 4.40714], [-47.01277, 4.38399], [-47.00025, 4.36536], [-46.98646, 4.36006], [-46.98067, 4.35598], [-46.97615, 4.35129], [-46.96826, 4.34574], [-46.95913, 4.3381], [-46.89914, 4.28777], [-46.87405, 4.27669], [-46.85743, 4.26602], [-46.8404, 4.25937], [-46.80283, 4.23488], [-46.78929, 4.22762], [-46.77021, 4.21307], [-46.74303, 4.17684], [-46.7279, 4.14894], [-46.71063, 4.13307], [-46.6884, 4.12436], [-46.64809, 4.08794], [-46.61354, 4.0576], [-46.60937, 4.05498], [-46.58836, 4.04615], [-46.53419, 4.00146], [-46.51384, 3.99174], [-46.4342, 3.92936], [-46.41229, 3.91539], [-46.40638, 3.91006], [-46.38989, 3.89943], [-46.38618, 3.89498], [-46.37482, 3.88672], [-46.36364, 3.87253], [-46.33175, 3.84896], [-46.3079, 3.82947], [-46.30441, 3.82816], [-46.30062, 3.82365], [-46.28114, 3.81053], [-46.25311, 3.78739], [-46.24875, 3.78241], [-46.24426, 3.78045], [-46.16352, 3.71716], [-46.16139, 3.71435], [-46.15247, 3.70877], [-46.09616, 3.66426], [-46.09633, 3.66457], [-46.06621, 3.64112], [-45.79871, 3.4318], [-45.77281, 3.41128], [-45.71608, 3.3648], [-45.69687, 3.35538], [-45.68651, 3.34295], [-45.65441, 3.31764], [-45.64286, 3.30666], [-45.63431, 3.30233], [-45.62076, 3.2916], [-45.61701, 3.28769], [-45.58484, 3.25643], [-45.56135, 3.24555], [-45.51454, 3.20859], [-45.48386, 3.18061], [-45.45928, 3.15774], [-45.44635, 3.1456], [-45.42852, 3.12865], [-45.39017, 3.10425], [-45.37125, 3.09429], [-45.35638, 3.08867], [-45.32682, 3.07007], [-45.31881, 3.06403], [-45.30813, 3.04931], [-45.28547, 3.03427], [-45.28161, 3.03303], [-45.24421, 3.00731], [-45.21372, 2.9785], [-45.12903, 2.92129], [-45.11338, 2.90587], [-45.10716, 2.89793], [-45.10218, 2.89168], [-45.09772, 2.88612], [-45.09415, 2.88151], [-45.08015, 2.86354], [-45.06068, 2.84694], [-45.03215, 2.82694], [-45.01165, 2.81374], [-45.00132, 2.80736], [-44.99201, 2.80199], [-44.98413, 2.79744], [-44.97856, 2.79399], [-44.96213, 2.78447], [-44.94908, 2.7722], [-44.93942, 2.76399], [-44.93411, 2.76036], [-44.91948, 2.74709], [-44.89749, 2.71786], [-44.86993, 2.69053], [-44.8277, 2.67053], [-44.60194, 2.49273], [-44.54544, 2.45109], [-44.53563, 2.43946], [-44.52981, 2.43469], [-44.50086, 2.41396], [-44.43133, 2.35824], [-44.38336, 2.32197], [-44.38004, 2.31805], [-44.3527, 2.29832], [-44.34863, 2.2931], [-44.34103, 2.2894], [-44.32981, 2.27912], [-44.29701, 2.25416], [-44.29338, 2.24989], [-44.28742, 2.24726], [-44.28326, 2.24215], [-44.27668, 2.23797], [-44.27268, 2.23254], [-44.26436, 2.22791], [-44.19523, 2.17323], [-44.17155, 2.15749], [-44.11695, 2.11485], [-44.10919, 2.10662], [-44.0704, 2.07828], [-44.04507, 2.05552], [-44.01499, 2.03377], [-44.00374, 2.02276], [-43.96757, 1.99412], [-43.94945, 1.98329], [-43.92218, 1.96031], [-43.8234, 1.88286], [-43.80768, 1.87276], [-43.78437, 1.85268], [-43.75951, 1.82773], [-43.71217, 1.78728], [-43.69328, 1.77587], [-43.61141, 1.70726], [-43.56763, 1.6832], [-43.54362, 1.67217], [-43.53255, 1.66391], [-43.50068, 1.63651], [-43.47641, 1.61651], [-43.46349, 1.60529], [-43.44317, 1.58138], [-43.41905, 1.56052], [-43.3868, 1.53358], [-43.37072, 1.52383], [-43.26917, 1.43846], [-43.23429, 1.41696], [-43.19801, 1.38981], [-43.16725, 1.36377], [-43.16104, 1.36058], [-43.14864, 1.34901], [-43.09589, 1.30957], [-43.09097, 1.30423], [-43.06832, 1.28928], [-43.06142, 1.28275], [-43.05887, 1.28261], [-43.03922, 1.2646], [-43.01353, 1.24574], [-43.00584, 1.23653], [-43.00128, 1.23487], [-42.976, 1.21255], [-42.9704, 1.20963], [-42.95419, 1.19603], [-42.94663, 1.19168], [-42.9306, 1.17821], [-42.89535, 1.15196]]}}, {"type": "Feature", "properties": {"ssGmStId": 269, "ssGmStNm": "P0521-E0501-L0029-MTVFL", "cmpnntGmId": 4, "ss2dUqLnId": "P0521-E0501-L0029-MTVFL", "district": "LANDMARK", "project": "NEOGENO_FOZAMAZONAS", "subprj": "ALL_DATA", "owtype": "Seis2DLine", "Shape_Leng": 0.0, "OBJECTID": 57}, "geometry": {"type": "LineString", "coordinates": [[-42.90522, 1.17717], [-42.91611, 1.16705], [-42.943, 1.13409], [-43.00453, 1.05696], [-43.02795, 1.02775], [-43.05135, 0.99941], [-43.15088, 0.87308], [-43.15881, 0.86474], [-43.15921, 0.86065], [-43.16942, 0.85105], [-43.21266, 0.79611], [-43.24763, 0.75298], [-43.27902, 0.71056], [-43.29178, 0.69794], [-43.31571, 0.66808], [-43.3273, 0.65282], [-43.33478, 0.6453], [-43.37579, 0.59352], [-43.38329, 0.58598], [-43.38563, 0.58149], [-43.3967, 0.56962], [-43.41757, 0.54232], [-43.42804, 0.53165], [-43.43568, 0.51905], [-43.52614, 0.43555], [-43.53314, 0.4221], [-43.5454, 0.38858], [-43.55528, 0.37267], [-43.61242, 0.31991], [-43.63789, 0.28926], [-43.69819, 0.22756], [-43.70106, 0.22128], [-43.69841, 0.20364], [-43.69944, 0.1943], [-43.7127, 0.18077], [-43.72154, 0.15947], [-43.75717, 0.12533], [-43.78596, 0.09759], [-43.79751, 0.08601], [-43.80628, 0.07782], [-43.82136, 0.06378], [-43.83002, 0.05395], [-43.84147, 0.00845], [-43.89345, -0.05859], [-43.90839, -0.07255], [-43.99695, -0.1842], [-44.02961, -0.22157], [-44.03384, -0.22922], [-44.06961, -0.2747], [-44.08228, -0.29521], [-44.09625, -0.31064], [-44.10196, -0.32328], [-44.11462, -0.33193], [-44.14777, -0.37555], [-44.16457, -0.39383], [-44.19123, -0.42943], [-44.19975, -0.43795], [-44.21554, -0.45892], [-44.23288, -0.47794], [-44.26293, -0.5167]]}}, {"type": "Feature", "properties": {"ssGmStId": 270, "ssGmStNm": "P0521-E0501-L0029A-MTVFL", "cmpnntGmId": 4, "ss2dUqLnId": "P0521-E0501-L0029A-MTVFL", "district": "LANDMARK", "project": "NEOGENO_FOZAMAZONAS", "subprj": "ALL_DATA", "owtype": "Seis2DLine", "Shape_Leng": 0.0, "OBJECTID": 58}, "geometry": {"type": "LineString", "coordinates": [[-41.0784, 3.51289], [-41.10639, 3.47355], [-41.12941, 3.45016], [-41.13297, 3.44487], [-41.2011, 3.37626], [-41.20707, 3.36005], [-41.21327, 3.33284], [-41.21583, 3.32603], [-41.22241, 3.31685], [-41.22643, 3.31125], [-41.23675, 3.29759], [-41.25961, 3.27573], [-41.3233, 3.19531], [-41.38699, 3.10316], [-41.39922, 3.08767], [-41.4285, 3.05871], [-41.47311, 3.00037], [-41.49728, 2.97797], [-41.50456, 2.96328], [-41.54558, 2.9126], [-41.57968, 2.87227], [-41.59086, 2.85481], [-41.6506, 2.7786], [-41.66403, 2.763], [-41.69575, 2.72795], [-41.70484, 2.70968], [-41.7478, 2.65624], [-41.77366, 2.6217], [-41.86721, 2.50922], [-41.89092, 2.472], [-41.91075, 2.44838], [-41.96806, 2.37358], [-41.97799, 2.36301], [-42.04648, 2.27497], [-42.12477, 2.17886], [-42.141, 2.15552], [-42.1823, 2.10613], [-42.19638, 2.08564], [-42.22053, 2.05652], [-42.23343, 2.03759], [-42.2792, 1.98153], [-42.30851, 1.94249], [-42.39221, 1.84137], [-42.40662, 1.82007], [-42.41411, 1.81167], [-42.42521, 1.79564], [-42.43842, 1.77352], [-42.44546, 1.75848], [-42.49674, 1.67931], [-42.51513, 1.65321], [-42.56171, 1.61079], [-42.61771, 1.53319], [-42.63602, 1.50459], [-42.6677, 1.47208], [-42.68537, 1.44823], [-42.70506, 1.42806], [-42.71966, 1.41536], [-42.73567, 1.39419], [-42.74683, 1.38292], [-42.76512, 1.36062], [-42.80124, 1.31484], [-42.82935, 1.28153], [-42.8371, 1.26754], [-42.92394, 1.15732]]}}, {"type": "Feature", "properties": {"ssGmStId": 271, "ssGmStNm": "P0521-E0501-L0030-MTVFL", "cmpnntGmId": 4, "ss2dUqLnId": "P0521-E0501-L0030-MTVFL", "district": "LANDMARK", "project": "NEOGENO_FOZAMAZONAS", "subprj": "ALL_DATA", "owtype": "Seis2DLine", "Shape_Leng": 0.0, "OBJECTID": 59}, "geometry": {"type": "LineString", "coordinates": [[-44.83561, 0.15257], [-44.82636, 0.16747], [-44.8252, 0.17645], [-44.81938, 0.1836], [-44.81645, 0.19031], [-44.8112, 0.19126], [-44.80559, 0.19423], [-44.79032, 0.19847], [-44.77307, 0.21541], [-44.76637, 0.23535], [-44.76363, 0.24882], [-44.7625, 0.25443], [-44.74619, 0.27477], [-44.74181, 0.27887], [-44.73898, 0.2823], [-44.73384, 0.28714], [-44.73047, 0.29275], [-44.72839, 0.29698], [-44.72672, 0.30001], [-44.72555, 0.3026], [-44.72396, 0.30593], [-44.71849, 0.31036], [-44.71596, 0.31508], [-44.71086, 0.32073], [-44.70197, 0.34307], [-44.68955, 0.3701], [-44.67522, 0.38276], [-44.64789, 0.39842], [-44.63076, 0.42056], [-44.61899, 0.431], [-44.57357, 0.48399], [-44.56312, 0.49847], [-44.48752, 0.57506], [-44.48031, 0.58732], [-44.43629, 0.66043], [-44.4249, 0.67127], [-44.4026, 0.69709], [-44.38384, 0.71884], [-44.37109, 0.7331], [-44.36842, 0.73643], [-44.36714, 0.73681], [-44.34667, 0.7669], [-44.28689, 0.83034], [-44.2724, 0.85947], [-44.25583, 0.88093], [-44.20823, 0.93788], [-44.19876, 0.95161], [-44.13793, 1.02741], [-44.11754, 1.04653], [-44.1068, 1.06621], [-44.0492, 1.13591], [-44.04775, 1.13934], [-44.01221, 1.17618], [-44.00611, 1.18418], [-44.00157, 1.19305], [-43.93091, 1.27465], [-43.92779, 1.27884], [-43.91783, 1.29991], [-43.84903, 1.38358], [-43.81662, 1.42503], [-43.81184, 1.42941], [-43.80952, 1.43454], [-43.80477, 1.4381], [-43.78728, 1.46169], [-43.78238, 1.46588], [-43.69571, 1.587], [-43.67657, 1.60361], [-43.54934, 1.78155], [-43.52888, 1.80302], [-43.47335, 1.88074], [-43.45504, 1.89973], [-43.40543, 1.92395], [-43.3872, 1.94318], [-43.37955, 1.95515], [-43.3671, 1.98365], [-43.3192, 2.05052], [-43.30373, 2.06971], [-43.27741, 2.0909], [-43.23364, 2.14523], [-43.18602, 2.23702], [-43.16707, 2.26698], [-43.15201, 2.28224], [-43.14685, 2.28402], [-43.14143, 2.28544], [-43.1363, 2.28689], [-43.13299, 2.28793], [-43.12919, 2.28903], [-43.116, 2.29257], [-43.11143, 2.29638], [-43.09644, 2.31423], [-43.08549, 2.32833], [-43.07572, 2.33984], [-43.05047, 2.37082], [-43.04315, 2.37998], [-43.0278, 2.39881], [-42.99427, 2.43288], [-42.98394, 2.4549], [-42.9733, 2.47112], [-42.96735, 2.47834], [-42.96159, 2.48195], [-42.90816, 2.55278], [-42.88859, 2.5676], [-42.85492, 2.60356], [-42.84522, 2.62312], [-42.81091, 2.6631], [-42.80131, 2.67878], [-42.75227, 2.73938], [-42.64557, 2.8631], [-42.63236, 2.88752], [-42.57352, 2.95231], [-42.56523, 2.96214], [-42.5527, 2.98378], [-42.40425, 3.15288], [-42.37719, 3.18745], [-42.32636, 3.24496], [-42.31707, 3.26433], [-42.30391, 3.28288], [-42.29323, 3.29661], [-42.26643, 3.3255], [-42.2467, 3.34691], [-42.22622, 3.38256], [-42.19406, 3.41907], [-42.17327, 3.45197], [-42.15251, 3.47784], [-42.15057, 3.48451], [-42.12107, 3.52083], [-42.10405, 3.5374], [-41.99115, 3.6772]]}}, {"type": "Feature", "properties": {"ssGmStId": 272, "ssGmStNm": "P0521-E0501-L0031-MTVFL", "cmpnntGmId": 4, "ss2dUqLnId": "P0521-E0501-L0031-MTVFL", "district": "LANDMARK", "project": "NEOGENO_FOZAMAZONAS", "subprj": "ALL_DATA", "owtype": "Seis2DLine", "Shape_Leng": 0.0, "OBJECTID": 60}, "geometry": {"type": "LineString", "coordinates": [[-42.74103, 4.1788], [-42.75744, 4.15984], [-42.7642, 4.14888], [-42.98131, 3.88447], [-42.99694, 3.86667], [-43.00162, 3.86451], [-43.01163, 3.84953], [-43.01276, 3.84395], [-43.02138, 3.83798], [-43.02364, 3.83074], [-43.0365, 3.81854], [-43.03736, 3.81492], [-43.05241, 3.79946], [-43.06561, 3.78114], [-43.07345, 3.77358], [-43.08447, 3.75862], [-43.08815, 3.75588], [-43.09151, 3.75012], [-43.16124, 3.66632], [-43.16377, 3.66176], [-43.19423, 3.62891], [-43.20406, 3.61413], [-43.26038, 3.5532], [-43.2815, 3.51814], [-43.315, 3.47734], [-43.31877, 3.47089], [-43.32653, 3.46256], [-43.36242, 3.41554], [-43.40591, 3.36977], [-43.46797, 3.29721], [-43.48389, 3.28015], [-43.48846, 3.27308], [-43.50117, 3.25656], [-43.55192, 3.20143], [-43.56721, 3.18152], [-43.58225, 3.15391], [-43.59255, 3.13939], [-43.61141, 3.11873], [-43.66803, 3.05469], [-43.67679, 3.0369], [-43.68112, 3.03112], [-43.75295, 2.9436], [-43.86686, 2.80447], [-43.92355, 2.73668], [-43.94764, 2.7054], [-44.1684, 2.43659], [-44.17296, 2.42924], [-44.17938, 2.42334], [-44.18966, 2.40813], [-44.20005, 2.39836], [-44.20478, 2.38989], [-44.21779, 2.37665], [-44.23283, 2.35659], [-44.23675, 2.35368], [-44.25112, 2.33084], [-44.26797, 2.30776], [-44.27747, 2.2975], [-44.29135, 2.28593], [-44.33838, 2.22788], [-44.34822, 2.2185], [-44.37181, 2.1909], [-44.38685, 2.16879], [-44.44812, 2.09306], [-44.45343, 2.08877], [-44.46618, 2.06983], [-44.47494, 2.06267], [-44.50328, 2.02579], [-44.51998, 2.00598], [-44.76145, 1.71063], [-44.79143, 1.66854], [-44.80866, 1.65281], [-44.83577, 1.61992], [-44.8507, 1.60126], [-44.85319, 1.59484], [-44.86215, 1.582], [-44.87428, 1.56959], [-44.8942, 1.5418], [-44.92544, 1.51047], [-44.94236, 1.49034], [-44.95338, 1.48022], [-44.99682, 1.42938], [-45.01324, 1.40771], [-45.0214, 1.38957], [-45.05059, 1.35263], [-45.06632, 1.33075], [-45.07247, 1.32329], [-45.08691, 1.3105], [-45.14434, 1.23427], [-45.16559, 1.20824], [-45.18861, 1.18724], [-45.218, 1.15268], [-45.23041, 1.13736], [-45.24364, 1.11765], [-45.29391, 1.04984], [-45.31249, 1.03051], [-45.33477, 1.01256], [-45.34128, 1.00105], [-45.39351, 0.93839], [-45.40973, 0.91765], [-45.4362, 0.89076], [-45.46231, 0.86063], [-45.47373, 0.85058], [-45.48537, 0.83445], [-45.49223, 0.81589], [-45.49579, 0.81065], [-45.55681, 0.73598], [-45.6642, 0.60466], [-45.71049, 0.54747], [-45.75921, 0.48838]]}}, {"type": "Feature", "properties": {"ssGmStId": 273, "ssGmStNm": "P0523-E0500-L0535-MTVFL", "cmpnntGmId": 4, "ss2dUqLnId": "P0523-E0500-L0535-MTVFL", "district": "LANDMARK", "project": "NEOGENO_FOZAMAZONAS", "subprj": "ALL_DATA", "owtype": "Seis2DLine", "Shape_Leng": 0.0, "OBJECTID": 61}, "geometry": {"type": "LineString", "coordinates": [[-48.04926, 2.42299], [-48.03973, 2.43349], [-48.0327, 2.44255], [-47.98294, 2.50942], [-47.95069, 2.54954], [-47.94225, 2.56182], [-47.91246, 2.59816], [-47.89783, 2.61742], [-47.89309, 2.62605], [-47.88116, 2.64174], [-47.86974, 2.655], [-47.86463, 2.66263], [-47.86063, 2.66467], [-47.8491, 2.68276], [-47.84145, 2.69084], [-47.80504, 2.73889], [-47.79673, 2.75343], [-47.7986, 2.77033], [-47.79455, 2.77903], [-47.78007, 2.78407], [-47.7746, 2.78829], [-47.75322, 2.80202], [-47.74671, 2.80955], [-47.74458, 2.8184], [-47.74036, 2.82433], [-47.7377, 2.82745], [-47.73131, 2.82841], [-47.72788, 2.83202], [-47.72222, 2.84431], [-47.71428, 2.85171], [-47.70309, 2.86852], [-47.68474, 2.88978], [-47.68115, 2.89496], [-47.67282, 2.90526], [-47.667, 2.91224], [-47.66392, 2.91728], [-47.65662, 2.92652], [-47.61729, 2.97603], [-47.60342, 2.99017], [-47.59001, 3.01252], [-47.56538, 3.0473], [-47.56279, 3.05043], [-47.54811, 3.06276], [-47.53572, 3.07631], [-47.5119, 3.11488], [-47.50055, 3.12967], [-47.46402, 3.17885], [-47.44535, 3.20081], [-47.42889, 3.22402], [-47.39786, 3.26382], [-47.3667, 3.29968], [-47.35133, 3.3208], [-47.33719, 3.33753], [-47.31125, 3.37127], [-47.28759, 3.40039], [-47.27252, 3.41837], [-47.26779, 3.42607], [-47.24154, 3.45893], [-47.23196, 3.47377], [-47.19305, 3.52265], [-47.17491, 3.54798], [-47.16665, 3.55722], [-47.15896, 3.5666], [-47.13749, 3.59406], [-47.13357, 3.5973], [-47.12408, 3.61259], [-47.10302, 3.63641], [-47.09869, 3.64405], [-47.05682, 3.69988], [-47.04091, 3.71648], [-47.03546, 3.72548], [-46.98345, 3.79221], [-46.96402, 3.81927], [-46.91937, 3.87474], [-46.89519, 3.9074], [-46.87706, 3.92838], [-46.86399, 3.94789], [-46.84305, 3.97407]]}}, {"type": "Feature", "properties": {"ssGmStId": 332, "ssGmStNm": "206forta-s17_stack_rel", "cmpnntGmId": 4, "ss2dUqLnId": "206forta-s17_stack_rel", "district": "LANDMARK", "project": "NEOGENO_FOZAMAZONAS", "subprj": "ALL_DATA", "owtype": "Seis2DLine", "Shape_Leng": 0.0, "OBJECTID": 62}, "geometry": {"type": "LineString", "coordinates": [[-38.26004, -3.44498], [-38.30224, -3.31117], [-38.32184, -3.27317], [-38.33793, -3.22031], [-38.36477, -3.14834], [-38.78666, -2.01901], [-39.17723, -0.97163], [-39.602, 0.16809], [-39.6127, 0.17405], [-39.77978, 0.17966], [-40.00871, 0.18793], [-40.24931, 0.1966], [-40.52043, 0.20639], [-40.84721, 0.21816], [-41.29698, 0.23436], [-42.65438, 0.28312]]}}, {"type": "Feature", "properties": {"ssGmStId": 330, "ssGmStNm": "206forta-s17_2_stack_rel", "cmpnntGmId": 4, "ss2dUqLnId": "206forta-s17_2_stack_rel", "district": "LANDMARK", "project": "NEOGENO_FOZAMAZONAS", "subprj": "ALL_DATA", "owtype": "Seis2DLine", "Shape_Leng": 0.0, "OBJECTID": 63}, "geometry": {"type": "LineString", "coordinates": [[-42.67592, 0.28392], [-42.95333, 0.29387], [-43.26846, 0.30517], [-43.66257, 0.31929], [-44.20751, 0.33877], [-45.85582, 0.39753], [-45.87004, 0.40612], [-45.87567, 0.42297], [-47.07703, 2.43009]]}}, {"type": "Feature", "properties": {"ssGmStId": 331, "ssGmStNm": "206forta-s17_3_stack_rel", "cmpnntGmId": 4, "ss2dUqLnId": "206forta-s17_3_stack_rel", "district": "LANDMARK", "project": "NEOGENO_FOZAMAZONAS", "subprj": "ALL_DATA", "owtype": "Seis2DLine", "Shape_Leng": 0.0, "OBJECTID": 64}, "geometry": {"type": "LineString", "coordinates": [[-47.0933, 2.45718], [-48.33392, 4.52299], [-49.80908, 6.96046]]}}, {"type": "Feature", "properties": {"ssGmStId": 335, "ssGmStNm": "223b2_1-b3_stack_rel", "cmpnntGmId": 4, "ss2dUqLnId": "223b2_1-b3_stack_rel", "district": "LANDMARK", "project": "NEOGENO_FOZAMAZONAS", "subprj": "ALL_DATA", "owtype": "Seis2DLine", "Shape_Leng": 0.0, "OBJECTID": 65}, "geometry": {"type": "LineString", "coordinates": [[-49.80776, 4.11773], [-50.1177, 4.39657]]}}, {"type": "Feature", "properties": {"ssGmStId": 336, "ssGmStNm": "224b2_1-b3_stack_rel", "cmpnntGmId": 4, "ss2dUqLnId": "224b2_1-b3_stack_rel", "district": "LANDMARK", "project": "NEOGENO_FOZAMAZONAS", "subprj": "ALL_DATA", "owtype": "Seis2DLine", "Shape_Leng": 0.0, "OBJECTID": 66}, "geometry": {"type": "LineString", "coordinates": [[-50.06489, 4.34891], [-50.61331, 4.84187]]}}, {"type": "Feature", "properties": {"ssGmStId": 337, "ssGmStNm": "224b3_2-belem_stack_rel", "cmpnntGmId": 4, "ss2dUqLnId": "224b3_2-belem_stack_rel", "district": "LANDMARK", "project": "NEOGENO_FOZAMAZONAS", "subprj": "ALL_DATA", "owtype": "Seis2DLine", "Shape_Leng": 0.0, "OBJECTID": 67}, "geometry": {"type": "LineString", "coordinates": [[-48.59581, 3.23965], [-48.41762, 2.67507], [-48.40048, 2.61412], [-48.3812, 2.55956], [-47.83528, 0.82678]]}}, {"type": "Feature", "properties": {"ssGmStId": 338, "ssGmStNm": "226b3-b7_stack_rel", "cmpnntGmId": 4, "ss2dUqLnId": "226b3-b7_stack_rel", "district": "LANDMARK", "project": "NEOGENO_FOZAMAZONAS", "subprj": "ALL_DATA", "owtype": "Seis2DLine", "Shape_Leng": 0.0, "OBJECTID": 68}, "geometry": {"type": "LineString", "coordinates": [[-47.38901, 8.61517], [-46.94923, 8.12378]]}}, {"type": "Feature", "properties": {"ssGmStId": 339, "ssGmStNm": "227b7_stack_rel", "cmpnntGmId": 4, "ss2dUqLnId": "227b7_stack_rel", "district": "LANDMARK", "project": "NEOGENO_FOZAMAZONAS", "subprj": "ALL_DATA", "owtype": "Seis2DLine", "Shape_Leng": 0.0, "OBJECTID": 69}, "geometry": {"type": "LineString", "coordinates": [[-46.96134, 8.10259], [-47.7385, 6.23459], [-48.65232, 4.02024]]}}, {"type": "Feature", "properties": {"ssGmStId": 340, "ssGmStNm": "230b5_1_stack_rel", "cmpnntGmId": 4, "ss2dUqLnId": "230b5_1_stack_rel", "district": "LANDMARK", "project": "NEOGENO_FOZAMAZONAS", "subprj": "ALL_DATA", "owtype": "Seis2DLine", "Shape_Leng": 0.0, "OBJECTID": 70}, "geometry": {"type": "LineString", "coordinates": [[-48.63431, 3.86141], [-47.31086, 6.01241], [-46.2143, 7.78004]]}}, {"type": "Feature", "properties": {"ssGmStId": 341, "ssGmStNm": "231b5_1-b3_2_stack_rel", "cmpnntGmId": 4, "ss2dUqLnId": "231b5_1-b3_2_stack_rel", "district": "LANDMARK", "project": "NEOGENO_FOZAMAZONAS", "subprj": "ALL_DATA", "owtype": "Seis2DLine", "Shape_Leng": 0.0, "OBJECTID": 71}, "geometry": {"type": "LineString", "coordinates": [[-46.14624, 7.78072], [-45.98426, 7.79037]]}}, {"type": "Feature", "properties": {"ssGmStId": 342, "ssGmStNm": "232b3_2_stack_rel", "cmpnntGmId": 4, "ss2dUqLnId": "232b3_2_stack_rel", "district": "LANDMARK", "project": "NEOGENO_FOZAMAZONAS", "subprj": "ALL_DATA", "owtype": "Seis2DLine", "Shape_Leng": 0.0, "OBJECTID": 72}, "geometry": {"type": "LineString", "coordinates": [[-45.98338, 7.79255], [-46.58125, 6.77263], [-47.19912, 5.71375], [-47.77307, 4.72609], [-48.61117, 3.27809]]}}, {"type": "Feature", "properties": {"ssGmStId": 373, "ssGmStNm": "387s14-b3_6_stack_rel", "cmpnntGmId": 4, "ss2dUqLnId": "387s14-b3_6_stack_rel", "district": "LANDMARK", "project": "NEOGENO_FOZAMAZONAS", "subprj": "ALL_DATA", "owtype": "Seis2DLine", "Shape_Leng": 0.0, "OBJECTID": 73}, "geometry": {"type": "LineString", "coordinates": [[-49.69163, 3.7637], [-48.27252, 2.9065]]}}, {"type": "Feature", "properties": {"ssGmStId": 374, "ssGmStNm": "388b3_6_stack_rel", "cmpnntGmId": 4, "ss2dUqLnId": "388b3_6_stack_rel", "district": "LANDMARK", "project": "NEOGENO_FOZAMAZONAS", "subprj": "ALL_DATA", "owtype": "Seis2DLine", "Shape_Leng": 0.0, "OBJECTID": 74}, "geometry": {"type": "LineString", "coordinates": [[-48.21926, 2.89788], [-46.97188, 3.49687]]}}, {"type": "Feature", "properties": {"ssGmStId": 375, "ssGmStNm": "389b3_6_stack_rel", "cmpnntGmId": 4, "ss2dUqLnId": "389b3_6_stack_rel", "district": "LANDMARK", "project": "NEOGENO_FOZAMAZONAS", "subprj": "ALL_DATA", "owtype": "Seis2DLine", "Shape_Leng": 0.0, "OBJECTID": 75}, "geometry": {"type": "LineString", "coordinates": [[-46.99992, 3.48344], [-45.06629, 4.40721], [-43.58769, 5.10875]]}}, {"type": "Feature", "properties": {"ssGmStId": 376, "ssGmStNm": "390b3_6-b3_7_stack_rel", "cmpnntGmId": 4, "ss2dUqLnId": "390b3_6-b3_7_stack_rel", "district": "LANDMARK", "project": "NEOGENO_FOZAMAZONAS", "subprj": "ALL_DATA", "owtype": "Seis2DLine", "Shape_Leng": 0.0, "OBJECTID": 76}, "geometry": {"type": "LineString", "coordinates": [[-43.562, 5.09868], [-43.45458, 4.07842]]}}, {"type": "Feature", "properties": {"ssGmStId": 377, "ssGmStNm": "391b3_7_stack_rel", "cmpnntGmId": 4, "ss2dUqLnId": "391b3_7_stack_rel", "district": "LANDMARK", "project": "NEOGENO_FOZAMAZONAS", "subprj": "ALL_DATA", "owtype": "Seis2DLine", "Shape_Leng": 0.0, "OBJECTID": 77}, "geometry": {"type": "LineString", "coordinates": [[-43.47906, 4.04248], [-44.38487, 3.78057], [-44.46317, 3.75791], [-45.35779, 3.49809], [-45.49428, 3.45839], [-45.57805, 3.434], [-45.66093, 3.40987], [-46.23287, 3.24309], [-47.88674, 2.7587]]}}, {"type": "Feature", "properties": {"ssGmStId": 378, "ssGmStNm": "392b3_7-b3_8_stack_rel", "cmpnntGmId": 4, "ss2dUqLnId": "392b3_7-b3_8_stack_rel", "district": "LANDMARK", "project": "NEOGENO_FOZAMAZONAS", "subprj": "ALL_DATA", "owtype": "Seis2DLine", "Shape_Leng": 0.0, "OBJECTID": 78}, "geometry": {"type": "LineString", "coordinates": [[-47.89196, 2.73246], [-47.79772, 2.5632]]}}, {"type": "Feature", "properties": {"ssGmStId": 379, "ssGmStNm": "393b3_8_stack_rel", "cmpnntGmId": 4, "ss2dUqLnId": "393b3_8_stack_rel", "district": "LANDMARK", "project": "NEOGENO_FOZAMAZONAS", "subprj": "ALL_DATA", "owtype": "Seis2DLine", "Shape_Leng": 0.0, "OBJECTID": 79}, "geometry": {"type": "LineString", "coordinates": [[-47.76962, 2.55068], [-47.50372, 2.59362], [-47.22537, 2.63856], [-46.93501, 2.68536], [-46.63485, 2.73364], [-46.31647, 2.78477], [-45.97364, 2.83973], [-45.58635, 2.9017], [-45.13862, 2.97318], [-44.52511, 3.07081], [-43.15109, 3.28808]]}}, {"type": "Feature", "properties": {"ssGmStId": 380, "ssGmStNm": "394b3_8-b3_9_stack_rel", "cmpnntGmId": 4, "ss2dUqLnId": "394b3_8-b3_9_stack_rel", "district": "LANDMARK", "project": "NEOGENO_FOZAMAZONAS", "subprj": "ALL_DATA", "owtype": "Seis2DLine", "Shape_Leng": 0.0, "OBJECTID": 80}, "geometry": {"type": "LineString", "coordinates": [[-43.12752, 3.28915], [-43.11392, 3.28389], [-42.70641, 3.02387]]}}, {"type": "Feature", "properties": {"ssGmStId": 381, "ssGmStNm": "395b3_9_stack_rel", "cmpnntGmId": 4, "ss2dUqLnId": "395b3_9_stack_rel", "district": "LANDMARK", "project": "NEOGENO_FOZAMAZONAS", "subprj": "ALL_DATA", "owtype": "Seis2DLine", "Shape_Leng": 0.0, "OBJECTID": 81}, "geometry": {"type": "LineString", "coordinates": [[-42.61471, 2.93662], [-43.05598, 2.87366], [-45.09293, 2.58078], [-45.68523, 2.49498], [-47.69208, 2.20221]]}}, {"type": "Feature", "properties": {"ssGmStId": 383, "ssGmStNm": "b1-b3_1_stack_rel", "cmpnntGmId": 4, "ss2dUqLnId": "b1-b3_1_stack_rel", "district": "LANDMARK", "project": "NEOGENO_FOZAMAZONAS", "subprj": "ALL_DATA", "owtype": "Seis2DLine", "Shape_Leng": 0.0, "OBJECTID": 82}, "geometry": {"type": "LineString", "coordinates": [[-48.62285, 8.18152], [-49.20272, 8.10942]]}}, {"type": "Feature", "properties": {"ssGmStId": 384, "ssGmStNm": "b1_stack_rel", "cmpnntGmId": 4, "ss2dUqLnId": "b1_stack_rel", "district": "LANDMARK", "project": "NEOGENO_FOZAMAZONAS", "subprj": "ALL_DATA", "owtype": "Seis2DLine", "Shape_Leng": 0.0, "OBJECTID": 83}, "geometry": {"type": "LineString", "coordinates": [[-48.94593, 3.62822], [-48.94385, 3.64543], [-48.91606, 3.9344], [-48.89146, 4.19094], [-48.76196, 5.53935], [-48.75833, 5.57716], [-48.73976, 5.76978], [-48.62153, 6.99479], [-48.5048, 8.19809]]}}, {"type": "Feature", "properties": {"ssGmStId": 385, "ssGmStNm": "b2-b2_1_stack_rel", "cmpnntGmId": 4, "ss2dUqLnId": "b2-b2_1_stack_rel", "district": "LANDMARK", "project": "NEOGENO_FOZAMAZONAS", "subprj": "ALL_DATA", "owtype": "Seis2DLine", "Shape_Leng": 0.0, "OBJECTID": 84}, "geometry": {"type": "LineString", "coordinates": [[-49.6662, 7.98611], [-50.24466, 7.78076]]}}, {"type": "Feature", "properties": {"ssGmStId": 386, "ssGmStNm": "b2_1_1_stack_rel", "cmpnntGmId": 4, "ss2dUqLnId": "b2_1_1_stack_rel", "district": "LANDMARK", "project": "NEOGENO_FOZAMAZONAS", "subprj": "ALL_DATA", "owtype": "Seis2DLine", "Shape_Leng": 0.0, "OBJECTID": 85}, "geometry": {"type": "LineString", "coordinates": [[-50.13148, 6.83597], [-49.78197, 4.48086]]}}, {"type": "Feature", "properties": {"ssGmStId": 387, "ssGmStNm": "b2_1_2_stack_rel", "cmpnntGmId": 4, "ss2dUqLnId": "b2_1_2_stack_rel", "district": "LANDMARK", "project": "NEOGENO_FOZAMAZONAS", "subprj": "ALL_DATA", "owtype": "Seis2DLine", "Shape_Leng": 0.0, "OBJECTID": 86}, "geometry": {"type": "LineString", "coordinates": [[-49.76161, 4.34311], [-49.75643, 4.30823]]}}, {"type": "Feature", "properties": {"ssGmStId": 388, "ssGmStNm": "b2_1_3_stack_rel", "cmpnntGmId": 4, "ss2dUqLnId": "b2_1_3_stack_rel", "district": "LANDMARK", "project": "NEOGENO_FOZAMAZONAS", "subprj": "ALL_DATA", "owtype": "Seis2DLine", "Shape_Leng": 0.0, "OBJECTID": 87}, "geometry": {"type": "LineString", "coordinates": [[-49.73741, 4.17941], [-49.71468, 4.02555]]}}, {"type": "Feature", "properties": {"ssGmStId": 389, "ssGmStNm": "b2_1_stack_rel", "cmpnntGmId": 4, "ss2dUqLnId": "b2_1_stack_rel", "district": "LANDMARK", "project": "NEOGENO_FOZAMAZONAS", "subprj": "ALL_DATA", "owtype": "Seis2DLine", "Shape_Leng": 0.0, "OBJECTID": 88}, "geometry": {"type": "LineString", "coordinates": [[-50.2719, 7.77396], [-50.12186, 6.77146]]}}, {"type": "Feature", "properties": {"ssGmStId": 390, "ssGmStNm": "b2_stack_rel", "cmpnntGmId": 4, "ss2dUqLnId": "b2_stack_rel", "district": "LANDMARK", "project": "NEOGENO_FOZAMAZONAS", "subprj": "ALL_DATA", "owtype": "Seis2DLine", "Shape_Leng": 0.0, "OBJECTID": 89}, "geometry": {"type": "LineString", "coordinates": [[-49.21296, 3.98025], [-49.39363, 5.84182], [-49.60603, 8.00975]]}}, {"type": "Feature", "properties": {"ssGmStId": 391, "ssGmStNm": "b3_1-b2_stack_rel", "cmpnntGmId": 4, "ss2dUqLnId": "b3_1-b2_stack_rel", "district": "LANDMARK", "project": "NEOGENO_FOZAMAZONAS", "subprj": "ALL_DATA", "owtype": "Seis2DLine", "Shape_Leng": 0.0, "OBJECTID": 90}, "geometry": {"type": "LineString", "coordinates": [[-49.09147, 3.78857], [-49.21632, 3.98641]]}}, {"type": "Feature", "properties": {"ssGmStId": 392, "ssGmStNm": "b3_1_stack_rel", "cmpnntGmId": 4, "ss2dUqLnId": "b3_1_stack_rel", "district": "LANDMARK", "project": "NEOGENO_FOZAMAZONAS", "subprj": "ALL_DATA", "owtype": "Seis2DLine", "Shape_Leng": 0.0, "OBJECTID": 91}, "geometry": {"type": "LineString", "coordinates": [[-49.22576, 7.93151], [-49.161, 5.9143], [-49.09311, 3.78029]]}}, {"type": "Feature", "properties": {"ssGmStId": 393, "ssGmStNm": "b3_stack_rel", "cmpnntGmId": 4, "ss2dUqLnId": "b3_stack_rel", "district": "LANDMARK", "project": "NEOGENO_FOZAMAZONAS", "subprj": "ALL_DATA", "owtype": "Seis2DLine", "Shape_Leng": 0.0, "OBJECTID": 92}, "geometry": {"type": "LineString", "coordinates": [[-50.59539, 4.84499], [-48.80612, 6.97401], [-48.72965, 7.06451], [-47.41561, 8.6113]]}}, {"type": "Feature", "properties": {"ssGmStId": 394, "ssGmStNm": "b6-b1_stack_rel", "cmpnntGmId": 4, "ss2dUqLnId": "b6-b1_stack_rel", "district": "LANDMARK", "project": "NEOGENO_FOZAMAZONAS", "subprj": "ALL_DATA", "owtype": "Seis2DLine", "Shape_Leng": 0.0, "OBJECTID": 93}, "geometry": {"type": "LineString", "coordinates": [[-48.87351, 3.65613], [-48.94917, 3.62982]]}}, {"type": "Feature", "properties": {"ssGmStId": 395, "ssGmStNm": "b6_2_stack_rel", "cmpnntGmId": 4, "ss2dUqLnId": "b6_2_stack_rel", "district": "LANDMARK", "project": "NEOGENO_FOZAMAZONAS", "subprj": "ALL_DATA", "owtype": "Seis2DLine", "Shape_Leng": 0.0, "OBJECTID": 94}, "geometry": {"type": "LineString", "coordinates": [[-48.73252, 4.08743], [-48.82608, 3.6655]]}}, {"type": "Feature", "properties": {"ssGmStId": 396, "ssGmStNm": "b6_stack_rel", "cmpnntGmId": 4, "ss2dUqLnId": "b6_stack_rel", "district": "LANDMARK", "project": "NEOGENO_FOZAMAZONAS", "subprj": "ALL_DATA", "owtype": "Seis2DLine", "Shape_Leng": 0.0, "OBJECTID": 95}, "geometry": {"type": "LineString", "coordinates": [[-47.7441, 8.49799], [-48.14355, 6.72383], [-48.73219, 4.0879]]}}, {"type": "Feature", "properties": {"ssGmStId": 397, "ssGmStNm": "b9-b25_stack_rel", "cmpnntGmId": 4, "ss2dUqLnId": "b9-b25_stack_rel", "district": "LANDMARK", "project": "NEOGENO_FOZAMAZONAS", "subprj": "ALL_DATA", "owtype": "Seis2DLine", "Shape_Leng": 0.0, "OBJECTID": 96}, "geometry": {"type": "LineString", "coordinates": [[-41.04025, 1.85781], [-41.04908, 1.85396], [-41.97245, 1.71394]]}}, {"type": "Feature", "properties": {"ssGmStId": 398, "ssGmStNm": "b9_pt2_stack_rel", "cmpnntGmId": 4, "ss2dUqLnId": "b9_pt2_stack_rel", "district": "LANDMARK", "project": "NEOGENO_FOZAMAZONAS", "subprj": "ALL_DATA", "owtype": "Seis2DLine", "Shape_Leng": 0.0, "OBJECTID": 97}, "geometry": {"type": "LineString", "coordinates": [[-41.87391, 0.30427], [-41.4471, 1.07272], [-41.03175, 1.82021]]}}, {"type": "Feature", "properties": {"ssGmStId": 399, "ssGmStNm": "b9_stack_rel", "cmpnntGmId": 4, "ss2dUqLnId": "b9_stack_rel", "district": "LANDMARK", "project": "NEOGENO_FOZAMAZONAS", "subprj": "ALL_DATA", "owtype": "Seis2DLine", "Shape_Leng": 0.0, "OBJECTID": 98}, "geometry": {"type": "LineString", "coordinates": [[-43.07077, -1.85227], [-43.06152, -1.8337], [-42.44683, -0.72748], [-42.02384, 0.0343]]}}, {"type": "Feature", "properties": {"ssGmStId": 401, "ssGmStNm": "b11-b9_stack_rel", "cmpnntGmId": 4, "ss2dUqLnId": "b11-b9_stack_rel", "district": "LANDMARK", "project": "NEOGENO_FOZAMAZONAS", "subprj": "ALL_DATA", "owtype": "Seis2DLine", "Shape_Leng": 0.0, "OBJECTID": 99}, "geometry": {"type": "LineString", "coordinates": [[-41.76941, -2.3484], [-43.07084, -1.84902]]}}, {"type": "Feature", "properties": {"ssGmStId": 402, "ssGmStNm": "b11_pt2_stack_rel", "cmpnntGmId": 4, "ss2dUqLnId": "b11_pt2_stack_rel", "district": "LANDMARK", "project": "NEOGENO_FOZAMAZONAS", "subprj": "ALL_DATA", "owtype": "Seis2DLine", "Shape_Leng": 0.0, "OBJECTID": 100}, "geometry": {"type": "LineString", "coordinates": [[-40.71451, 1.48302], [-40.96508, 0.57505], [-41.24867, -0.45227], [-41.50938, -1.39637], [-41.77421, -2.35479]]}}, {"type": "Feature", "properties": {"ssGmStId": 403, "ssGmStNm": "b11_stack_rel", "cmpnntGmId": 4, "ss2dUqLnId": "b11_stack_rel", "district": "LANDMARK", "project": "NEOGENO_FOZAMAZONAS", "subprj": "ALL_DATA", "owtype": "Seis2DLine", "Shape_Leng": 0.0, "OBJECTID": 101}, "geometry": {"type": "LineString", "coordinates": [[-40.61709, 1.83556], [-40.71956, 1.46436]]}}, {"type": "Feature", "properties": {"ssGmStId": 404, "ssGmStNm": "b12-b21_stack_rel", "cmpnntGmId": 4, "ss2dUqLnId": "b12-b21_stack_rel", "district": "LANDMARK", "project": "NEOGENO_FOZAMAZONAS", "subprj": "ALL_DATA", "owtype": "Seis2DLine", "Shape_Leng": 0.0, "OBJECTID": 102}, "geometry": {"type": "LineString", "coordinates": [[-39.7268, -2.0943], [-39.58347, -0.88698]]}}, {"type": "Feature", "properties": {"ssGmStId": 275, "ssGmStNm": "P0523-E0500-L0536-MTVFL", "cmpnntGmId": 4, "ss2dUqLnId": "P0523-E0500-L0536-MTVFL", "district": "LANDMARK", "project": "NEOGENO_FOZAMAZONAS", "subprj": "ALL_DATA", "owtype": "Seis2DLine", "Shape_Leng": 0.0, "OBJECTID": 103}, "geometry": {"type": "LineString", "coordinates": [[-44.23869, 6.47024], [-44.25657, 6.44456], [-44.35554, 6.32011], [-44.37299, 6.30148], [-44.40888, 6.25788], [-44.41664, 6.24654], [-44.43736, 6.22345], [-44.43996, 6.21841], [-44.46407, 6.18888], [-44.48527, 6.16112], [-44.53641, 6.10004], [-44.60553, 6.00916], [-44.62613, 5.98611], [-44.63881, 5.96635], [-44.67584, 5.91727], [-44.69592, 5.89798], [-44.71566, 5.87597], [-44.76177, 5.81812], [-44.78461, 5.79002], [-44.8079, 5.75875], [-44.81787, 5.74772], [-44.86261, 5.68744]]}}, {"type": "Feature", "properties": {"ssGmStId": 276, "ssGmStNm": "P0523-E0500-L0536A-MTVFL", "cmpnntGmId": 4, "ss2dUqLnId": "P0523-E0500-L0536A-MTVFL", "district": "LANDMARK", "project": "NEOGENO_FOZAMAZONAS", "subprj": "ALL_DATA", "owtype": "Seis2DLine", "Shape_Leng": 0.0, "OBJECTID": 104}, "geometry": {"type": "LineString", "coordinates": [[-44.85385, 5.69999], [-44.87591, 5.67099], [-44.88555, 5.66192], [-44.92839, 5.6109], [-45.00761, 5.50974], [-45.01699, 5.49971], [-45.05485, 5.45182], [-45.11337, 5.38131], [-45.12393, 5.3632], [-45.14028, 5.34625], [-45.17832, 5.29955], [-45.1881, 5.28361], [-45.20861, 5.25874], [-45.23079, 5.22945], [-45.24532, 5.21359], [-45.28528, 5.16438], [-45.29961, 5.1458], [-45.31319, 5.13252], [-45.33667, 5.10224], [-45.35753, 5.07932], [-45.37434, 5.05667], [-45.38272, 5.04872], [-45.39129, 5.03779], [-45.40279, 5.02115], [-45.42408, 4.99754], [-45.42976, 4.99107], [-45.44727, 4.9689], [-45.47738, 4.92971], [-45.50465, 4.89797], [-45.53169, 4.86147], [-45.57111, 4.81235], [-45.58276, 4.79141], [-45.58787, 4.78452], [-45.64185, 4.7157], [-45.64654, 4.71157], [-45.65516, 4.69864], [-45.66934, 4.68174], [-45.67548, 4.67062], [-45.68611, 4.6584], [-45.69375, 4.64602], [-45.74002, 4.5888]]}}, {"type": "Feature", "properties": {"ssGmStId": 277, "ssGmStNm": "P0523-E0500-L0538-MTVFL", "cmpnntGmId": 4, "ss2dUqLnId": "P0523-E0500-L0538-MTVFL", "district": "LANDMARK", "project": "NEOGENO_FOZAMAZONAS", "subprj": "ALL_DATA", "owtype": "Seis2DLine", "Shape_Leng": 0.0, "OBJECTID": 105}, "geometry": {"type": "LineString", "coordinates": [[-48.47924, 8.40484], [-48.47147, 8.3951], [-48.38826, 8.27397], [-48.35762, 8.21307], [-48.29829, 8.1173], [-48.25608, 8.05325], [-48.23873, 8.02377]]}}, {"type": "Feature", "properties": {"ssGmStId": 278, "ssGmStNm": "P0523-E0500-L0538A-MTVFL", "cmpnntGmId": 4, "ss2dUqLnId": "P0523-E0500-L0538A-MTVFL", "district": "LANDMARK", "project": "NEOGENO_FOZAMAZONAS", "subprj": "ALL_DATA", "owtype": "Seis2DLine", "Shape_Leng": 0.0, "OBJECTID": 106}, "geometry": {"type": "LineString", "coordinates": [[-48.24321, 8.03181], [-48.21492, 7.9837], [-48.19577, 7.95628], [-48.16538, 7.90597], [-48.15631, 7.89405], [-48.12167, 7.83526], [-48.09195, 7.79025], [-48.08597, 7.77799], [-48.07502, 7.76126], [-48.02939, 7.68681], [-48.00263, 7.64519], [-47.96854, 7.59596], [-47.95827, 7.57693], [-47.90671, 7.49617], [-47.81788, 7.35026], [-47.78915, 7.30821], [-47.78219, 7.29516], [-47.76933, 7.27731], [-47.7591, 7.26045], [-47.75074, 7.2462], [-47.72532, 7.21447], [-47.71298, 7.18244], [-47.70492, 7.16868], [-47.60943, 7.01605], [-47.56811, 6.9522], [-47.52994, 6.88773], [-47.47939, 6.8082], [-47.42781, 6.72528], [-47.32283, 6.5647], [-47.29841, 6.51432], [-47.25901, 6.45064], [-47.24788, 6.4345], [-47.2428, 6.42942]]}}, {"type": "Feature", "properties": {"ssGmStId": 279, "ssGmStNm": "P0523-E0500-L0539-MTVFL", "cmpnntGmId": 4, "ss2dUqLnId": "P0523-E0500-L0539-MTVFL", "district": "LANDMARK", "project": "NEOGENO_FOZAMAZONAS", "subprj": "ALL_DATA", "owtype": "Seis2DLine", "Shape_Leng": 0.0, "OBJECTID": 107}, "geometry": {"type": "LineString", "coordinates": [[-47.49938, 6.71817], [-47.48349, 6.70729], [-47.47033, 6.69474], [-47.42763, 6.66274], [-47.40289, 6.63475], [-47.3701, 6.60917], [-47.35807, 6.59816], [-47.34291, 6.58675], [-47.32267, 6.57508], [-47.28253, 6.54719], [-47.26563, 6.53089], [-47.23259, 6.50569], [-47.1494, 6.43473], [-47.13178, 6.42218], [-47.09642, 6.39278], [-47.05843, 6.36613], [-46.97892, 6.29795], [-46.95729, 6.28077], [-46.93643, 6.26185], [-46.86775, 6.20856], [-46.84792, 6.19053], [-46.78408, 6.139], [-46.76018, 6.12287], [-46.69678, 6.06917], [-46.65919, 6.04118], [-46.60983, 5.9997], [-46.5497, 5.95163], [-46.5155, 5.92449], [-46.49298, 5.90413], [-46.44782, 5.87052], [-46.40972, 5.83504], [-46.40048, 5.82935], [-46.37367, 5.80526], [-46.35481, 5.79334], [-46.3367, 5.7773], [-46.32748, 5.77122], [-46.27053, 5.72204], [-46.17953, 5.65412], [-46.11765, 5.60199], [-46.08028, 5.57351], [-46.02017, 5.5228], [-45.9752, 5.48885], [-45.92005, 5.44034], [-45.84625, 5.38237], [-45.78863, 5.33392], [-45.76328, 5.31502], [-45.72991, 5.2877], [-45.71679, 5.27557], [-45.68411, 5.2517], [-45.60829, 5.18928], [-45.5369, 5.14183], [-45.49158, 5.09325], [-45.419, 5.03202], [-45.39303, 5.01474], [-45.34443, 4.97509], [-45.31216, 4.95026], [-45.2931, 4.93277], [-45.21992, 4.87379], [-45.14019, 4.80704], [-45.09632, 4.77324], [-45.09101, 4.77075], [-45.0604, 4.74917], [-45.04785, 4.73713], [-45.04274, 4.73427], [-45.00763, 4.70579], [-44.98999, 4.68973], [-44.93433, 4.64663], [-44.91547, 4.62557], [-44.8607, 4.58041]]}}, {"type": "Feature", "properties": {"ssGmStId": 280, "ssGmStNm": "P0523-E0500-L0548A-MTVFL", "cmpnntGmId": 4, "ss2dUqLnId": "P0523-E0500-L0548A-MTVFL", "district": "LANDMARK", "project": "NEOGENO_FOZAMAZONAS", "subprj": "ALL_DATA", "owtype": "Seis2DLine", "Shape_Leng": 0.0, "OBJECTID": 108}, "geometry": {"type": "LineString", "coordinates": [[-35.0017, 0.14994], [-35.0715, 0.1402], [-35.10558, 0.13717], [-35.60325, 0.13298], [-36.00745, 0.13086], [-36.01981, 0.12954], [-36.03421, 0.13067], [-36.06251, 0.12939], [-36.07282, 0.13043], [-36.18126, 0.12906], [-36.20823, 0.13326], [-36.22751, 0.12859], [-37.1907, 0.12149], [-37.19645, 0.11983], [-37.21693, 0.12128], [-37.39053, 0.11909], [-37.40374, 0.12015], [-37.42748, 0.11889], [-37.63001, 0.11795], [-37.63252, 0.11697], [-37.66464, 0.11803], [-37.7545, 0.11664], [-37.75698, 0.11752], [-37.76421, 0.11639], [-38.34466, 0.11239]]}}, {"type": "Feature", "properties": {"ssGmStId": 281, "ssGmStNm": "P0523-E0500-L0549-MTVFL", "cmpnntGmId": 4, "ss2dUqLnId": "P0523-E0500-L0549-MTVFL", "district": "LANDMARK", "project": "NEOGENO_FOZAMAZONAS", "subprj": "ALL_DATA", "owtype": "Seis2DLine", "Shape_Leng": 0.0, "OBJECTID": 109}, "geometry": {"type": "LineString", "coordinates": [[-42.37607, -1.27383], [-42.3878, -1.26592], [-42.40671, -1.2492], [-42.45646, -1.21309], [-42.49938, -1.16454], [-42.53469, -1.13265], [-42.54842, -1.12188], [-42.57963, -1.09127], [-42.59584, -1.07891], [-42.66601, -1.01733], [-42.8347, -0.86378], [-42.84665, -0.85467], [-42.87058, -0.83257], [-42.87565, -0.82914], [-42.88496, -0.82291], [-42.9048, -0.80247], [-43.23362, -0.50861], [-43.23821, -0.50634], [-43.24108, -0.50177], [-43.47899, -0.29]]}}, {"type": "Feature", "properties": {"ssGmStId": 282, "ssGmStNm": "P0523-E0500-L0550-MTVFL", "cmpnntGmId": 4, "ss2dUqLnId": "P0523-E0500-L0550-MTVFL", "district": "LANDMARK", "project": "NEOGENO_FOZAMAZONAS", "subprj": "ALL_DATA", "owtype": "Seis2DLine", "Shape_Leng": 0.0, "OBJECTID": 110}, "geometry": {"type": "LineString", "coordinates": [[-39.32945, -1.61574], [-39.34389, -1.612], [-39.40615, -1.60431], [-39.45121, -1.59567], [-39.50639, -1.59002], [-39.52864, -1.58531], [-39.57192, -1.58002], [-39.64058, -1.56777], [-39.6613, -1.56581], [-39.69065, -1.56213], [-39.69667, -1.56268], [-39.70754, -1.56138], [-39.72076, -1.56037], [-39.76209, -1.55139], [-39.80865, -1.54672], [-39.83086, -1.54179], [-39.87879, -1.53583], [-39.90005, -1.53108], [-39.96523, -1.52302], [-40.03072, -1.51278], [-40.0712, -1.50784], [-40.09162, -1.50325], [-40.12826, -1.49935], [-40.20123, -1.48725], [-40.22651, -1.48394], [-40.35192, -1.46471], [-40.42211, -1.45612], [-40.50794, -1.44256], [-40.51478, -1.44323], [-40.52377, -1.44069], [-40.55546, -1.43702], [-40.6504, -1.42204], [-40.71197, -1.41472], [-40.72161, -1.41255], [-40.78878, -1.40456], [-40.84876, -1.39499], [-41.00511, -1.3707], [-41.06555, -1.36208], [-41.1406, -1.35033], [-41.16551, -1.34834], [-41.19962, -1.34273], [-41.24995, -1.33695], [-41.32941, -1.3248], [-41.51464, -1.29975], [-41.57855, -1.28906], [-41.67408, -1.2774], [-41.72643, -1.268], [-41.80715, -1.25641], [-41.81526, -1.25493], [-41.83041, -1.24879], [-41.9337, -1.23307], [-41.97402, -1.22539], [-42.09349, -1.20911], [-42.10115, -1.20676], [-42.12458, -1.20431], [-42.21857, -1.18898], [-42.27979, -1.18051], [-42.3061, -1.17839], [-42.36651, -1.16784], [-42.45761, -1.1557], [-42.47772, -1.15106], [-42.48535, -1.1508], [-42.52007, -1.14463], [-42.54501, -1.14215], [-42.57078, -1.1375], [-42.62096, -1.13111], [-42.63413, -1.13043], [-42.65487, -1.12609], [-42.68022, -1.12373], [-42.7062, -1.11904], [-42.71964, -1.11823]]}}, {"type": "Feature", "properties": {"ssGmStId": 432, "ssGmStNm": "b21_g_stack_rel", "cmpnntGmId": 4, "ss2dUqLnId": "b21_g_stack_rel", "district": "LANDMARK", "project": "NEOGENO_FOZAMAZONAS", "subprj": "ALL_DATA", "owtype": "Seis2DLine", "Shape_Leng": 0.0, "OBJECTID": 111}, "geometry": {"type": "LineString", "coordinates": [[-37.21406, -0.97129], [-37.24227, -1.0523]]}}, {"type": "Feature", "properties": {"ssGmStId": 405, "ssGmStNm": "b12_stack_rel", "cmpnntGmId": 4, "ss2dUqLnId": "b12_stack_rel", "district": "LANDMARK", "project": "NEOGENO_FOZAMAZONAS", "subprj": "ALL_DATA", "owtype": "Seis2DLine", "Shape_Leng": 0.0, "OBJECTID": 112}, "geometry": {"type": "LineString", "coordinates": [[-38.856, 0.1412], [-39.24663, -0.95812], [-39.38851, -1.35702], [-39.70007, -2.23278]]}}, {"type": "Feature", "properties": {"ssGmStId": 433, "ssGmStNm": "b21_h_stack_rel", "cmpnntGmId": 4, "ss2dUqLnId": "b21_h_stack_rel", "district": "LANDMARK", "project": "NEOGENO_FOZAMAZONAS", "subprj": "ALL_DATA", "owtype": "Seis2DLine", "Shape_Leng": 0.0, "OBJECTID": 113}, "geometry": {"type": "LineString", "coordinates": [[-37.23857, -1.04419], [-37.54433, -1.72488], [-37.8345, -2.37043], [-37.8468, -2.44293], [-37.6067, -2.56374], [-37.53768, -2.55618]]}}, {"type": "Feature", "properties": {"ssGmStId": 434, "ssGmStNm": "b21_i_stack_rel", "cmpnntGmId": 4, "ss2dUqLnId": "b21_i_stack_rel", "district": "LANDMARK", "project": "NEOGENO_FOZAMAZONAS", "subprj": "ALL_DATA", "owtype": "Seis2DLine", "Shape_Leng": 0.0, "OBJECTID": 114}, "geometry": {"type": "LineString", "coordinates": [[-37.55738, -2.58838], [-37.2324, -1.90472], [-36.88378, -1.17056], [-36.84933, -1.12103], [-36.84007, -1.11241], [-36.83386, -1.1101], [-36.68813, -1.18832], [-36.68019, -1.19873], [-36.67726, -1.20585], [-36.66498, -1.25145], [-36.66427, -1.25999], [-36.86784, -1.8473], [-37.10684, -2.53491], [-37.10461, -2.53945], [-37.043, -2.57389], [-37.03586, -2.57672], [-36.62442, -2.70851], [-36.61723, -2.709], [-36.61322, -2.70627], [-36.60905, -2.69189], [-36.592, -2.60211], [-36.49289, -1.98857], [-36.38262, -1.30596], [-36.37807, -1.29415], [-36.37083, -1.28822], [-36.30631, -1.27736], [-36.14339, -1.29653], [-36.13247, -1.30041], [-36.12886, -1.30801], [-36.08764, -1.79018], [-36.01494, -2.64755], [-36.00763, -2.6527], [-35.96064, -2.67611], [-35.95533, -2.67691], [-35.71019, -2.64735], [-35.69112, -2.64411], [-35.65264, -2.59414], [-35.65187, -2.58842], [-35.69473, -1.99259], [-35.74148, -1.3405], [-35.73783, -1.33137], [-35.73051, -1.32622], [-35.65899, -1.29939], [-35.6041, -1.28099]]}}, {"type": "Feature", "properties": {"ssGmStId": 435, "ssGmStNm": "b21_l_stack_rel", "cmpnntGmId": 4, "ss2dUqLnId": "b21_l_stack_rel", "district": "LANDMARK", "project": "NEOGENO_FOZAMAZONAS", "subprj": "ALL_DATA", "owtype": "Seis2DLine", "Shape_Leng": 0.0, "OBJECTID": 115}, "geometry": {"type": "LineString", "coordinates": [[-35.66539, -1.30175], [-35.53969, -1.25999], [-35.53408, -1.26109], [-35.52508, -1.26771], [-35.51024, -1.26235], [-35.50496, -1.26299], [-35.48131, -1.27781], [-35.4725, -1.28806], [-35.46084, -1.31664], [-35.30414, -1.92903], [-35.255, -1.96867], [-35.24533, -1.96706], [-35.08352, -1.92063], [-35.07965, -1.91829], [-35.03285, -1.86354], [-35.00633, -1.49783]]}}, {"type": "Feature", "properties": {"ssGmStId": 436, "ssGmStNm": "b23-b24_stack_rel", "cmpnntGmId": 4, "ss2dUqLnId": "b23-b24_stack_rel", "district": "LANDMARK", "project": "NEOGENO_FOZAMAZONAS", "subprj": "ALL_DATA", "owtype": "Seis2DLine", "Shape_Leng": 0.0, "OBJECTID": 116}, "geometry": {"type": "LineString", "coordinates": [[-43.27053, 1.82416], [-43.27403, 1.83348], [-43.36189, 2.16419]]}}, {"type": "Feature", "properties": {"ssGmStId": 437, "ssGmStNm": "b23_stack_rel", "cmpnntGmId": 4, "ss2dUqLnId": "b23_stack_rel", "district": "LANDMARK", "project": "NEOGENO_FOZAMAZONAS", "subprj": "ALL_DATA", "owtype": "Seis2DLine", "Shape_Leng": 0.0, "OBJECTID": 117}, "geometry": {"type": "LineString", "coordinates": [[-44.42798, -0.23968], [-44.42643, -0.23694], [-44.42486, -0.23419], [-44.4233, -0.23145], [-44.42174, -0.2287], [-44.42017, -0.22595], [-44.41861, -0.2232], [-44.41706, -0.22045], [-44.41549, -0.2177], [-44.41393, -0.21495], [-44.41238, -0.2122], [-44.41081, -0.20945], [-44.40925, -0.20671], [-44.40768, -0.20397], [-44.40611, -0.20122], [-44.40455, -0.19847], [-44.403, -0.19572], [-44.40143, -0.19297], [-44.39987, -0.19022], [-44.39832, -0.18748], [-44.39675, -0.18474], [-44.39519, -0.18199], [-44.39363, -0.17925], [-44.39206, -0.1765], [-44.3905, -0.17375], [-44.38896, -0.171], [-44.3874, -0.16824], [-44.38585, -0.16549], [-44.38429, -0.16274], [-44.38294, -0.1604], [-44.38137, -0.15765], [-44.38002, -0.15531], [-44.3787, -0.15294], [-44.37736, -0.15058], [-44.376, -0.14823], [-44.37466, -0.14587], [-44.37332, -0.14352], [-44.37198, -0.14117], [-44.37064, -0.13881], [-44.3693, -0.13646], [-44.36796, -0.13411], [-44.36662, -0.13176], [-44.36529, -0.1294], [-44.36397, -0.12704], [-44.36264, -0.12469], [-44.36132, -0.12232], [-44.35999, -0.11996], [-44.35865, -0.11761], [-44.35731, -0.11525], [-44.35597, -0.1129], [-44.35462, -0.11054], [-44.35328, -0.10819], [-44.35195, -0.10583], [-44.35061, -0.10348], [-44.34927, -0.10113], [-44.34793, -0.09877], [-44.34658, -0.09641], [-44.34525, -0.09405], [-44.34394, -0.09169], [-44.3426, -0.08934], [-44.34126, -0.08698], [-44.33993, -0.08463], [-44.33859, -0.08227], [-44.33725, -0.07992], [-44.33591, -0.07756], [-44.33457, -0.07521], [-44.33323, -0.07285], [-44.33191, -0.07049], [-44.3306, -0.06812], [-44.32925, -0.06577], [-44.32791, -0.06341], [-44.32655, -0.06106], [-44.3252, -0.05871], [-44.32386, -0.05636], [-44.32256, -0.05401], [-44.32119, -0.05168], [-44.31977, -0.04935], [-44.31843, -0.04699], [-44.31709, -0.04464], [-44.31576, -0.04228], [-44.31465, -0.04032], [-44.31353, -0.03835], [-44.31242, -0.03639], [-44.3113, -0.03443], [-44.31018, -0.03247], [-44.30907, -0.0305], [-44.30796, -0.02854], [-44.30684, -0.02658], [-44.30573, -0.02462], [-44.30461, -0.02265], [-44.3035, -0.02069], [-44.30239, -0.01873], [-44.30127, -0.01677], [-44.30015, -0.0148], [-44.29903, -0.01284], [-44.29792, -0.01088], [-44.29681, -0.00892], [-44.29568, -0.00695], [-44.29457, -0.00499], [-44.29346, -0.00303], [-44.29234, -0.00107], [-44.29123, 0.0009], [-44.29011, 0.00286], [-44.28899, 0.00482], [-44.28788, 0.00678], [-44.28676, 0.00875], [-44.28565, 0.01071], [-44.28454, 0.01267], [-44.28342, 0.01463], [-44.28231, 0.0166], [-44.28119, 0.01856], [-44.28007, 0.02052], [-44.27896, 0.02248], [-44.27784, 0.02445], [-44.27673, 0.02641], [-44.27562, 0.02837], [-44.2745, 0.03033], [-44.27339, 0.0323], [-44.27227, 0.03426], [-44.27116, 0.03622], [-44.27004, 0.03818], [-44.26892, 0.04014], [-44.26781, 0.04211], [-44.2667, 0.04407], [-44.26558, 0.04603], [-44.26446, 0.04799], [-44.26334, 0.04996], [-44.26223, 0.05192], [-44.26112, 0.05388], [-44.26, 0.05584], [-44.25888, 0.0578], [-44.25777, 0.05976], [-44.25666, 0.06173], [-44.25555, 0.06369], [-44.25443, 0.06566], [-44.25333, 0.06763], [-44.25221, 0.06958], [-44.25108, 0.07154], [-44.24996, 0.0735], [-44.24907, 0.07506], [-44.24817, 0.07663], [-44.24705, 0.07859], [-44.24615, 0.08015], [-44.24525, 0.08172], [-44.24435, 0.08328], [-44.24346, 0.08485], [-44.24257, 0.08642], [-44.24167, 0.08799], [-44.24077, 0.08955], [-44.23987, 0.09112], [-44.23897, 0.09269], [-44.23808, 0.09426], [-44.23718, 0.09584], [-44.23629, 0.09741], [-44.23541, 0.09898], [-44.23452, 0.10056], [-44.23363, 0.10213], [-44.23274, 0.1037], [-44.23185, 0.10528], [-44.23097, 0.10685], [-44.23008, 0.10842], [-44.22918, 0.10999], [-44.22829, 0.11156], [-44.2274, 0.11313], [-44.2265, 0.1147], [-44.22562, 0.11627], [-44.22473, 0.11784], [-44.22383, 0.11941], [-44.22294, 0.12098], [-44.22205, 0.12255], [-44.22115, 0.12412], [-44.22026, 0.12569], [-44.21937, 0.12725], [-44.21847, 0.12883], [-44.21758, 0.1304], [-44.2167, 0.13197], [-44.21581, 0.13354], [-44.21492, 0.13511], [-44.21403, 0.13668], [-44.21313, 0.13825], [-44.21224, 0.13982], [-44.07963, 0.3729], [-43.85022, 0.77631], [-43.26521, 1.80436]]}}, {"type": "Feature", "properties": {"ssGmStId": 438, "ssGmStNm": "b24_stack_rel", "cmpnntGmId": 4, "ss2dUqLnId": "b24_stack_rel", "district": "LANDMARK", "project": "NEOGENO_FOZAMAZONAS", "subprj": "ALL_DATA", "owtype": "Seis2DLine", "Shape_Leng": 0.0, "OBJECTID": 118}, "geometry": {"type": "LineString", "coordinates": [[-43.36643, 2.19812], [-43.56498, 2.13578], [-43.76094, 2.07415], [-44.04252, 1.98553], [-44.4993, 1.8417], [-44.93311, 1.70493], [-46.63295, 1.16792]]}}, {"type": "Feature", "properties": {"ssGmStId": 439, "ssGmStNm": "b25-b23_stack_rel", "cmpnntGmId": 4, "ss2dUqLnId": "b25-b23_stack_rel", "district": "LANDMARK", "project": "NEOGENO_FOZAMAZONAS", "subprj": "ALL_DATA", "owtype": "Seis2DLine", "Shape_Leng": 0.0, "OBJECTID": 119}, "geometry": {"type": "LineString", "coordinates": [[-43.46829, -1.52068], [-43.48676, -1.48226], [-43.50155, -1.41564], [-43.50464, -1.41068], [-44.42636, -0.23737]]}}, {"type": "Feature", "properties": {"ssGmStId": 440, "ssGmStNm": "b25_stack_rel", "cmpnntGmId": 4, "ss2dUqLnId": "b25_stack_rel", "district": "LANDMARK", "project": "NEOGENO_FOZAMAZONAS", "subprj": "ALL_DATA", "owtype": "Seis2DLine", "Shape_Leng": 0.0, "OBJECTID": 120}, "geometry": {"type": "LineString", "coordinates": [[-42.00021, 1.71219], [-42.24037, 1.16854], [-42.65637, 0.2263], [-43.02281, -0.60386], [-43.42678, -1.5187]]}}, {"type": "Feature", "properties": {"ssGmStId": 441, "ssGmStNm": "b26-b16_stack_rel", "cmpnntGmId": 4, "ss2dUqLnId": "b26-b16_stack_rel", "district": "LANDMARK", "project": "NEOGENO_FOZAMAZONAS", "subprj": "ALL_DATA", "owtype": "Seis2DLine", "Shape_Leng": 0.0, "OBJECTID": 121}, "geometry": {"type": "LineString", "coordinates": [[-36.98169, -3.91365], [-37.55344, -3.90955]]}}, {"type": "Feature", "properties": {"ssGmStId": 442, "ssGmStNm": "b26_b_stack_rel", "cmpnntGmId": 4, "ss2dUqLnId": "b26_b_stack_rel", "district": "LANDMARK", "project": "NEOGENO_FOZAMAZONAS", "subprj": "ALL_DATA", "owtype": "Seis2DLine", "Shape_Leng": 0.0, "OBJECTID": 122}, "geometry": {"type": "LineString", "coordinates": [[-35.61388, -2.90828], [-35.07201, -2.86898]]}}, {"type": "Feature", "properties": {"ssGmStId": 443, "ssGmStNm": "b26_c_stack_rel", "cmpnntGmId": 4, "ss2dUqLnId": "b26_c_stack_rel", "district": "LANDMARK", "project": "NEOGENO_FOZAMAZONAS", "subprj": "ALL_DATA", "owtype": "Seis2DLine", "Shape_Leng": 0.0, "OBJECTID": 123}, "geometry": {"type": "LineString", "coordinates": [[-35.07526, -2.89289], [-35.08844, -3.20687], [-35.10371, -3.57009], [-35.12257, -4.01824], [-35.13066, -4.20979], [-35.1334, -4.2753], [-35.13502, -4.31186], [-35.05786, -4.34837], [-34.88842, -4.40138], [-34.80398, -4.42223]]}}, {"type": "Feature", "properties": {"ssGmStId": 444, "ssGmStNm": "b26_d_stack_rel", "cmpnntGmId": 4, "ss2dUqLnId": "b26_d_stack_rel", "district": "LANDMARK", "project": "NEOGENO_FOZAMAZONAS", "subprj": "ALL_DATA", "owtype": "Seis2DLine", "Shape_Leng": 0.0, "OBJECTID": 124}, "geometry": {"type": "LineString", "coordinates": [[-34.80816, -4.42266], [-34.6664, -3.78776], [-34.66345, -3.77454], [-34.56081, -3.31388], [-34.52404, -3.14884], [-34.51289, -3.09877], [-34.50496, -3.09414], [-34.46144, -3.0612], [-34.28771, -3.096], [-34.28232, -3.10104], [-34.2398, -3.15545]]}}, {"type": "Feature", "properties": {"ssGmStId": 357, "ssGmStNm": "251s14_b3_3_stack_rel", "cmpnntGmId": 4, "ss2dUqLnId": "251s14_b3_3_stack_rel", "district": "LANDMARK", "project": "NEOGENO_FOZAMAZONAS", "subprj": "ALL_DATA", "owtype": "Seis2DLine", "Shape_Leng": 0.0, "OBJECTID": 125}, "geometry": {"type": "LineString", "coordinates": [[-48.65468, 5.29672], [-48.35872, 3.05369]]}}, {"type": "Feature", "properties": {"ssGmStId": 359, "ssGmStNm": "252_b3_3b_stack_rel", "cmpnntGmId": 4, "ss2dUqLnId": "252_b3_3b_stack_rel", "district": "LANDMARK", "project": "NEOGENO_FOZAMAZONAS", "subprj": "ALL_DATA", "owtype": "Seis2DLine", "Shape_Leng": 0.0, "OBJECTID": 126}, "geometry": {"type": "LineString", "coordinates": [[-46.39957, 6.0135], [-45.74627, 7.00368]]}}, {"type": "Feature", "properties": {"ssGmStId": 358, "ssGmStNm": "252_b3_3_stack_rel", "cmpnntGmId": 4, "ss2dUqLnId": "252_b3_3_stack_rel", "district": "LANDMARK", "project": "NEOGENO_FOZAMAZONAS", "subprj": "ALL_DATA", "owtype": "Seis2DLine", "Shape_Leng": 0.0, "OBJECTID": 127}, "geometry": {"type": "LineString", "coordinates": [[-48.35697, 3.0246], [-47.45503, 4.40505], [-46.42294, 5.97802]]}}, {"type": "Feature", "properties": {"ssGmStId": 360, "ssGmStNm": "252_b3_3c_stack_rel", "cmpnntGmId": 4, "ss2dUqLnId": "252_b3_3c_stack_rel", "district": "LANDMARK", "project": "NEOGENO_FOZAMAZONAS", "subprj": "ALL_DATA", "owtype": "Seis2DLine", "Shape_Leng": 0.0, "OBJECTID": 128}, "geometry": {"type": "LineString", "coordinates": [[-45.71034, 7.05804], [-45.43561, 7.47282]]}}, {"type": "Feature", "properties": {"ssGmStId": 361, "ssGmStNm": "253b3_3-b3_4_stack_rel", "cmpnntGmId": 4, "ss2dUqLnId": "253b3_3-b3_4_stack_rel", "district": "LANDMARK", "project": "NEOGENO_FOZAMAZONAS", "subprj": "ALL_DATA", "owtype": "Seis2DLine", "Shape_Leng": 0.0, "OBJECTID": 129}, "geometry": {"type": "LineString", "coordinates": [[-45.39415, 7.40458], [-44.84656, 6.72128]]}}, {"type": "Feature", "properties": {"ssGmStId": 362, "ssGmStNm": "254b3_4_stack_rel", "cmpnntGmId": 4, "ss2dUqLnId": "254b3_4_stack_rel", "district": "LANDMARK", "project": "NEOGENO_FOZAMAZONAS", "subprj": "ALL_DATA", "owtype": "Seis2DLine", "Shape_Leng": 0.0, "OBJECTID": 130}, "geometry": {"type": "LineString", "coordinates": [[-44.81436, 6.68569], [-44.8328, 6.66972], [-45.30783, 6.29237], [-46.49151, 5.34805], [-47.27488, 4.72029], [-48.613, 3.64332]]}}, {"type": "Feature", "properties": {"ssGmStId": 363, "ssGmStNm": "254b3_4a_stack_rel", "cmpnntGmId": 4, "ss2dUqLnId": "254b3_4a_stack_rel", "district": "LANDMARK", "project": "NEOGENO_FOZAMAZONAS", "subprj": "ALL_DATA", "owtype": "Seis2DLine", "Shape_Leng": 0.0, "OBJECTID": 131}, "geometry": {"type": "LineString", "coordinates": [[-48.6502, 3.61331], [-48.82283, 3.47401]]}}, {"type": "Feature", "properties": {"ssGmStId": 364, "ssGmStNm": "255b4_stack_rel", "cmpnntGmId": 4, "ss2dUqLnId": "255b4_stack_rel", "district": "LANDMARK", "project": "NEOGENO_FOZAMAZONAS", "subprj": "ALL_DATA", "owtype": "Seis2DLine", "Shape_Leng": 0.0, "OBJECTID": 132}, "geometry": {"type": "LineString", "coordinates": [[-48.79429, 3.46071], [-46.73687, 4.67157], [-45.96674, 5.12238], [-44.60135, 5.91803]]}}, {"type": "Feature", "properties": {"ssGmStId": 365, "ssGmStNm": "257_NAP1_AM8a_AM11a", "cmpnntGmId": 4, "ss2dUqLnId": "257_NAP1_AM8a_AM11a", "district": "LANDMARK", "project": "NEOGENO_FOZAMAZONAS", "subprj": "ALL_DATA", "owtype": "Seis2DLine", "Shape_Leng": 0.0, "OBJECTID": 133}, "geometry": {"type": "LineString", "coordinates": [[-50.05484, 4.64681], [-50.09876, 4.68559], [-50.11215, 4.69907], [-50.1855, 4.76082], [-50.15855, 4.8665]]}}, {"type": "Feature", "properties": {"ssGmStId": 366, "ssGmStNm": "257_NAP1_AM8a_AM11a_v2", "cmpnntGmId": 4, "ss2dUqLnId": "257_NAP1_AM8a_AM11a_v2", "district": "LANDMARK", "project": "NEOGENO_FOZAMAZONAS", "subprj": "ALL_DATA", "owtype": "Seis2DLine", "Shape_Leng": 0.0, "OBJECTID": 134}, "geometry": {"type": "LineString", "coordinates": [[-50.19935, 4.77259], [-50.11249, 4.69937], [-50.09842, 4.68529], [-50.0545, 4.64651]]}}, {"type": "Feature", "properties": {"ssGmStId": 367, "ssGmStNm": "257_NAP1_Line_10135", "cmpnntGmId": 4, "ss2dUqLnId": "257_NAP1_Line_10135", "district": "LANDMARK", "project": "NEOGENO_FOZAMAZONAS", "subprj": "ALL_DATA", "owtype": "Seis2DLine", "Shape_Leng": 0.0, "OBJECTID": 135}, "geometry": {"type": "LineString", "coordinates": [[-50.2039, 4.73941], [-50.11379, 4.84091]]}}, {"type": "Feature", "properties": {"ssGmStId": 368, "ssGmStNm": "257_NAP1_Line_11161", "cmpnntGmId": 4, "ss2dUqLnId": "257_NAP1_Line_11161", "district": "LANDMARK", "project": "NEOGENO_FOZAMAZONAS", "subprj": "ALL_DATA", "owtype": "Seis2DLine", "Shape_Leng": 0.0, "OBJECTID": 136}, "geometry": {"type": "LineString", "coordinates": [[-50.11348, 4.66679], [-50.02585, 4.76553]]}}, {"type": "Feature", "properties": {"ssGmStId": 369, "ssGmStNm": "258b3_5_stack_rel", "cmpnntGmId": 4, "ss2dUqLnId": "258b3_5_stack_rel", "district": "LANDMARK", "project": "NEOGENO_FOZAMAZONAS", "subprj": "ALL_DATA", "owtype": "Seis2DLine", "Shape_Leng": 0.0, "OBJECTID": 137}, "geometry": {"type": "LineString", "coordinates": [[-44.31804, 5.49171], [-44.87493, 5.1818], [-46.26635, 4.40399], [-46.98888, 3.99848], [-48.72123, 3.02199]]}}, {"type": "Feature", "properties": {"ssGmStId": 370, "ssGmStNm": "259b3_5-b3_9_stack_rel", "cmpnntGmId": 4, "ss2dUqLnId": "259b3_5-b3_9_stack_rel", "district": "LANDMARK", "project": "NEOGENO_FOZAMAZONAS", "subprj": "ALL_DATA", "owtype": "Seis2DLine", "Shape_Leng": 0.0, "OBJECTID": 138}, "geometry": {"type": "LineString", "coordinates": [[-48.68563, 3.00008], [-48.67793, 2.99683], [-48.66015, 2.98444], [-48.3121, 2.70532]]}}, {"type": "Feature", "properties": {"ssGmStId": 371, "ssGmStNm": "260b3_5-b3_9b_stack_rel", "cmpnntGmId": 4, "ss2dUqLnId": "260b3_5-b3_9b_stack_rel", "district": "LANDMARK", "project": "NEOGENO_FOZAMAZONAS", "subprj": "ALL_DATA", "owtype": "Seis2DLine", "Shape_Leng": 0.0, "OBJECTID": 139}, "geometry": {"type": "LineString", "coordinates": [[-48.28533, 2.68397], [-48.2624, 2.66932], [-48.23362, 2.65341]]}}, {"type": "Feature", "properties": {"ssGmStId": 406, "ssGmStNm": "b13-b18_stack_rel", "cmpnntGmId": 4, "ss2dUqLnId": "b13-b18_stack_rel", "district": "LANDMARK", "project": "NEOGENO_FOZAMAZONAS", "subprj": "ALL_DATA", "owtype": "Seis2DLine", "Shape_Leng": 0.0, "OBJECTID": 140}, "geometry": {"type": "LineString", "coordinates": [[-40.61268, -2.24395], [-41.06076, -2.27995]]}}, {"type": "Feature", "properties": {"ssGmStId": 407, "ssGmStNm": "b13_stack_rel", "cmpnntGmId": 4, "ss2dUqLnId": "b13_stack_rel", "district": "LANDMARK", "project": "NEOGENO_FOZAMAZONAS", "subprj": "ALL_DATA", "owtype": "Seis2DLine", "Shape_Leng": 0.0, "OBJECTID": 141}, "geometry": {"type": "LineString", "coordinates": [[-39.726, 1.42447], [-39.88362, 0.56262], [-40.06067, -0.40552], [-40.20549, -1.19756], [-40.39458, -2.23059]]}}, {"type": "Feature", "properties": {"ssGmStId": 408, "ssGmStNm": "b14-b12_stack_rel", "cmpnntGmId": 4, "ss2dUqLnId": "b14-b12_stack_rel", "district": "LANDMARK", "project": "NEOGENO_FOZAMAZONAS", "subprj": "ALL_DATA", "owtype": "Seis2DLine", "Shape_Leng": 0.0, "OBJECTID": 142}, "geometry": {"type": "LineString", "coordinates": [[-38.18971, -0.22228], [-38.85698, 0.13916]]}}, {"type": "Feature", "properties": {"ssGmStId": 409, "ssGmStNm": "b14_stack_rel", "cmpnntGmId": 4, "ss2dUqLnId": "b14_stack_rel", "district": "LANDMARK", "project": "NEOGENO_FOZAMAZONAS", "subprj": "ALL_DATA", "owtype": "Seis2DLine", "Shape_Leng": 0.0, "OBJECTID": 143}, "geometry": {"type": "LineString", "coordinates": [[-39.25326, -2.30706], [-39.25217, -2.30508], [-38.98397, -1.81511], [-38.70395, -1.30334], [-38.69031, -1.27838], [-38.67709, -1.25421], [-38.66409, -1.23044], [-38.65153, -1.20747], [-38.63918, -1.18489], [-38.62705, -1.16272], [-38.61513, -1.14093], [-38.60365, -1.11993], [-38.59238, -1.09934], [-38.58156, -1.07954], [-38.57072, -1.05972], [-38.56033, -1.04071], [-38.54257, -1.00823], [-38.12889, -0.25158]]}}, {"type": "Feature", "properties": {"ssGmStId": 410, "ssGmStNm": "b15_stack_rel", "cmpnntGmId": 4, "ss2dUqLnId": "b15_stack_rel", "district": "LANDMARK", "project": "NEOGENO_FOZAMAZONAS", "subprj": "ALL_DATA", "owtype": "Seis2DLine", "Shape_Leng": 0.0, "OBJECTID": 144}, "geometry": {"type": "LineString", "coordinates": [[-38.6214, -2.37595], [-38.59538, -2.76421], [-38.58455, -2.95796]]}}, {"type": "Feature", "properties": {"ssGmStId": 411, "ssGmStNm": "b16-b15_stack_rel", "cmpnntGmId": 4, "ss2dUqLnId": "b16-b15_stack_rel", "district": "LANDMARK", "project": "NEOGENO_FOZAMAZONAS", "subprj": "ALL_DATA", "owtype": "Seis2DLine", "Shape_Leng": 0.0, "OBJECTID": 145}, "geometry": {"type": "LineString", "coordinates": [[-36.66127, -1.24725], [-37.30269, -0.87441]]}}, {"type": "Feature", "properties": {"ssGmStId": 412, "ssGmStNm": "b16-pt2_stack_rel", "cmpnntGmId": 4, "ss2dUqLnId": "b16-pt2_stack_rel", "district": "LANDMARK", "project": "NEOGENO_FOZAMAZONAS", "subprj": "ALL_DATA", "owtype": "Seis2DLine", "Shape_Leng": 0.0, "OBJECTID": 146}, "geometry": {"type": "LineString", "coordinates": [[-37.53931, -3.32813], [-37.12108, -2.38831], [-37.11154, -2.36684], [-37.10237, -2.3462], [-37.09338, -2.32598], [-37.08402, -2.30492], [-37.06988, -2.27314], [-37.05631, -2.2426], [-37.04311, -2.21287], [-37.03045, -2.18438], [-37.01816, -2.15673], [-37.00642, -2.13031], [-36.99505, -2.1047], [-36.98406, -2.07993], [-36.97343, -2.05598], [-36.96331, -2.03329], [-36.95378, -2.01182], [-36.94461, -1.99119], [-36.93562, -1.97096], [-36.92609, -1.94948], [-36.91086, -1.91523], [-36.89676, -1.88343], [-36.88354, -1.85371], [-36.87127, -1.82604], [-36.85988, -1.80046], [-36.84943, -1.77693], [-36.83973, -1.75504], [-36.83072, -1.73483], [-36.82249, -1.71625], [-36.81461, -1.6985], [-36.8038, -1.67413], [-36.7139, -1.47133]]}}, {"type": "Feature", "properties": {"ssGmStId": 413, "ssGmStNm": "b16-pt3_stack_rel", "cmpnntGmId": 4, "ss2dUqLnId": "b16-pt3_stack_rel", "district": "LANDMARK", "project": "NEOGENO_FOZAMAZONAS", "subprj": "ALL_DATA", "owtype": "Seis2DLine", "Shape_Leng": 0.0, "OBJECTID": 147}, "geometry": {"type": "LineString", "coordinates": [[-36.69932, -1.43881], [-36.62286, -1.26665]]}}, {"type": "Feature", "properties": {"ssGmStId": 414, "ssGmStNm": "b16_1-b29_2-pt2_stack_rel", "cmpnntGmId": 4, "ss2dUqLnId": "b16_1-b29_2-pt2_stack_rel", "district": "LANDMARK", "project": "NEOGENO_FOZAMAZONAS", "subprj": "ALL_DATA", "owtype": "Seis2DLine", "Shape_Leng": 0.0, "OBJECTID": 148}, "geometry": {"type": "LineString", "coordinates": [[-35.52309, -1.07314], [-35.15273, -0.86246]]}}, {"type": "Feature", "properties": {"ssGmStId": 415, "ssGmStNm": "b16_1-b29_2_stack_rel", "cmpnntGmId": 4, "ss2dUqLnId": "b16_1-b29_2_stack_rel", "district": "LANDMARK", "project": "NEOGENO_FOZAMAZONAS", "subprj": "ALL_DATA", "owtype": "Seis2DLine", "Shape_Leng": 0.0, "OBJECTID": 149}, "geometry": {"type": "LineString", "coordinates": [[-35.94467, -1.31304], [-35.55435, -1.09098]]}}, {"type": "Feature", "properties": {"ssGmStId": 416, "ssGmStNm": "b16_1_stack_rel", "cmpnntGmId": 4, "ss2dUqLnId": "b16_1_stack_rel", "district": "LANDMARK", "project": "NEOGENO_FOZAMAZONAS", "subprj": "ALL_DATA", "owtype": "Seis2DLine", "Shape_Leng": 0.0, "OBJECTID": 150}, "geometry": {"type": "LineString", "coordinates": [[-36.40797, -4.75136], [-36.40746, -4.74733], [-36.29495, -3.83507], [-36.1934, -3.01026], [-36.08818, -2.15403], [-35.98786, -1.33677]]}}, {"type": "Feature", "properties": {"ssGmStId": 417, "ssGmStNm": "b16_stack_rel", "cmpnntGmId": 4, "ss2dUqLnId": "b16_stack_rel", "district": "LANDMARK", "project": "NEOGENO_FOZAMAZONAS", "subprj": "ALL_DATA", "owtype": "Seis2DLine", "Shape_Leng": 0.0, "OBJECTID": 151}, "geometry": {"type": "LineString", "coordinates": [[-37.65746, -3.59351], [-37.65527, -3.58855], [-37.65234, -3.58196], [-37.64937, -3.57535], [-37.64663, -3.56916], [-37.64387, -3.56297], [-37.6413, -3.5572], [-37.63872, -3.55141], [-37.63633, -3.54605], [-37.63394, -3.54068], [-37.63155, -3.53531], [-37.62935, -3.53035], [-37.62715, -3.5254], [-37.61254, -3.49284], [-37.61183, -3.49118], [-37.53409, -3.31658]]}}, {"type": "Feature", "properties": {"ssGmStId": 418, "ssGmStNm": "b18_stack_rel", "cmpnntGmId": 4, "ss2dUqLnId": "b18_stack_rel", "district": "LANDMARK", "project": "NEOGENO_FOZAMAZONAS", "subprj": "ALL_DATA", "owtype": "Seis2DLine", "Shape_Leng": 0.0, "OBJECTID": 152}, "geometry": {"type": "LineString", "coordinates": [[-41.06382, -2.28475], [-40.8532, -1.34152], [-40.64467, -0.40708], [-40.43923, 0.5137], [-40.23488, 1.42961]]}}, {"type": "Feature", "properties": {"ssGmStId": 419, "ssGmStNm": "b20-b13_stack_rel", "cmpnntGmId": 4, "ss2dUqLnId": "b20-b13_stack_rel", "district": "LANDMARK", "project": "NEOGENO_FOZAMAZONAS", "subprj": "ALL_DATA", "owtype": "Seis2DLine", "Shape_Leng": 0.0, "OBJECTID": 153}, "geometry": {"type": "LineString", "coordinates": [[-39.5028, 0.03225], [-39.50282, 0.04231], [-39.56111, 0.40064], [-39.72244, 1.39309]]}}, {"type": "Feature", "properties": {"ssGmStId": 420, "ssGmStNm": "b20_seq_350_stack_rel", "cmpnntGmId": 4, "ss2dUqLnId": "b20_seq_350_stack_rel", "district": "LANDMARK", "project": "NEOGENO_FOZAMAZONAS", "subprj": "ALL_DATA", "owtype": "Seis2DLine", "Shape_Leng": 0.0, "OBJECTID": 154}, "geometry": {"type": "LineString", "coordinates": [[-38.71413, -1.46672], [-38.73888, -1.45692], [-38.74237, -1.45223], [-39.12554, -0.71957], [-39.4962, -0.011]]}}, {"type": "Feature", "properties": {"ssGmStId": 421, "ssGmStNm": "b20_stack_rel", "cmpnntGmId": 4, "ss2dUqLnId": "b20_stack_rel", "district": "LANDMARK", "project": "NEOGENO_FOZAMAZONAS", "subprj": "ALL_DATA", "owtype": "Seis2DLine", "Shape_Leng": 0.0, "OBJECTID": 155}, "geometry": {"type": "LineString", "coordinates": [[-35.03588, -1.52841], [-35.41145, -1.66132], [-36.27461, -1.96663], [-36.3496, -1.97415], [-36.36351, -1.97303], [-36.37372, -1.97039], [-37.29706, -1.58321], [-37.69131, -1.41875], [-37.77818, -1.4048], [-38.66793, -1.48381], [-38.74093, -1.45627]]}}, {"type": "Feature", "properties": {"ssGmStId": 422, "ssGmStNm": "b21_a_stack_rel", "cmpnntGmId": 4, "ss2dUqLnId": "b21_a_stack_rel", "district": "LANDMARK", "project": "NEOGENO_FOZAMAZONAS", "subprj": "ALL_DATA", "owtype": "Seis2DLine", "Shape_Leng": 0.0, "OBJECTID": 156}, "geometry": {"type": "LineString", "coordinates": [[-39.57828, -0.83322], [-39.22878, -0.0959], [-39.16763, -0.07737], [-39.16424, -0.07735], [-38.83018, -0.21057]]}}, {"type": "Feature", "properties": {"ssGmStId": 423, "ssGmStNm": "b21_b-pt2_stack_rel", "cmpnntGmId": 4, "ss2dUqLnId": "b21_b-pt2_stack_rel", "district": "LANDMARK", "project": "NEOGENO_FOZAMAZONAS", "subprj": "ALL_DATA", "owtype": "Seis2DLine", "Shape_Leng": 0.0, "OBJECTID": 157}, "geometry": {"type": "LineString", "coordinates": [[-38.98267, -0.65223], [-39.00835, -0.72462]]}}, {"type": "Feature", "properties": {"ssGmStId": 424, "ssGmStNm": "b21_b-pt3_stack_rel", "cmpnntGmId": 4, "ss2dUqLnId": "b21_b-pt3_stack_rel", "district": "LANDMARK", "project": "NEOGENO_FOZAMAZONAS", "subprj": "ALL_DATA", "owtype": "Seis2DLine", "Shape_Leng": 0.0, "OBJECTID": 158}, "geometry": {"type": "LineString", "coordinates": [[-39.00426, -0.71314], [-39.24884, -1.398], [-39.21861, -1.48117], [-38.9531, -1.95288]]}}, {"type": "Feature", "properties": {"ssGmStId": 425, "ssGmStNm": "b21_b_stack_rel", "cmpnntGmId": 4, "ss2dUqLnId": "b21_b_stack_rel", "district": "LANDMARK", "project": "NEOGENO_FOZAMAZONAS", "subprj": "ALL_DATA", "owtype": "Seis2DLine", "Shape_Leng": 0.0, "OBJECTID": 159}, "geometry": {"type": "LineString", "coordinates": [[-38.8318, -0.21124], [-38.85479, -0.29484], [-39.09032, -0.95397]]}}, {"type": "Feature", "properties": {"ssGmStId": 426, "ssGmStNm": "b21_c_stack_rel", "cmpnntGmId": 4, "ss2dUqLnId": "b21_c_stack_rel", "district": "LANDMARK", "project": "NEOGENO_FOZAMAZONAS", "subprj": "ALL_DATA", "owtype": "Seis2DLine", "Shape_Leng": 0.0, "OBJECTID": 160}, "geometry": {"type": "LineString", "coordinates": [[-38.95461, -1.94929], [-38.92389, -1.91386], [-38.92121, -1.90777], [-38.71011, -1.24508], [-38.48308, -0.5319], [-38.4487, -0.46843], [-38.44542, -0.46757], [-38.11363, -0.5979], [-38.08013, -0.65658]]}}, {"type": "Feature", "properties": {"ssGmStId": 427, "ssGmStNm": "b21_d-fortaleza_stack_rel", "cmpnntGmId": 4, "ss2dUqLnId": "b21_d-fortaleza_stack_rel", "district": "LANDMARK", "project": "NEOGENO_FOZAMAZONAS", "subprj": "ALL_DATA", "owtype": "Seis2DLine", "Shape_Leng": 0.0, "OBJECTID": 161}, "geometry": {"type": "LineString", "coordinates": [[-37.29763, -0.87368], [-37.91503, -1.84444], [-38.28175, -2.4203], [-38.61595, -2.94479]]}}, {"type": "Feature", "properties": {"ssGmStId": 428, "ssGmStNm": "b21_d-pt2_stack_rel", "cmpnntGmId": 4, "ss2dUqLnId": "b21_d-pt2_stack_rel", "district": "LANDMARK", "project": "NEOGENO_FOZAMAZONAS", "subprj": "ALL_DATA", "owtype": "Seis2DLine", "Shape_Leng": 0.0, "OBJECTID": 162}, "geometry": {"type": "LineString", "coordinates": [[-38.24414, -1.11852], [-38.65019, -2.27411], [-38.62181, -2.30653]]}}, {"type": "Feature", "properties": {"ssGmStId": 429, "ssGmStNm": "b21_d_stack_rel", "cmpnntGmId": 4, "ss2dUqLnId": "b21_d_stack_rel", "district": "LANDMARK", "project": "NEOGENO_FOZAMAZONAS", "subprj": "ALL_DATA", "owtype": "Seis2DLine", "Shape_Leng": 0.0, "OBJECTID": 163}, "geometry": {"type": "LineString", "coordinates": [[-38.08072, -0.65345], [-38.27162, -1.197]]}}, {"type": "Feature", "properties": {"ssGmStId": 430, "ssGmStNm": "b21_e_stack_rel", "cmpnntGmId": 4, "ss2dUqLnId": "b21_e_stack_rel", "district": "LANDMARK", "project": "NEOGENO_FOZAMAZONAS", "subprj": "ALL_DATA", "owtype": "Seis2DLine", "Shape_Leng": 0.0, "OBJECTID": 164}, "geometry": {"type": "LineString", "coordinates": [[-38.30356, -2.22865], [-37.95627, -1.50627], [-37.64413, -0.85692]]}}, {"type": "Feature", "properties": {"ssGmStId": 431, "ssGmStNm": "b21_f_stack_rel", "cmpnntGmId": 4, "ss2dUqLnId": "b21_f_stack_rel", "district": "LANDMARK", "project": "NEOGENO_FOZAMAZONAS", "subprj": "ALL_DATA", "owtype": "Seis2DLine", "Shape_Leng": 0.0, "OBJECTID": 165}, "geometry": {"type": "LineString", "coordinates": [[-37.64638, -0.8618], [-37.56116, -0.8805], [-37.2094, -0.97493]]}}, {"type": "Feature", "properties": {"ssGmStId": 488, "ssGmStNm": "s6-s7_complete_pstm_rel", "cmpnntGmId": 4, "ss2dUqLnId": "s6-s7_complete_pstm_rel", "district": "LANDMARK", "project": "NEOGENO_FOZAMAZONAS", "subprj": "ALL_DATA", "owtype": "Seis2DLine", "Shape_Leng": 0.0, "OBJECTID": 166}, "geometry": {"type": "MultiLineString", "coordinates": [[[-38.98504, 2.75267], [-38.77925, 2.42774]], [[-38.77925, 2.42774], [-38.77255, 2.41716]], [[-38.77255, 2.41716], [-38.76991, 2.413]], [[-38.76991, 2.413], [-38.74349, 2.37129]], [[-38.98504, 2.75267], [-38.78376, 2.43487], [-38.77925, 2.42774]], [[-38.77925, 2.42774], [-38.77777, 2.42541]], [[-38.77777, 2.42541], [-38.46915, 1.93778]], [[-38.46915, 1.93778], [-37.05266, -0.30035], [-38.45427, 1.91428]], [[-38.45427, 1.91428], [-38.76991, 2.413]], [[-38.76991, 2.413], [-38.77049, 2.41392], [-38.77255, 2.41716]], [[-38.77255, 2.41716], [-38.77777, 2.42541]], [[-38.77777, 2.42541], [-38.98308, 2.74951], [-38.46915, 1.93778]], [[-38.46915, 1.93778], [-38.45427, 1.91428]], [[-38.45427, 1.91428], [-38.42919, 1.87466]]]}}, {"type": "Feature", "properties": {"ssGmStId": 489, "ssGmStNm": "s6r_complete_pstm_rel", "cmpnntGmId": 4, "ss2dUqLnId": "s6r_complete_pstm_rel", "district": "LANDMARK", "project": "NEOGENO_FOZAMAZONAS", "subprj": "ALL_DATA", "owtype": "Seis2DLine", "Shape_Leng": 0.0, "OBJECTID": 167}, "geometry": {"type": "LineString", "coordinates": [[-39.97074, -2.09445], [-39.77302, -0.87254], [-39.57711, 0.33948], [-39.3847, 1.52951], [-39.27937, 2.18051], [-39.16613, 2.87957]]}}, {"type": "Feature", "properties": {"ssGmStId": 490, "ssGmStNm": "s7r_complete_pstm_rel", "cmpnntGmId": 4, "ss2dUqLnId": "s7r_complete_pstm_rel", "district": "LANDMARK", "project": "NEOGENO_FOZAMAZONAS", "subprj": "ALL_DATA", "owtype": "Seis2DLine", "Shape_Leng": 0.0, "OBJECTID": 168}, "geometry": {"type": "LineString", "coordinates": [[-38.41422, 1.72559], [-38.57533, 0.67826], [-38.70337, -0.15788], [-38.86306, -1.20004], [-39.02991, -2.28747]]}}, {"type": "Feature", "properties": {"ssGmStId": 491, "ssGmStNm": "s8r_complete_pstm_rel", "cmpnntGmId": 4, "ss2dUqLnId": "s8r_complete_pstm_rel", "district": "LANDMARK", "project": "NEOGENO_FOZAMAZONAS", "subprj": "ALL_DATA", "owtype": "Seis2DLine", "Shape_Leng": 0.0, "OBJECTID": 169}, "geometry": {"type": "LineString", "coordinates": [[-38.20814, -3.17646], [-38.17613, -2.99842], [-38.17711, -2.99232], [-38.17587, -2.98135], [-38.16679, -2.94762], [-38.00479, -2.04308], [-37.78912, -0.83796], [-37.58204, 0.31996], [-37.37416, 1.48236]]}}, {"type": "Feature", "properties": {"ssGmStId": 492, "ssGmStNm": "s9r_complete_pstm_rel", "cmpnntGmId": 4, "ss2dUqLnId": "s9r_complete_pstm_rel", "district": "LANDMARK", "project": "NEOGENO_FOZAMAZONAS", "subprj": "ALL_DATA", "owtype": "Seis2DLine", "Shape_Leng": 0.0, "OBJECTID": 170}, "geometry": {"type": "LineString", "coordinates": [[-37.52541, 0.06937], [-38.41721, 0.56168], [-39.33979, 1.07076], [-39.69343, 1.2657], [-40.94483, 1.95508]]}}, {"type": "Feature", "properties": {"ssGmStId": 493, "ssGmStNm": "seq191_s7-s8_pstm_rel_combined", "cmpnntGmId": 4, "ss2dUqLnId": "seq191_s7-s8_pstm_rel_combined", "district": "LANDMARK", "project": "NEOGENO_FOZAMAZONAS", "subprj": "ALL_DATA", "owtype": "Seis2DLine", "Shape_Leng": 0.0, "OBJECTID": 171}, "geometry": {"type": "LineString", "coordinates": [[-38.96364, -2.36253], [-38.96227, -2.36319], [-38.95923, -2.36466], [-38.95624, -2.36611], [-38.95325, -2.36756], [-38.95032, -2.36898], [-38.94733, -2.37043], [-38.94439, -2.37185], [-38.94146, -2.37328], [-38.93857, -2.37467], [-38.93569, -2.37607], [-38.93281, -2.37748], [-38.92991, -2.37887], [-38.92708, -2.38025], [-38.92425, -2.38162], [-38.92142, -2.383], [-38.91858, -2.38438], [-38.91579, -2.38572], [-38.91301, -2.38708], [-38.91023, -2.38843], [-38.90744, -2.38978], [-38.90472, -2.3911], [-38.90198, -2.39243], [-38.89924, -2.39376], [-38.89651, -2.39508], [-38.89383, -2.39638], [-38.89114, -2.39768], [-38.88846, -2.39898], [-38.88578, -2.40029], [-38.88315, -2.40156], [-38.88051, -2.40284], [-38.87788, -2.40411], [-38.87524, -2.40539], [-38.87266, -2.40664], [-38.87009, -2.4079], [-38.86751, -2.40914], [-38.86492, -2.4104], [-38.86239, -2.41163], [-38.85986, -2.41286], [-38.85733, -2.41409], [-38.85485, -2.41529], [-38.85237, -2.41649], [-38.84989, -2.41769], [-38.8474, -2.41889], [-38.84498, -2.42008], [-38.84254, -2.42125], [-38.84012, -2.42243], [-38.83769, -2.42361], [-38.83526, -2.42478], [-38.83283, -2.42597], [-38.83045, -2.42712], [-38.82807, -2.42827], [-38.82569, -2.42943], [-38.82336, -2.43056], [-38.82098, -2.43171], [-38.81866, -2.43284], [-38.81633, -2.43396], [-38.814, -2.43509], [-38.81167, -2.43622], [-38.8094, -2.43733], [-38.80711, -2.43844], [-38.80484, -2.43954], [-38.80256, -2.44064], [-38.80033, -2.44173], [-38.7981, -2.44281], [-38.79588, -2.44389], [-38.79365, -2.44497], [-38.79147, -2.44602], [-38.78925, -2.4471], [-38.78707, -2.44816], [-38.78489, -2.44922], [-38.78277, -2.45025], [-38.78059, -2.4513], [-38.77847, -2.45233], [-38.77634, -2.45336], [-38.77421, -2.45439], [-38.77213, -2.4554], [-38.77006, -2.45641], [-38.76798, -2.45741], [-38.76591, -2.45841], [-38.76383, -2.45943], [-38.76181, -2.4604], [-38.75974, -2.46141], [-38.75771, -2.4624], [-38.75569, -2.46337], [-38.75366, -2.46436], [-38.75163, -2.46534], [-38.74961, -2.46633], [-38.74764, -2.46728], [-38.74566, -2.46824], [-38.74369, -2.4692], [-38.74172, -2.47015], [-38.73974, -2.47111], [-38.73782, -2.47205], [-38.7359, -2.47298], [-38.73397, -2.47391], [-38.73205, -2.47484], [-38.73012, -2.47578], [-38.72825, -2.47668], [-38.72637, -2.4776], [-38.7245, -2.4785], [-38.72263, -2.47941], [-38.72081, -2.48029], [-38.71894, -2.4812], [-38.71712, -2.48209], [-38.71523, -2.483], [-38.71347, -2.48385], [-38.71164, -2.48473], [-38.70983, -2.48562], [-38.70806, -2.48648], [-38.70622, -2.48736], [-38.70446, -2.48822], [-38.70268, -2.48908], [-38.70091, -2.48994], [-38.69915, -2.49081], [-38.69743, -2.49164], [-38.69565, -2.49249], [-38.69393, -2.49333], [-38.69221, -2.49416], [-38.69049, -2.495], [-38.68882, -2.49581], [-38.6871, -2.49664], [-38.68543, -2.49746], [-38.68376, -2.49827], [-38.68209, -2.49907], [-38.68042, -2.49989], [-38.67874, -2.5007], [-38.67707, -2.5015], [-38.67546, -2.50229], [-38.67384, -2.50307], [-38.67221, -2.50386], [-38.6706, -2.50465], [-38.66897, -2.50543], [-38.66741, -2.50619], [-38.66584, -2.50695], [-38.66426, -2.50772], [-38.6627, -2.50848], [-38.66113, -2.50924], [-38.65956, -2.51], [-38.65799, -2.51075], [-38.65642, -2.51152], [-38.6549, -2.51225], [-38.65339, -2.513], [-38.65187, -2.51373], [-38.65035, -2.51447], [-38.64883, -2.5152], [-38.64731, -2.51594], [-38.64585, -2.51665], [-38.64433, -2.51739], [-38.64286, -2.5181], [-38.64138, -2.51881], [-38.63992, -2.51953], [-38.63846, -2.52023], [-38.63698, -2.52095], [-38.63552, -2.52166], [-38.6341, -2.52235], [-38.63268, -2.52303], [-38.63126, -2.52372], [-38.62985, -2.52441], [-38.62843, -2.52509], [-38.62701, -2.52578], [-38.62559, -2.52648], [-38.62423, -2.52713], [-38.62286, -2.52779], [-38.62149, -2.52846], [-38.62013, -2.52912], [-38.61876, -2.52978], [-38.61739, -2.53045], [-38.61608, -2.53108], [-38.61477, -2.53172], [-38.61339, -2.53238], [-38.61208, -2.53303], [-38.61076, -2.53367], [-38.60945, -2.5343], [-38.60814, -2.53494], [-38.44528, -2.61391], [-38.18271, -2.74202]]}}, {"type": "Feature", "properties": {"ssGmStId": 494, "ssGmStNm": "seq197_s9-s5_pstm_rel", "cmpnntGmId": 4, "ss2dUqLnId": "seq197_s9-s5_pstm_rel", "district": "LANDMARK", "project": "NEOGENO_FOZAMAZONAS", "subprj": "ALL_DATA", "owtype": "Seis2DLine", "Shape_Leng": 0.0, "OBJECTID": 172}, "geometry": {"type": "LineString", "coordinates": [[-40.9451, 1.90468], [-40.62807, 1.66531]]}}, {"type": "Feature", "properties": {"ssGmStId": 495, "ssGmStNm": "seq199_s5-s4_pstm_rel", "cmpnntGmId": 4, "ss2dUqLnId": "seq199_s5-s4_pstm_rel", "district": "LANDMARK", "project": "NEOGENO_FOZAMAZONAS", "subprj": "ALL_DATA", "owtype": "Seis2DLine", "Shape_Leng": 0.0, "OBJECTID": 173}, "geometry": {"type": "LineString", "coordinates": [[-40.54501, 2.94538], [-41.20772, 3.21207]]}}, {"type": "Feature", "properties": {"ssGmStId": 496, "ssGmStNm": "seq204r_s2_pstm_rel", "cmpnntGmId": 4, "ss2dUqLnId": "seq204r_s2_pstm_rel", "district": "LANDMARK", "project": "NEOGENO_FOZAMAZONAS", "subprj": "ALL_DATA", "owtype": "Seis2DLine", "Shape_Leng": 0.0, "OBJECTID": 174}, "geometry": {"type": "LineString", "coordinates": [[-42.85099, 3.86065], [-42.99866, 2.95933], [-43.15765, 1.9876]]}}, {"type": "Feature", "properties": {"ssGmStId": 497, "ssGmStNm": "seq238_s11", "cmpnntGmId": 4, "ss2dUqLnId": "seq238_s11", "district": "LANDMARK", "project": "NEOGENO_FOZAMAZONAS", "subprj": "ALL_DATA", "owtype": "Seis2DLine", "Shape_Leng": 0.0, "OBJECTID": 175}, "geometry": {"type": "LineString", "coordinates": [[-45.58372, 6.46867], [-45.98436, 5.93408]]}}, {"type": "Feature", "properties": {"ssGmStId": 498, "ssGmStNm": "seq239_s11-s12", "cmpnntGmId": 4, "ss2dUqLnId": "seq239_s11-s12", "district": "LANDMARK", "project": "NEOGENO_FOZAMAZONAS", "subprj": "ALL_DATA", "owtype": "Seis2DLine", "Shape_Leng": 0.0, "OBJECTID": 176}, "geometry": {"type": "LineString", "coordinates": [[-46.09173, 5.97482], [-46.62608, 6.23861]]}}, {"type": "Feature", "properties": {"ssGmStId": 499, "ssGmStNm": "seq245_s15-s16", "cmpnntGmId": 4, "ss2dUqLnId": "seq245_s15-s16", "district": "LANDMARK", "project": "NEOGENO_FOZAMAZONAS", "subprj": "ALL_DATA", "owtype": "Seis2DLine", "Shape_Leng": 0.0, "OBJECTID": 177}, "geometry": {"type": "LineString", "coordinates": [[-46.95415, 8.57542], [-47.38949, 9.03077]]}}, {"type": "Feature", "properties": {"ssGmStId": 500, "ssGmStNm": "seq246_s16", "cmpnntGmId": 4, "ss2dUqLnId": "seq246_s16", "district": "LANDMARK", "project": "NEOGENO_FOZAMAZONAS", "subprj": "ALL_DATA", "owtype": "Seis2DLine", "Shape_Leng": 0.0, "OBJECTID": 178}, "geometry": {"type": "LineString", "coordinates": [[-47.52401, 9.02399], [-47.90249, 8.59172]]}}, {"type": "Feature", "properties": {"ssGmStId": 501, "ssGmStNm": "seq370_s1_pstm_rel", "cmpnntGmId": 4, "ss2dUqLnId": "seq370_s1_pstm_rel", "district": "LANDMARK", "project": "NEOGENO_FOZAMAZONAS", "subprj": "ALL_DATA", "owtype": "Seis2DLine", "Shape_Leng": 0.0, "OBJECTID": 179}, "geometry": {"type": "LineString", "coordinates": [[-44.37719, 0.09199], [-44.10615, 1.14377]]}}, {"type": "Feature", "properties": {"ssGmStId": 502, "ssGmStNm": "seq371_s1_pstm_rel", "cmpnntGmId": 4, "ss2dUqLnId": "seq371_s1_pstm_rel", "district": "LANDMARK", "project": "NEOGENO_FOZAMAZONAS", "subprj": "ALL_DATA", "owtype": "Seis2DLine", "Shape_Leng": 0.0, "OBJECTID": 180}, "geometry": {"type": "LineString", "coordinates": [[-44.11519, 1.10875], [-44.01265, 1.50663]]}}, {"type": "Feature", "properties": {"ssGmStId": 503, "ssGmStNm": "seq375_s2_rev2_pstm_rel", "cmpnntGmId": 4, "ss2dUqLnId": "seq375_s2_rev2_pstm_rel", "district": "LANDMARK", "project": "NEOGENO_FOZAMAZONAS", "subprj": "ALL_DATA", "owtype": "Seis2DLine", "Shape_Leng": 0.0, "OBJECTID": 181}, "geometry": {"type": "LineString", "coordinates": [[-43.61723, -0.82736], [-43.38051, 0.62233], [-43.14659, 2.05417]]}}, {"type": "Feature", "properties": {"ssGmStId": 504, "ssGmStNm": "seq376_s2-s1_pstm_rel", "cmpnntGmId": 4, "ss2dUqLnId": "seq376_s2-s1_pstm_rel", "district": "LANDMARK", "project": "NEOGENO_FOZAMAZONAS", "subprj": "ALL_DATA", "owtype": "Seis2DLine", "Shape_Leng": 0.0, "OBJECTID": 182}, "geometry": {"type": "LineString", "coordinates": [[-43.71668, 1.99965], [-43.87205, 1.97803]]}}, {"type": "Feature", "properties": {"ssGmStId": 505, "ssGmStNm": "seq377_s1_rev1_pstm_rel", "cmpnntGmId": 4, "ss2dUqLnId": "seq377_s1_rev1_pstm_rel", "district": "LANDMARK", "project": "NEOGENO_FOZAMAZONAS", "subprj": "ALL_DATA", "owtype": "Seis2DLine", "Shape_Leng": 0.0, "OBJECTID": 183}, "geometry": {"type": "LineString", "coordinates": [[-43.91553, 1.884], [-44.03825, 1.40778]]}}, {"type": "Feature", "properties": {"ssGmStId": 506, "ssGmStNm": "seq378_s1-s10_pstm_rel", "cmpnntGmId": 4, "ss2dUqLnId": "seq378_s1-s10_pstm_rel", "district": "LANDMARK", "project": "NEOGENO_FOZAMAZONAS", "subprj": "ALL_DATA", "owtype": "Seis2DLine", "Shape_Leng": 0.0, "OBJECTID": 184}, "geometry": {"type": "LineString", "coordinates": [[-44.25119, 1.4232], [-44.88049, 1.48265], [-45.71577, 1.56132], [-47.07393, 1.6885], [-47.08014, 1.68744], [-47.12877, 1.66616]]}}, {"type": "Feature", "properties": {"ssGmStId": 507, "ssGmStNm": "seq379_s10_rev2_pstm_rel", "cmpnntGmId": 4, "ss2dUqLnId": "seq379_s10_rev2_pstm_rel", "district": "LANDMARK", "project": "NEOGENO_FOZAMAZONAS", "subprj": "ALL_DATA", "owtype": "Seis2DLine", "Shape_Leng": 0.0, "OBJECTID": 185}, "geometry": {"type": "LineString", "coordinates": [[-47.40868, 1.76905], [-47.33008, 1.87281], [-47.30649, 1.94086], [-47.29225, 1.96631], [-47.28255, 1.97688], [-47.26885, 1.98858], [-47.2167, 2.02207], [-46.78708, 2.58502]]}}, {"type": "Feature", "properties": {"ssGmStId": 508, "ssGmStNm": "seq380_s10_rev2_pstm_rel", "cmpnntGmId": 4, "ss2dUqLnId": "seq380_s10_rev2_pstm_rel", "district": "LANDMARK", "project": "NEOGENO_FOZAMAZONAS", "subprj": "ALL_DATA", "owtype": "Seis2DLine", "Shape_Leng": 0.0, "OBJECTID": 186}, "geometry": {"type": "LineString", "coordinates": [[-46.82291, 2.54113], [-46.69464, 2.71003]]}}, {"type": "Feature", "properties": {"ssGmStId": 509, "ssGmStNm": "seq381_s10-s14_rev2_pstm_rel", "cmpnntGmId": 4, "ss2dUqLnId": "seq381_s10-s14_rev2_pstm_rel", "district": "LANDMARK", "project": "NEOGENO_FOZAMAZONAS", "subprj": "ALL_DATA", "owtype": "Seis2DLine", "Shape_Leng": 0.0, "OBJECTID": 187}, "geometry": {"type": "LineString", "coordinates": [[-46.70648, 2.77298], [-47.05552, 3.45083]]}}, {"type": "Feature", "properties": {"ssGmStId": 510, "ssGmStNm": "seq382_s10-s14_rev2_pstm_rel", "cmpnntGmId": 4, "ss2dUqLnId": "seq382_s10-s14_rev2_pstm_rel", "district": "LANDMARK", "project": "NEOGENO_FOZAMAZONAS", "subprj": "ALL_DATA", "owtype": "Seis2DLine", "Shape_Leng": 0.0, "OBJECTID": 188}, "geometry": {"type": "LineString", "coordinates": [[-47.08967, 3.51704], [-47.86066, 5.00991]]}}, {"type": "Feature", "properties": {"ssGmStId": 511, "ssGmStNm": "seq383_s10-s14_pt3_pstm_rel", "cmpnntGmId": 4, "ss2dUqLnId": "seq383_s10-s14_pt3_pstm_rel", "district": "LANDMARK", "project": "NEOGENO_FOZAMAZONAS", "subprj": "ALL_DATA", "owtype": "Seis2DLine", "Shape_Leng": 0.0, "OBJECTID": 189}, "geometry": {"type": "LineString", "coordinates": [[-48.184, 5.63384], [-48.42376, 6.09556]]}}, {"type": "Feature", "properties": {"ssGmStId": 512, "ssGmStNm": "seq383_s10-s14_rev2_pstm_rel", "cmpnntGmId": 4, "ss2dUqLnId": "seq383_s10-s14_rev2_pstm_rel", "district": "LANDMARK", "project": "NEOGENO_FOZAMAZONAS", "subprj": "ALL_DATA", "owtype": "Seis2DLine", "Shape_Leng": 0.0, "OBJECTID": 190}, "geometry": {"type": "LineString", "coordinates": [[-47.87997, 5.04722], [-47.92753, 5.13914]]}}, {"type": "Feature", "properties": {"ssGmStId": 513, "ssGmStNm": "seq384_s14_rev2_pstm_rel", "cmpnntGmId": 4, "ss2dUqLnId": "seq384_s14_rev2_pstm_rel", "district": "LANDMARK", "project": "NEOGENO_FOZAMAZONAS", "subprj": "ALL_DATA", "owtype": "Seis2DLine", "Shape_Leng": 0.0, "OBJECTID": 191}, "geometry": {"type": "LineString", "coordinates": [[-48.50044, 6.03878], [-49.78467, 4.46313]]}}, {"type": "Feature", "properties": {"ssGmStId": 514, "ssGmStNm": "seq385_s14_rev2_pstm_rel", "cmpnntGmId": 4, "ss2dUqLnId": "seq385_s14_rev2_pstm_rel", "district": "LANDMARK", "project": "NEOGENO_FOZAMAZONAS", "subprj": "ALL_DATA", "owtype": "Seis2DLine", "Shape_Leng": 0.0, "OBJECTID": 192}, "geometry": {"type": "LineString", "coordinates": [[-49.75904, 4.49468], [-49.98648, 4.21467]]}}, {"type": "Feature", "properties": {"ssGmStId": 515, "ssGmStNm": "seqr_s3-s2_pstm_rel", "cmpnntGmId": 4, "ss2dUqLnId": "seqr_s3-s2_pstm_rel", "district": "LANDMARK", "project": "NEOGENO_FOZAMAZONAS", "subprj": "ALL_DATA", "owtype": "Seis2DLine", "Shape_Leng": 0.0, "OBJECTID": 193}, "geometry": {"type": "LineString", "coordinates": [[-42.45147, 3.98005], [-42.8014, 3.95606]]}}, {"type": "Feature", "properties": {"ssGmStId": 445, "ssGmStNm": "b26_e_stack_rel", "cmpnntGmId": 4, "ss2dUqLnId": "b26_e_stack_rel", "district": "LANDMARK", "project": "NEOGENO_FOZAMAZONAS", "subprj": "ALL_DATA", "owtype": "Seis2DLine", "Shape_Leng": 0.0, "OBJECTID": 194}, "geometry": {"type": "LineString", "coordinates": [[-34.24165, -3.14796], [-34.23398, -3.20303], [-34.22662, -3.25679], [-34.22194, -3.29038], [-34.21762, -3.32172], [-34.21363, -3.35175], [-34.20954, -3.38041], [-34.20577, -3.40772], [-34.20207, -3.43461], [-34.19497, -3.48611], [-34.19164, -3.51031], [-34.18854, -3.53269], [-34.18559, -3.55418], [-34.18275, -3.5748], [-34.18009, -3.59405], [-34.17755, -3.61242], [-34.17516, -3.62988], [-34.17286, -3.64646], [-34.1707, -3.66214], [-34.16866, -3.67691], [-34.16669, -3.69124], [-34.16485, -3.70468], [-34.16306, -3.71767], [-34.16139, -3.72977], [-34.15978, -3.74141], [-34.15824, -3.75263], [-34.15678, -3.7629], [-34.15546, -3.77277], [-34.15266, -3.79292], [-34.12788, -3.97157], [-34.01872, -4.76293], [-33.9646, -4.80735], [-33.78709, -4.81368], [-33.73064, -4.77263]]}}, {"type": "Feature", "properties": {"ssGmStId": 446, "ssGmStNm": "b26_f_stack_rel", "cmpnntGmId": 4, "ss2dUqLnId": "b26_f_stack_rel", "district": "LANDMARK", "project": "NEOGENO_FOZAMAZONAS", "subprj": "ALL_DATA", "owtype": "Seis2DLine", "Shape_Leng": 0.0, "OBJECTID": 195}, "geometry": {"type": "LineString", "coordinates": [[-33.73387, -4.77962], [-33.64778, -3.9008], [-33.57531, -3.15845], [-33.49992, -3.12714], [-33.32685, -3.08504], [-33.3212, -3.08698], [-33.26861, -3.11657]]}}, {"type": "Feature", "properties": {"ssGmStId": 447, "ssGmStNm": "b26_g-pt2_stack_rel", "cmpnntGmId": 4, "ss2dUqLnId": "b26_g-pt2_stack_rel", "district": "LANDMARK", "project": "NEOGENO_FOZAMAZONAS", "subprj": "ALL_DATA", "owtype": "Seis2DLine", "Shape_Leng": 0.0, "OBJECTID": 196}, "geometry": {"type": "LineString", "coordinates": [[-33.02552, -4.70076], [-32.84655, -4.67913], [-32.78607, -4.63979], [-32.78208, -4.6385]]}}, {"type": "Feature", "properties": {"ssGmStId": 448, "ssGmStNm": "b26_g_stack_rel", "cmpnntGmId": 4, "ss2dUqLnId": "b26_g_stack_rel", "district": "LANDMARK", "project": "NEOGENO_FOZAMAZONAS", "subprj": "ALL_DATA", "owtype": "Seis2DLine", "Shape_Leng": 0.0, "OBJECTID": 197}, "geometry": {"type": "LineString", "coordinates": [[-33.27248, -3.11301], [-33.22623, -3.43434], [-33.15238, -3.94718], [-33.05369, -4.63172], [-33.02292, -4.7035]]}}, {"type": "Feature", "properties": {"ssGmStId": 449, "ssGmStNm": "b26_h_stack_rel", "cmpnntGmId": 4, "ss2dUqLnId": "b26_h_stack_rel", "district": "LANDMARK", "project": "NEOGENO_FOZAMAZONAS", "subprj": "ALL_DATA", "owtype": "Seis2DLine", "Shape_Leng": 0.0, "OBJECTID": 198}, "geometry": {"type": "LineString", "coordinates": [[-32.78725, -4.64241], [-32.76525, -4.02063], [-32.73912, -3.28775], [-32.70848, -3.22675], [-32.70529, -3.22571], [-32.43911, -3.21836], [-32.38641, -3.26058]]}}, {"type": "Feature", "properties": {"ssGmStId": 450, "ssGmStNm": "b26_i-pt2_stack_rel", "cmpnntGmId": 4, "ss2dUqLnId": "b26_i-pt2_stack_rel", "district": "LANDMARK", "project": "NEOGENO_FOZAMAZONAS", "subprj": "ALL_DATA", "owtype": "Seis2DLine", "Shape_Leng": 0.0, "OBJECTID": 199}, "geometry": {"type": "LineString", "coordinates": [[-32.35622, -4.41845], [-32.3507, -4.61001], [-32.34918, -4.61292], [-32.30398, -4.6486], [-32.29953, -4.65135], [-31.94155, -4.65145], [-31.93821, -4.64982], [-31.89498, -4.59885]]}}, {"type": "Feature", "properties": {"ssGmStId": 451, "ssGmStNm": "b26_i_stack_rel", "cmpnntGmId": 4, "ss2dUqLnId": "b26_i_stack_rel", "district": "LANDMARK", "project": "NEOGENO_FOZAMAZONAS", "subprj": "ALL_DATA", "owtype": "Seis2DLine", "Shape_Leng": 0.0, "OBJECTID": 200}, "geometry": {"type": "LineString", "coordinates": [[-32.38932, -3.25463], [-32.37421, -3.78478], [-32.37412, -3.78839], [-32.37402, -3.792], [-32.37066, -3.91088], [-32.35667, -4.40218]]}}, {"type": "Feature", "properties": {"ssGmStId": 452, "ssGmStNm": "b26_j_stack_rel", "cmpnntGmId": 4, "ss2dUqLnId": "b26_j_stack_rel", "district": "LANDMARK", "project": "NEOGENO_FOZAMAZONAS", "subprj": "ALL_DATA", "owtype": "Seis2DLine", "Shape_Leng": 0.0, "OBJECTID": 201}, "geometry": {"type": "LineString", "coordinates": [[-31.8979, -4.60484], [-31.84349, -3.61205], [-31.82612, -3.53404], [-31.82221, -3.53106], [-31.8051, -3.53006], [-31.64957, -3.50876], [-31.64621, -3.51026], [-31.60445, -3.56126]]}}, {"type": "Feature", "properties": {"ssGmStId": 453, "ssGmStNm": "b26_k_stack_rel", "cmpnntGmId": 4, "ss2dUqLnId": "b26_k_stack_rel", "district": "LANDMARK", "project": "NEOGENO_FOZAMAZONAS", "subprj": "ALL_DATA", "owtype": "Seis2DLine", "Shape_Leng": 0.0, "OBJECTID": 202}, "geometry": {"type": "LineString", "coordinates": [[-31.6058, -3.55847], [-31.59892, -3.59995], [-31.542, -3.60167], [-31.54203, -3.99968]]}}, {"type": "Feature", "properties": {"ssGmStId": 454, "ssGmStNm": "b26_l-pt2_stack_rel", "cmpnntGmId": 4, "ss2dUqLnId": "b26_l-pt2_stack_rel", "district": "LANDMARK", "project": "NEOGENO_FOZAMAZONAS", "subprj": "ALL_DATA", "owtype": "Seis2DLine", "Shape_Leng": 0.0, "OBJECTID": 203}, "geometry": {"type": "LineString", "coordinates": [[-36.4642, -3.92112], [-36.9328, -3.91396]]}}, {"type": "Feature", "properties": {"ssGmStId": 455, "ssGmStNm": "b26_l_stack_rel", "cmpnntGmId": 4, "ss2dUqLnId": "b26_l_stack_rel", "district": "LANDMARK", "project": "NEOGENO_FOZAMAZONAS", "subprj": "ALL_DATA", "owtype": "Seis2DLine", "Shape_Leng": 0.0, "OBJECTID": 204}, "geometry": {"type": "LineString", "coordinates": [[-31.53932, -3.99577], [-31.82881, -3.99146], [-32.78544, -3.97692], [-33.19735, -3.97068], [-33.92348, -3.95965], [-34.5312, -3.95045], [-34.61448, -3.94919], [-34.6681, -3.94808], [-34.79051, -3.94651], [-34.96246, -3.9439], [-35.23842, -3.93971], [-35.64627, -3.93348], [-36.48895, -3.92075]]}}, {"type": "Feature", "properties": {"ssGmStId": 456, "ssGmStNm": "b26_stack_rel", "cmpnntGmId": 4, "ss2dUqLnId": "b26_stack_rel", "district": "LANDMARK", "project": "NEOGENO_FOZAMAZONAS", "subprj": "ALL_DATA", "owtype": "Seis2DLine", "Shape_Leng": 0.0, "OBJECTID": 205}, "geometry": {"type": "LineString", "coordinates": [[-36.16037, -4.80568], [-35.88891, -3.84429], [-35.64548, -2.98116], [-35.60991, -2.90655]]}}, {"type": "Feature", "properties": {"ssGmStId": 458, "ssGmStNm": "b29_1-b29_3_stack_rel", "cmpnntGmId": 4, "ss2dUqLnId": "b29_1-b29_3_stack_rel", "district": "LANDMARK", "project": "NEOGENO_FOZAMAZONAS", "subprj": "ALL_DATA", "owtype": "Seis2DLine", "Shape_Leng": 0.0, "OBJECTID": 206}, "geometry": {"type": "LineString", "coordinates": [[-33.21634, -1.36469], [-33.24214, -1.36548], [-33.93708, -1.12739]]}}, {"type": "Feature", "properties": {"ssGmStId": 459, "ssGmStNm": "b29_1_stack_rel", "cmpnntGmId": 4, "ss2dUqLnId": "b29_1_stack_rel", "district": "LANDMARK", "project": "NEOGENO_FOZAMAZONAS", "subprj": "ALL_DATA", "owtype": "Seis2DLine", "Shape_Leng": 0.0, "OBJECTID": 207}, "geometry": {"type": "LineString", "coordinates": [[-34.93295, -4.77642], [-34.51991, -3.97175], [-34.3916, -3.72125], [-34.05878, -3.07108], [-33.6471, -2.26552], [-33.61283, -2.19834], [-33.19548, -1.38058]]}}, {"type": "Feature", "properties": {"ssGmStId": 460, "ssGmStNm": "b29_2-b26-pt2_stack_rel", "cmpnntGmId": 4, "ss2dUqLnId": "b29_2-b26-pt2_stack_rel", "district": "LANDMARK", "project": "NEOGENO_FOZAMAZONAS", "subprj": "ALL_DATA", "owtype": "Seis2DLine", "Shape_Leng": 0.0, "OBJECTID": 208}, "geometry": {"type": "LineString", "coordinates": [[-35.96328, -4.53616], [-36.1614, -4.80642]]}}, {"type": "Feature", "properties": {"ssGmStId": 461, "ssGmStNm": "b29_2-b26_stack_rel", "cmpnntGmId": 4, "ss2dUqLnId": "b29_2-b26_stack_rel", "district": "LANDMARK", "project": "NEOGENO_FOZAMAZONAS", "subprj": "ALL_DATA", "owtype": "Seis2DLine", "Shape_Leng": 0.0, "OBJECTID": 209}, "geometry": {"type": "LineString", "coordinates": [[-35.68786, -4.66433], [-35.93387, -4.51596]]}}, {"type": "Feature", "properties": {"ssGmStId": 462, "ssGmStNm": "b29_2-pt2_stack_rel", "cmpnntGmId": 4, "ss2dUqLnId": "b29_2-pt2_stack_rel", "district": "LANDMARK", "project": "NEOGENO_FOZAMAZONAS", "subprj": "ALL_DATA", "owtype": "Seis2DLine", "Shape_Leng": 0.0, "OBJECTID": 210}, "geometry": {"type": "LineString", "coordinates": [[-35.21695, -1.80618], [-35.26249, -2.50057], [-35.30821, -3.1963], [-35.35751, -3.94528], [-35.40875, -4.72264]]}}, {"type": "Feature", "properties": {"ssGmStId": 463, "ssGmStNm": "b29_2_stack_rel", "cmpnntGmId": 4, "ss2dUqLnId": "b29_2_stack_rel", "district": "LANDMARK", "project": "NEOGENO_FOZAMAZONAS", "subprj": "ALL_DATA", "owtype": "Seis2DLine", "Shape_Leng": 0.0, "OBJECTID": 211}, "geometry": {"type": "LineString", "coordinates": [[-35.15508, -0.86181], [-35.1579, -0.90558], [-35.21133, -1.72046]]}}, {"type": "Feature", "properties": {"ssGmStId": 464, "ssGmStNm": "b29_3-pt2_stack_rel", "cmpnntGmId": 4, "ss2dUqLnId": "b29_3-pt2_stack_rel", "district": "LANDMARK", "project": "NEOGENO_FOZAMAZONAS", "subprj": "ALL_DATA", "owtype": "Seis2DLine", "Shape_Leng": 0.0, "OBJECTID": 212}, "geometry": {"type": "LineString", "coordinates": [[-34.13769, -1.31957], [-34.83117, -1.98203], [-34.90354, -2.05114], [-34.92865, -2.07509], [-34.9342, -2.08038], [-34.94331, -2.08911]]}}, {"type": "Feature", "properties": {"ssGmStId": 465, "ssGmStNm": "b29_3-pt3_stack_rel", "cmpnntGmId": 4, "ss2dUqLnId": "b29_3-pt3_stack_rel", "district": "LANDMARK", "project": "NEOGENO_FOZAMAZONAS", "subprj": "ALL_DATA", "owtype": "Seis2DLine", "Shape_Leng": 0.0, "OBJECTID": 213}, "geometry": {"type": "LineString", "coordinates": [[-35.51349, -2.63301], [-35.52782, -2.6467], [-35.54219, -2.66038], [-35.55623, -2.67375], [-35.56992, -2.68683], [-35.58363, -2.69989], [-35.59701, -2.71265], [-35.61007, -2.7251], [-35.6228, -2.73722], [-35.63521, -2.74903], [-35.64761, -2.76086], [-35.65967, -2.77238], [-35.67326, -2.78532], [-35.68393, -2.79547], [-35.69494, -2.80595], [-35.70767, -2.81808], [-35.72007, -2.82991], [-35.72789, -2.83738], [-35.7416, -2.85044], [-35.75532, -2.8635], [-35.76837, -2.87594], [-35.78143, -2.88838], [-35.79417, -2.9005], [-35.80657, -2.91233], [-35.81866, -2.92383], [-35.83041, -2.93502], [-35.84184, -2.94591], [-35.85327, -2.95679], [-35.86437, -2.96736], [-35.87515, -2.97763], [-35.88559, -2.98759], [-35.8957, -2.99723], [-35.90583, -3.00687], [-35.91596, -3.0165], [-35.92576, -3.02583], [-35.93524, -3.03484], [-35.94438, -3.04355], [-35.95352, -3.05227], [-35.96233, -3.06065], [-35.97115, -3.06905], [-35.97964, -3.07714], [-35.98781, -3.08491], [-35.99597, -3.09269], [-36.00382, -3.10015], [-36.01165, -3.10761], [-36.01917, -3.11476], [-36.02733, -3.12254], [-36.0453, -3.13963], [-36.06617, -3.15956], [-36.08578, -3.1782], [-36.10408, -3.19561], [-36.12105, -3.21178], [-36.13704, -3.22701], [-36.15241, -3.24162], [-36.16646, -3.25499], [-36.17988, -3.26773], [-36.19232, -3.27952], [-36.20372, -3.29043], [-36.21446, -3.30071], [-36.22492, -3.31066], [-36.2344, -3.31967], [-36.24355, -3.32837], [-36.25205, -3.33645], [-36.25989, -3.34391], [-36.26742, -3.35106], [-36.27462, -3.35788], [-36.28114, -3.3641], [-36.28735, -3.37002], [-36.29323, -3.37561], [-36.29878, -3.38089], [-36.30401, -3.38587], [-36.30891, -3.39054], [-36.31348, -3.39489], [-36.31773, -3.39892], [-36.32165, -3.40266], [-36.32524, -3.40607], [-36.32884, -3.40949], [-36.3321, -3.41261], [-36.33537, -3.41571], [-36.33832, -3.41851], [-36.34094, -3.42099], [-36.34845, -3.42814], [-36.35499, -3.43436], [-36.36251, -3.44151], [-36.3916, -3.46918]]}}, {"type": "Feature", "properties": {"ssGmStId": 466, "ssGmStNm": "b29_3-pt4_stack_rel", "cmpnntGmId": 4, "ss2dUqLnId": "b29_3-pt4_stack_rel", "district": "LANDMARK", "project": "NEOGENO_FOZAMAZONAS", "subprj": "ALL_DATA", "owtype": "Seis2DLine", "Shape_Leng": 0.0, "OBJECTID": 214}, "geometry": {"type": "LineString", "coordinates": [[-36.40635, -3.48312], [-37.22924, -4.26481]]}}, {"type": "Feature", "properties": {"ssGmStId": 467, "ssGmStNm": "b29_3_stack_rel", "cmpnntGmId": 4, "ss2dUqLnId": "b29_3_stack_rel", "district": "LANDMARK", "project": "NEOGENO_FOZAMAZONAS", "subprj": "ALL_DATA", "owtype": "Seis2DLine", "Shape_Leng": 0.0, "OBJECTID": 215}, "geometry": {"type": "LineString", "coordinates": [[-33.93371, -1.12465], [-34.12527, -1.30774]]}}, {"type": "Feature", "properties": {"ssGmStId": 472, "ssGmStNm": "ctd-forta_stack_rel", "cmpnntGmId": 4, "ss2dUqLnId": "ctd-forta_stack_rel", "district": "LANDMARK", "project": "NEOGENO_FOZAMAZONAS", "subprj": "ALL_DATA", "owtype": "Seis2DLine", "Shape_Leng": 0.0, "OBJECTID": 216}, "geometry": {"type": "LineString", "coordinates": [[-40.07933, -0.36579], [-39.60519, -1.29898], [-39.18093, -2.13347], [-39.17925, -2.13875], [-39.17938, -2.14602], [-39.18008, -2.15092], [-39.18201, -2.17083], [-39.18608, -2.18401], [-39.30483, -2.4014], [-39.30409, -2.40369], [-39.29308, -2.41363], [-39.21255, -2.50631]]}}, {"type": "Feature", "properties": {"ssGmStId": 473, "ssGmStNm": "forta-b21_stack_rel", "cmpnntGmId": 4, "ss2dUqLnId": "forta-b21_stack_rel", "district": "LANDMARK", "project": "NEOGENO_FOZAMAZONAS", "subprj": "ALL_DATA", "owtype": "Seis2DLine", "Shape_Leng": 0.0, "OBJECTID": 217}, "geometry": {"type": "LineString", "coordinates": [[-38.56266, -2.97067], [-38.62048, -2.30043]]}}, {"type": "Feature", "properties": {"ssGmStId": 476, "ssGmStNm": "s12-s13", "cmpnntGmId": 4, "ss2dUqLnId": "s12-s13", "district": "LANDMARK", "project": "NEOGENO_FOZAMAZONAS", "subprj": "ALL_DATA", "owtype": "Seis2DLine", "Shape_Leng": 0.0, "OBJECTID": 218}, "geometry": {"type": "MultiLineString", "coordinates": [[[-45.96586, 7.16228], [-46.14694, 7.5036]], [[-46.14694, 7.5036], [-46.17782, 7.56181]], [[-45.96586, 7.16228], [-46.00118, 7.22889], [-46.03651, 7.29549], [-46.07184, 7.36209], [-46.10716, 7.42867], [-46.14249, 7.49525], [-46.14694, 7.5036]], [[-46.14694, 7.5036], [-46.14806, 7.5057]], [[-46.14806, 7.5057], [-46.1619, 7.53169]], [[-46.1619, 7.53169], [-47.4767, 10.0]], [[-47.47669, 10.0], [-46.18027, 7.56631]], [[-46.18027, 7.56631], [-46.16528, 7.53817], [-46.14806, 7.5057]], [[-46.14806, 7.5057], [-45.96926, 7.1686], [-46.1619, 7.53169]], [[-46.1619, 7.53169], [-46.18027, 7.56631]], [[-46.18027, 7.56631], [-46.33878, 7.86508]]]}}, {"type": "Feature", "properties": {"ssGmStId": 477, "ssGmStNm": "s12", "cmpnntGmId": 4, "ss2dUqLnId": "s12", "district": "LANDMARK", "project": "NEOGENO_FOZAMAZONAS", "subprj": "ALL_DATA", "owtype": "Seis2DLine", "Shape_Leng": 0.0, "OBJECTID": 219}, "geometry": {"type": "MultiLineString", "coordinates": [[[-46.6114, 6.36539], [-46.56602, 6.41918]], [[-46.56602, 6.41918], [-46.36551, 6.65683]], [[-46.36551, 6.65683], [-46.33253, 6.69592]], [[-46.33253, 6.69592], [-46.32306, 6.70714]], [[-46.6114, 6.36539], [-46.56797, 6.41687]], [[-46.56797, 6.41687], [-46.37112, 6.65019], [-46.36551, 6.65683]], [[-46.36551, 6.65683], [-46.14772, 6.91417]], [[-46.14772, 6.91417], [-44.30474, 9.09189], [-46.08724, 6.98574]], [[-46.08724, 6.98574], [-46.33253, 6.69592]], [[-46.33253, 6.69592], [-46.33685, 6.69081], [-46.60567, 6.37225], [-46.56797, 6.41687]], [[-46.56797, 6.41687], [-46.56602, 6.41918]], [[-46.56602, 6.41918], [-46.14772, 6.91417]], [[-46.14772, 6.91417], [-46.08724, 6.98574]], [[-46.08724, 6.98574], [-45.96351, 7.13216]]]}}, {"type": "Feature", "properties": {"ssGmStId": 478, "ssGmStNm": "s13-s15", "cmpnntGmId": 4, "ss2dUqLnId": "s13-s15", "district": "LANDMARK", "project": "NEOGENO_FOZAMAZONAS", "subprj": "ALL_DATA", "owtype": "Seis2DLine", "Shape_Leng": 0.0, "OBJECTID": 220}, "geometry": {"type": "MultiLineString", "coordinates": [[[-47.10605, 7.19915], [-47.13871, 7.22745]], [[-47.13871, 7.22745], [-47.26632, 7.33802]], [[-47.26632, 7.33802], [-47.27137, 7.34239]], [[-47.27137, 7.34239], [-47.2851, 7.35429]], [[-47.2851, 7.35429], [-47.29781, 7.3653]], [[-47.29781, 7.3653], [-47.30338, 7.37013]], [[-47.30338, 7.37013], [-47.3127, 7.3782]], [[-47.3127, 7.3782], [-47.39558, 7.45002]], [[-47.39558, 7.45002], [-47.42796, 7.47807]], [[-47.42796, 7.47807], [-47.43544, 7.48455]], [[-47.43544, 7.48455], [-47.44687, 7.49446]], [[-47.44687, 7.49446], [-47.44806, 7.49549]], [[-47.10605, 7.19915], [-47.13859, 7.22736]], [[-47.13859, 7.22736], [-47.14295, 7.23113]], [[-47.14295, 7.23113], [-47.16305, 7.24855], [-47.22006, 7.29795], [-47.27706, 7.34734], [-47.33406, 7.39673], [-47.39106, 7.44611], [-47.3915, 7.44649]], [[-47.3915, 7.44649], [-47.39558, 7.45002]], [[-47.39558, 7.45002], [-47.39897, 7.45294]], [[-47.39897, 7.45294], [-49.84211, 9.56368], [-47.45172, 7.49865]], [[-47.45172, 7.49865], [-47.44687, 7.49446]], [[-47.44687, 7.49446], [-47.44463, 7.49252], [-47.43544, 7.48455]], [[-47.43544, 7.48455], [-47.43306, 7.48249], [-47.42796, 7.47807]], [[-47.42796, 7.47807], [-47.42191, 7.47283], [-47.41076, 7.46317], [-47.40005, 7.45389], [-47.3915, 7.44649]], [[-47.3915, 7.44649], [-47.38976, 7.44498], [-47.37991, 7.43644], [-47.37047, 7.42827], [-47.36147, 7.42047], [-47.35289, 7.41303], [-47.34432, 7.40561], [-47.33618, 7.39855], [-47.32846, 7.39186], [-47.32074, 7.38518], [-47.31346, 7.37886], [-47.3127, 7.3782]], [[-47.3127, 7.3782], [-47.30617, 7.37255], [-47.30338, 7.37013]], [[-47.30338, 7.37013], [-47.29932, 7.36661], [-47.29781, 7.3653]], [[-47.29781, 7.3653], [-47.29672, 7.36436]], [[-47.29672, 7.36436], [-47.29289, 7.36103], [-47.28645, 7.35546], [-47.28045, 7.35026], [-47.27445, 7.34506], [-47.27137, 7.34239]], [[-47.27137, 7.34239], [-47.27066, 7.34178]], [[-47.27066, 7.34178], [-47.26887, 7.34023], [-47.26722, 7.3388]], [[-47.26722, 7.3388], [-47.26632, 7.33802]], [[-47.26632, 7.33802], [-47.2633, 7.3354], [-47.25816, 7.33094], [-47.25302, 7.32648], [-47.24787, 7.32203], [-47.24316, 7.31794], [-47.23844, 7.31386], [-47.23415, 7.31013], [-47.22987, 7.30642], [-47.22558, 7.30271], [-47.22172, 7.29936], [-47.21787, 7.29602], [-47.214, 7.29267], [-47.21058, 7.2897], [-47.20715, 7.28673], [-47.20372, 7.28375], [-47.20072, 7.28115], [-47.19772, 7.27855], [-47.19472, 7.27595], [-47.19172, 7.27336], [-47.18915, 7.27112], [-47.18657, 7.26889], [-47.184, 7.26667], [-47.18143, 7.26443], [-47.17885, 7.26221], [-47.17672, 7.26035], [-47.17457, 7.25849], [-47.17243, 7.25664], [-47.17028, 7.25477], [-47.16814, 7.25291], [-47.166, 7.25106], [-47.16428, 7.24958], [-47.16257, 7.24809], [-47.16085, 7.2466], [-47.15914, 7.24511], [-47.15743, 7.24363], [-47.15571, 7.24214], [-47.15442, 7.24103], [-47.15314, 7.23992], [-47.15185, 7.23879], [-47.15057, 7.23768], [-47.14928, 7.23657], [-47.148, 7.23545], [-47.14671, 7.23434], [-47.14543, 7.23322], [-47.14413, 7.2321], [-47.14285, 7.23099], [-47.142, 7.23025], [-47.14114, 7.2295], [-47.14028, 7.22876], [-47.13943, 7.22801], [-47.13871, 7.22745]], [[-47.13871, 7.22745], [-47.13859, 7.22736]], [[-47.13859, 7.22736], [-47.13857, 7.22734], [-47.14295, 7.23113]], [[-47.14295, 7.23113], [-47.26722, 7.3388]], [[-47.26722, 7.3388], [-47.27066, 7.34178]], [[-47.27066, 7.34178], [-47.2851, 7.35429]], [[-47.2851, 7.35429], [-47.29672, 7.36436]], [[-47.29672, 7.36436], [-47.39897, 7.45294]], [[-47.39897, 7.45294], [-47.45172, 7.49865]], [[-47.45172, 7.49865], [-47.64273, 7.66414]]]}}, {"type": "Feature", "properties": {"ssGmStId": 479, "ssGmStNm": "s13", "cmpnntGmId": 4, "ss2dUqLnId": "s13", "district": "LANDMARK", "project": "NEOGENO_FOZAMAZONAS", "subprj": "ALL_DATA", "owtype": "Seis2DLine", "Shape_Leng": 0.0, "OBJECTID": 221}, "geometry": {"type": "MultiLineString", "coordinates": [[[-46.41525, 7.8078], [-46.49743, 7.70741]], [[-46.49743, 7.70741], [-46.6616, 7.50686]], [[-46.6616, 7.50686], [-46.69192, 7.46983]], [[-46.69192, 7.46983], [-46.70034, 7.45954]], [[-46.70034, 7.45954], [-46.70112, 7.45858]], [[-46.70112, 7.45858], [-46.70189, 7.45764]], [[-46.41525, 7.8078], [-46.49178, 7.71432]], [[-46.49178, 7.71432], [-46.63757, 7.53624]], [[-46.63757, 7.53624], [-46.65412, 7.51603], [-46.65715, 7.51232]], [[-46.65715, 7.51232], [-46.6616, 7.50686]], [[-46.6616, 7.50686], [-46.78273, 7.35847]], [[-46.78273, 7.35847], [-48.7084, 4.99933], [-46.84643, 7.28055]], [[-46.84643, 7.28055], [-46.70112, 7.45858]], [[-46.70112, 7.45858], [-46.70042, 7.45944], [-46.70034, 7.45954]], [[-46.70034, 7.45954], [-46.70023, 7.45967], [-46.69192, 7.46983]], [[-46.69192, 7.46983], [-46.65715, 7.51232]], [[-46.65715, 7.51232], [-46.63757, 7.53624]], [[-46.63757, 7.53624], [-46.4623, 7.75042], [-46.46295, 7.74958], [-46.49178, 7.71432]], [[-46.49178, 7.71432], [-46.49743, 7.70741]], [[-46.49743, 7.70741], [-46.78273, 7.35847]], [[-46.78273, 7.35847], [-46.84643, 7.28055]], [[-46.84643, 7.28055], [-46.94975, 7.15419]]]}}, {"type": "Feature", "properties": {"ssGmStId": 480, "ssGmStNm": "s14", "cmpnntGmId": 4, "ss2dUqLnId": "s14", "district": "LANDMARK", "project": "NEOGENO_FOZAMAZONAS", "subprj": "ALL_DATA", "owtype": "Seis2DLine", "Shape_Leng": 0.0, "OBJECTID": 222}, "geometry": {"type": "MultiLineString", "coordinates": [[[-46.68845, 8.24206], [-46.97568, 7.8936], [-47.25098, 7.55912]], [[-47.25098, 7.55912], [-47.94868, 6.71145]], [[-47.94868, 6.71145], [-48.12538, 6.49676], [-48.08919, 6.54015]], [[-48.08919, 6.54015], [-48.08667, 6.54317], [-48.08921, 6.54013]], [[-48.08921, 6.54013], [-48.26417, 6.33036]], [[-48.26417, 6.33036], [-48.30926, 6.2763], [-48.30442, 6.2821], [-48.29958, 6.2879], [-48.29474, 6.29371], [-48.28991, 6.29951], [-48.28507, 6.30531], [-48.26417, 6.33036]], [[-48.26417, 6.33036], [-48.09335, 6.53508]], [[-48.09335, 6.53508], [-47.81569, 6.86785], [-47.30937, 7.47382]], [[-47.30937, 7.47382], [-47.19631, 7.60914], [-46.65435, 8.2567], [-46.11239, 8.90319], [-47.30937, 7.47382]], [[-47.30937, 7.47382], [-47.96175, 6.69478], [-47.95971, 6.69727], [-47.95765, 6.69976], [-47.9556, 6.70225], [-47.95355, 6.70475], [-47.9515, 6.70724], [-47.94946, 6.70973], [-47.94741, 6.71223], [-47.94535, 6.71472], [-47.9433, 6.71721], [-47.94125, 6.71971], [-47.93921, 6.7222], [-47.93716, 6.72469], [-47.9351, 6.72718], [-47.93305, 6.72968], [-47.931, 6.73216], [-47.92896, 6.73466], [-47.92691, 6.73716], [-47.92486, 6.73965], [-47.9228, 6.74214], [-47.92075, 6.74463], [-47.91871, 6.74713], [-47.31763, 7.47754], [-47.29739, 7.50212], [-47.27714, 7.5267], [-47.25689, 7.55128], [-47.23664, 7.57586], [-47.21639, 7.60044], [-47.19615, 7.62502], [-47.1759, 7.64958], [-47.15565, 7.67416], [-47.14214, 7.69056], [-47.12863, 7.70696], [-47.11512, 7.72334], [-47.10161, 7.73974], [-47.08811, 7.75613], [-47.0746, 7.77253], [-47.06108, 7.78891], [-47.04757, 7.80531], [-47.03406, 7.82169], [-47.02055, 7.83809], [-47.00704, 7.85447], [-46.99352, 7.87088], [-46.98, 7.88728], [-46.96647, 7.90368], [-46.95295, 7.92008], [-46.93943, 7.93649], [-46.92591, 7.95289], [-46.91239, 7.96928], [-46.90562, 7.97749], [-46.89887, 7.98568], [-46.8921, 7.99388], [-46.88534, 8.00208], [-46.87858, 8.01028], [-46.87182, 8.01848], [-46.86506, 8.02667], [-46.8583, 8.03488], [-46.85153, 8.04308], [-46.84478, 8.05127], [-46.83801, 8.05947], [-46.83125, 8.06766], [-46.8245, 8.07586], [-46.81773, 8.08406], [-46.81097, 8.09226], [-46.80421, 8.10046], [-46.79745, 8.10865], [-46.79068, 8.11685], [-46.78393, 8.12505], [-46.77716, 8.13324], [-46.7704, 8.14144], [-46.76364, 8.14963], [-46.75688, 8.15783], [-46.75012, 8.16603], [-46.74336, 8.17422], [-46.7366, 8.18241], [-46.72984, 8.19061], [-46.72308, 8.1988], [-46.71631, 8.207], [-46.70956, 8.21519], [-46.70279, 8.22339], [-46.70285, 8.22332], [-46.70359, 8.22242], [-46.70434, 8.22153], [-46.70507, 8.22064], [-46.70581, 8.21975], [-46.70656, 8.21886], [-46.70729, 8.21796], [-46.70804, 8.21708], [-46.70876, 8.21621], [-46.70948, 8.21534], [-46.71019, 8.21447], [-46.71091, 8.21361], [-47.25098, 7.55912]], [[-47.25098, 7.55912], [-47.6506, 7.07484], [-47.94868, 6.71145]], [[-47.94868, 6.71145], [-48.08919, 6.54015]], [[-48.08919, 6.54015], [-48.08921, 6.54013]], [[-48.08921, 6.54013], [-48.09335, 6.53508]], [[-48.09335, 6.53508], [-48.502, 6.03689]]]}}, {"type": "Feature", "properties": {"ssGmStId": 481, "ssGmStNm": "s15", "cmpnntGmId": 4, "ss2dUqLnId": "s15", "district": "LANDMARK", "project": "NEOGENO_FOZAMAZONAS", "subprj": "ALL_DATA", "owtype": "Seis2DLine", "Shape_Leng": 0.0, "OBJECTID": 223}, "geometry": {"type": "LineString", "coordinates": [[-49.81113, 5.47153], [-47.64703, 7.80327], [-49.95945, 5.36727], [-48.8678, 6.5227], [-47.8777, 7.56836], [-47.85642, 7.59082], [-47.83578, 7.61259], [-47.81613, 7.63332], [-47.79713, 7.65335], [-47.77879, 7.6727], [-47.76111, 7.69135], [-47.74407, 7.7093], [-47.7277, 7.72657], [-47.71198, 7.74315], [-47.69691, 7.75903], [-47.68249, 7.77423], [-47.66842, 7.78908], [-47.65499, 7.80324], [-47.64188, 7.81705], [-47.62944, 7.83017], [-47.61764, 7.8426], [-47.60618, 7.85469], [-47.59505, 7.86642], [-47.58457, 7.87747], [-47.57442, 7.88818], [-47.56459, 7.89853], [-47.5551, 7.90854], [-47.54592, 7.91821], [-47.53707, 7.92752], [-47.52856, 7.93651], [-47.52038, 7.94513], [-47.51252, 7.95341], [-47.50498, 7.96136], [-47.49777, 7.96895], [-47.49089, 7.9762], [-47.48434, 7.9831], [-47.4778, 7.99001], [-47.47157, 7.99656], [-47.46568, 8.00277], [-47.46011, 8.00864], [-47.45454, 8.0145], [-47.4493, 8.02003], [-47.44406, 8.02555], [-47.43915, 8.03073], [-47.43456, 8.03556], [-47.42998, 8.04039], [-47.42572, 8.04488], [-47.42146, 8.04936], [-47.41753, 8.05351], [-47.4136, 8.05764], [-47.41, 8.06144], [-47.4064, 8.06524], [-47.40312, 8.06869], [-47.39985, 8.07214], [-47.39657, 8.07559], [-47.39362, 8.07869], [-47.39068, 8.0818], [-47.38773, 8.08491], [-47.38511, 8.08766], [-47.38248, 8.09043], [-47.37987, 8.09319], [-47.37757, 8.0956], [-47.37528, 8.09802], [-47.37299, 8.10044], [-47.3707, 8.10285], [-47.36873, 8.10492], [-47.36676, 8.10699], [-47.3648, 8.10906], [-47.36284, 8.11113], [-47.36119, 8.11285], [-47.35956, 8.11458], [-47.35792, 8.11631], [-47.35628, 8.11803], [-47.35465, 8.11976], [-47.35333, 8.12114], [-47.35202, 8.12251], [-47.35072, 8.1239], [-47.34941, 8.12528], [-47.3481, 8.12666], [-47.34678, 8.12804], [-47.34581, 8.12908], [-47.34482, 8.1301], [-47.34384, 8.13114], [-47.34286, 8.13218], [-47.34187, 8.13321], [-47.34089, 8.13425], [-47.3399, 8.13528], [-47.33766, 8.13762], [-46.95176, 8.55369]]}}, {"type": "Feature", "properties": {"ssGmStId": 482, "ssGmStNm": "s16s-14", "cmpnntGmId": 4, "ss2dUqLnId": "s16s-14", "district": "LANDMARK", "project": "NEOGENO_FOZAMAZONAS", "subprj": "ALL_DATA", "owtype": "Seis2DLine", "Shape_Leng": 0.0, "OBJECTID": 224}, "geometry": {"type": "MultiLineString", "coordinates": [[[-47.85094, 8.5577], [-47.56284, 8.50222]], [[-47.56284, 8.50222], [-47.56223, 8.5021]], [[-47.56223, 8.5021], [-47.54384, 8.49856]], [[-47.54384, 8.49856], [-47.54369, 8.49853]], [[-47.54369, 8.49853], [-47.50812, 8.49168]], [[-47.50812, 8.49168], [-47.50783, 8.49162]], [[-47.50783, 8.49162], [-47.48106, 8.48647]], [[-47.48106, 8.48647], [-47.48007, 8.48627]], [[-47.48007, 8.48627], [-47.46208, 8.48281]], [[-47.46208, 8.48281], [-47.46139, 8.48268]], [[-47.46139, 8.48268], [-47.45403, 8.48126]], [[-47.45403, 8.48126], [-47.45205, 8.48088]], [[-47.45205, 8.48088], [-47.44598, 8.47971]], [[-47.44598, 8.47971], [-47.44269, 8.47907]], [[-47.44269, 8.47907], [-47.43506, 8.4776]], [[-47.43506, 8.4776], [-47.43333, 8.47727]], [[-47.43333, 8.47727], [-47.42701, 8.47606]], [[-47.42701, 8.47606], [-47.42396, 8.47547]], [[-47.42396, 8.47547], [-47.41399, 8.47355]], [[-47.41399, 8.47355], [-47.40519, 8.47185], [-47.40693, 8.47218]], [[-47.40693, 8.47218], [-47.4073, 8.47226], [-47.4062, 8.47205]], [[-47.4062, 8.47205], [-47.40207, 8.47125]], [[-47.40207, 8.47125], [-47.39675, 8.47023]], [[-47.39675, 8.47023], [-47.39481, 8.46985]], [[-47.39481, 8.46985], [-47.39079, 8.46908], [-47.39319, 8.46955], [-47.39481, 8.46985]], [[-47.39481, 8.46985], [-47.39559, 8.47], [-47.39675, 8.47023]], [[-47.39675, 8.47023], [-47.39799, 8.47047], [-47.4004, 8.47093], [-47.40207, 8.47125]], [[-47.40207, 8.47125], [-47.40279, 8.47139], [-47.4062, 8.47205]], [[-47.4062, 8.47205], [-47.40693, 8.47218]], [[-47.40693, 8.47218], [-47.41399, 8.47355]], [[-47.41399, 8.47355], [-47.42199, 8.47509], [-47.42396, 8.47547]], [[-47.42396, 8.47547], [-47.42409, 8.47549], [-47.4262, 8.4759], [-47.42701, 8.47606]], [[-47.42701, 8.47606], [-47.4283, 8.47631], [-47.43039, 8.47671], [-47.43249, 8.47711], [-47.43333, 8.47727]], [[-47.43333, 8.47727], [-47.4346, 8.47751], [-47.43506, 8.4776]], [[-47.43506, 8.4776], [-47.4367, 8.47793], [-47.4388, 8.47833], [-47.44089, 8.47873], [-47.44269, 8.47907]], [[-47.44269, 8.47907], [-47.44299, 8.47913], [-47.4451, 8.47954], [-47.44598, 8.47971]], [[-47.44598, 8.47971], [-47.4472, 8.47995], [-47.44929, 8.48035], [-47.45139, 8.48075], [-47.45205, 8.48088]], [[-47.45205, 8.48088], [-47.4535, 8.48115], [-47.45403, 8.48126]], [[-47.45403, 8.48126], [-47.4556, 8.48157], [-47.4577, 8.48197], [-47.45979, 8.48237], [-47.46139, 8.48268]], [[-47.46139, 8.48268], [-47.46189, 8.48277], [-47.46208, 8.48281]], [[-47.46208, 8.48281], [-47.464, 8.48318], [-47.4661, 8.48359], [-47.46819, 8.48399], [-47.47029, 8.48439], [-47.4724, 8.4848], [-47.4745, 8.48521], [-47.4766, 8.48561], [-47.47869, 8.48601], [-47.48007, 8.48627]], [[-47.48007, 8.48627], [-47.4808, 8.48641], [-47.48106, 8.48647]], [[-47.48106, 8.48647], [-47.4829, 8.48682], [-47.485, 8.48723], [-47.48709, 8.48763], [-47.48919, 8.48803], [-47.4913, 8.48844], [-47.4934, 8.48885], [-47.4955, 8.48925], [-47.49759, 8.48965], [-47.4997, 8.49006], [-47.5018, 8.49046], [-47.5039, 8.49087], [-47.506, 8.49127], [-47.50783, 8.49162]], [[-47.50783, 8.49162], [-47.5081, 8.49167], [-47.50812, 8.49168]], [[-47.50812, 8.49168], [-47.5102, 8.49208], [-47.5123, 8.49249], [-47.5144, 8.49289], [-47.51649, 8.49329], [-47.5186, 8.4937], [-47.5207, 8.4941], [-47.5228, 8.49451], [-47.5249, 8.49491], [-47.527, 8.49532], [-47.5291, 8.49572], [-47.5312, 8.49613], [-47.5333, 8.49653], [-47.53532, 8.49693]], [[-47.53532, 8.49693], [-47.5354, 8.49694], [-47.53563, 8.49698]], [[-47.53563, 8.49698], [-47.5375, 8.49734], [-47.5396, 8.49774], [-47.5417, 8.49815], [-47.54369, 8.49853]], [[-47.54369, 8.49853], [-47.5438, 8.49855], [-47.54384, 8.49856]], [[-47.54384, 8.49856], [-47.5459, 8.49896], [-47.548, 8.49936], [-47.5501, 8.49977], [-47.5522, 8.50017], [-47.5543, 8.50058], [-47.5564, 8.50098], [-47.5585, 8.50138], [-47.5606, 8.50179], [-47.56223, 8.5021]], [[-47.56223, 8.5021], [-47.5627, 8.50219], [-47.56284, 8.50222]], [[-47.56284, 8.50222], [-47.5648, 8.5026], [-47.5669, 8.503], [-47.569, 8.5034], [-47.5711, 8.50381], [-47.5732, 8.50422], [-47.5753, 8.50462], [-47.5774, 8.50502], [-47.5795, 8.50543], [-47.5816, 8.50584], [-47.5837, 8.50624], [-47.5858, 8.50664], [-47.5879, 8.50704], [-47.59, 8.50746], [-47.5921, 8.50786], [-47.5942, 8.50826], [-47.5963, 8.50866], [-47.5984, 8.50907], [-47.6005, 8.50948], [-47.6026, 8.50988], [-47.6047, 8.51028], [-47.60676, 8.51068]], [[-47.60676, 8.51068], [-47.6068, 8.51069], [-47.60692, 8.51072]], [[-47.60692, 8.51072], [-47.6089, 8.5111], [-47.61101, 8.5115], [-47.6131, 8.5119], [-47.6149, 8.51225]], [[-47.6149, 8.51225], [-47.6152, 8.51231], [-47.61598, 8.51246]], [[-47.61598, 8.51246], [-47.6173, 8.51271], [-47.61941, 8.51312], [-47.6215, 8.51352], [-47.62305, 8.51382]], [[-47.62305, 8.51382], [-47.6236, 8.51393], [-47.62504, 8.51421]], [[-47.62504, 8.51421], [-47.6257, 8.51433], [-47.6278, 8.51474], [-47.62991, 8.51514], [-47.63137, 8.51543]], [[-47.63137, 8.51543], [-47.632, 8.51555], [-47.63409, 8.51595]], [[-47.63409, 8.51595], [-47.6341, 8.51595], [-47.6362, 8.51635], [-47.63831, 8.51676], [-47.64041, 8.51716], [-47.64231, 8.51753]], [[-47.64231, 8.51753], [-47.6425, 8.51757], [-47.64313, 8.51769]], [[-47.64313, 8.51769], [-47.6446, 8.51797], [-47.64671, 8.51838], [-47.64881, 8.51878], [-47.65052, 8.51911]], [[-47.65052, 8.51911], [-47.6509, 8.51919], [-47.65217, 8.51943]], [[-47.65217, 8.51943], [-47.653, 8.51959], [-47.6551, 8.51999], [-47.65721, 8.5204], [-47.65931, 8.5208], [-47.6614, 8.52121], [-47.6635, 8.52161], [-47.66561, 8.52201], [-47.66771, 8.52242], [-47.66981, 8.52283], [-47.6719, 8.52323], [-47.67401, 8.52363], [-47.67611, 8.52404], [-47.67821, 8.52445], [-47.6803, 8.52485], [-47.6824, 8.52525], [-47.68451, 8.52565], [-47.68654, 8.52605]], [[-47.68654, 8.52605], [-47.68661, 8.52607], [-47.68679, 8.5261]], [[-47.68679, 8.5261], [-47.68871, 8.52647], [-47.6908, 8.52687], [-47.69291, 8.52727], [-47.6947, 8.52762]], [[-47.6947, 8.52762], [-47.69501, 8.52768], [-47.6958, 8.52784]], [[-47.6958, 8.52784], [-47.69711, 8.52809], [-47.69921, 8.52849], [-47.7013, 8.52889], [-47.70287, 8.5292]], [[-47.70287, 8.5292], [-47.70341, 8.5293], [-47.70479, 8.52957]], [[-47.70479, 8.52957], [-47.70551, 8.52971], [-47.70761, 8.53011], [-47.7097, 8.53051], [-47.71104, 8.53077]], [[-47.71104, 8.53077], [-47.71181, 8.53092], [-47.71378, 8.5313]], [[-47.71378, 8.5313], [-47.71391, 8.53132], [-47.71601, 8.53173], [-47.71811, 8.53213], [-47.71943, 8.53239]], [[-47.71943, 8.53239], [-47.72021, 8.53254], [-47.72231, 8.53294], [-47.72277, 8.53303]], [[-47.72277, 8.53303], [-47.72441, 8.53334], [-47.72651, 8.53375], [-47.72861, 8.53415], [-47.73039, 8.5345]], [[-47.73039, 8.5345], [-47.73071, 8.53456], [-47.73174, 8.53476]], [[-47.73174, 8.53476], [-47.73281, 8.53496], [-47.73491, 8.53537], [-47.73701, 8.53577], [-47.73862, 8.53608]], [[-47.73862, 8.53608], [-47.73911, 8.53618], [-47.74071, 8.53649]], [[-47.74071, 8.53649], [-47.74121, 8.53658], [-47.74331, 8.53698], [-47.74541, 8.53739], [-47.74751, 8.53779], [-47.74959, 8.5382]], [[-47.74959, 8.5382], [-47.74961, 8.5382], [-47.74968, 8.53821]], [[-47.74968, 8.53821], [-47.75171, 8.5386], [-47.75381, 8.53901], [-47.75591, 8.53941], [-47.75802, 8.53982], [-47.76011, 8.54022], [-47.76221, 8.54062], [-47.76431, 8.54103], [-47.76641, 8.54144], [-47.76851, 8.54184], [-47.77061, 8.54224], [-47.77271, 8.54264], [-47.77471, 8.54304]], [[-47.77471, 8.54304], [-47.77481, 8.54306], [-47.77508, 8.54311]], [[-47.77508, 8.54311], [-47.77692, 8.54346], [-47.77901, 8.54386], [-47.78111, 8.54426], [-47.7829, 8.54461]], [[-47.7829, 8.54461], [-47.78321, 8.54467], [-47.78402, 8.54483]], [[-47.78402, 8.54483], [-47.78532, 8.54508], [-47.78742, 8.54548], [-47.78951, 8.54588], [-47.79109, 8.54619]], [[-47.79109, 8.54619], [-47.79161, 8.54629], [-47.79295, 8.54655]], [[-47.79295, 8.54655], [-47.79371, 8.5467], [-47.79582, 8.5471], [-47.79791, 8.5475], [-47.79928, 8.54777]], [[-47.79928, 8.54777], [-47.80001, 8.54791], [-47.80188, 8.54827]], [[-47.80188, 8.54827], [-47.80211, 8.54831], [-47.80228, 8.54835]], [[-47.80228, 8.54835], [-47.804, 8.54868], [-47.80498, 8.54887]], [[-47.80498, 8.54887], [-47.80589, 8.54904], [-47.80692, 8.54924]], [[-47.80692, 8.54924], [-47.80776, 8.5494], [-47.80851, 8.54955]], [[-47.80851, 8.54955], [-47.80965, 8.54976], [-47.81154, 8.55013], [-47.81165, 8.55015]], [[-47.81165, 8.55015], [-47.81342, 8.5505], [-47.81443, 8.55069]], [[-47.81443, 8.55069], [-47.81531, 8.55085], [-47.81631, 8.55105]], [[-47.81631, 8.55105], [-47.81719, 8.55122], [-47.81796, 8.55137]], [[-47.81796, 8.55137], [-47.81907, 8.55158], [-47.82096, 8.55194], [-47.82103, 8.55196]], [[-47.82103, 8.55196], [-47.82285, 8.55231], [-47.82388, 8.55251]], [[-47.82388, 8.55251], [-47.82473, 8.55267], [-47.82571, 8.55286]], [[-47.82571, 8.55286], [-47.82661, 8.55304], [-47.8274, 8.55319]], [[-47.8274, 8.55319], [-47.8285, 8.55339], [-47.83038, 8.55376], [-47.83042, 8.55377]], [[-47.83042, 8.55377], [-47.83227, 8.55413], [-47.83332, 8.55433]], [[-47.83332, 8.55433], [-47.83416, 8.55448], [-47.83511, 8.55467]], [[-47.83511, 8.55467], [-47.83603, 8.55485], [-47.83685, 8.555]], [[-47.83685, 8.555], [-47.83792, 8.55521], [-47.83981, 8.55557], [-47.83685, 8.555]], [[-47.83685, 8.555], [-47.83511, 8.55467]], [[-47.83511, 8.55467], [-47.83332, 8.55433]], [[-47.83332, 8.55433], [-47.83042, 8.55377]], [[-47.83042, 8.55377], [-47.8274, 8.55319]], [[-47.8274, 8.55319], [-47.82571, 8.55286]], [[-47.82571, 8.55286], [-47.82388, 8.55251]], [[-47.82388, 8.55251], [-47.82103, 8.55196]], [[-47.82103, 8.55196], [-47.81796, 8.55137]], [[-47.81796, 8.55137], [-47.81631, 8.55105]], [[-47.81631, 8.55105], [-47.81443, 8.55069]], [[-47.81443, 8.55069], [-47.81165, 8.55015]], [[-47.81165, 8.55015], [-47.80851, 8.54955]], [[-47.80851, 8.54955], [-47.80692, 8.54924]], [[-47.80692, 8.54924], [-47.80498, 8.54887]], [[-47.80498, 8.54887], [-47.80228, 8.54835]], [[-47.80228, 8.54835], [-47.80188, 8.54827]], [[-47.80188, 8.54827], [-47.79928, 8.54777]], [[-47.79928, 8.54777], [-47.79295, 8.54655]], [[-47.79295, 8.54655], [-47.79109, 8.54619]], [[-47.79109, 8.54619], [-47.78402, 8.54483]], [[-47.78402, 8.54483], [-47.7829, 8.54461]], [[-47.7829, 8.54461], [-47.77508, 8.54311]], [[-47.77508, 8.54311], [-47.77471, 8.54304]], [[-47.77471, 8.54304], [-47.74968, 8.53821]], [[-47.74968, 8.53821], [-47.74959, 8.5382]], [[-47.74959, 8.5382], [-47.74071, 8.53649]], [[-47.74071, 8.53649], [-47.73862, 8.53608]], [[-47.73862, 8.53608], [-47.73174, 8.53476]], [[-47.73174, 8.53476], [-47.73039, 8.5345]], [[-47.73039, 8.5345], [-47.72277, 8.53303]], [[-47.72277, 8.53303], [-47.71943, 8.53239]], [[-47.71943, 8.53239], [-47.71378, 8.5313]], [[-47.71378, 8.5313], [-47.71104, 8.53077]], [[-47.71104, 8.53077], [-47.70479, 8.52957]], [[-47.70479, 8.52957], [-47.70287, 8.5292]], [[-47.70287, 8.5292], [-47.6958, 8.52784]], [[-47.6958, 8.52784], [-47.6947, 8.52762]], [[-47.6947, 8.52762], [-47.68679, 8.5261]], [[-47.68679, 8.5261], [-47.68654, 8.52605]], [[-47.68654, 8.52605], [-47.65217, 8.51943]], [[-47.65217, 8.51943], [-47.65052, 8.51911]], [[-47.65052, 8.51911], [-47.64313, 8.51769]], [[-47.64313, 8.51769], [-47.64231, 8.51753]], [[-47.64231, 8.51753], [-47.63409, 8.51595]], [[-47.63409, 8.51595], [-47.63137, 8.51543]], [[-47.63137, 8.51543], [-47.62504, 8.51421]], [[-47.62504, 8.51421], [-47.62305, 8.51382]], [[-47.62305, 8.51382], [-47.61598, 8.51246]], [[-47.61598, 8.51246], [-47.6149, 8.51225]], [[-47.6149, 8.51225], [-47.60692, 8.51072]], [[-47.60692, 8.51072], [-47.60676, 8.51068]], [[-47.60676, 8.51068], [-47.53563, 8.49698]], [[-47.53563, 8.49698], [-47.53532, 8.49693]], [[-47.53532, 8.49693], [-46.73257, 8.3423]]]}}, {"type": "Feature", "properties": {"ssGmStId": 483, "ssGmStNm": "s17-b6_stack_rel", "cmpnntGmId": 4, "ss2dUqLnId": "s17-b6_stack_rel", "district": "LANDMARK", "project": "NEOGENO_FOZAMAZONAS", "subprj": "ALL_DATA", "owtype": "Seis2DLine", "Shape_Leng": 0.0, "OBJECTID": 225}, "geometry": {"type": "LineString", "coordinates": [[-47.65009, 9.05765], [-47.73991, 8.52348]]}}, {"type": "Feature", "properties": {"ssGmStId": 484, "ssGmStNm": "s17", "cmpnntGmId": 4, "ss2dUqLnId": "s17", "district": "LANDMARK", "project": "NEOGENO_FOZAMAZONAS", "subprj": "ALL_DATA", "owtype": "Seis2DLine", "Shape_Leng": 0.0, "OBJECTID": 226}, "geometry": {"type": "MultiLineString", "coordinates": [[[-49.70865, 7.07236], [-49.41627, 7.41875], [-49.12457, 7.76473], [-48.83245, 8.11051], [-48.54369, 8.45156]], [[-48.54369, 8.45156], [-48.53985, 8.45609], [-48.85157, 8.08929], [-48.54369, 8.45156]], [[-48.54369, 8.45156], [-48.51213, 8.48868], [-48.3736, 8.65158], [-48.989, 7.92389], [-48.99171, 7.9207], [-48.9944, 7.91751], [-48.9971, 7.91431], [-48.99979, 7.91112], [-49.0025, 7.90793], [-49.0052, 7.90473], [-49.0079, 7.90153], [-49.0106, 7.89834], [-49.01329, 7.89515], [-49.016, 7.89195], [-49.01869, 7.88875], [-49.0214, 7.88556], [-49.02409, 7.88236], [-49.0268, 7.87917], [-49.02949, 7.87597], [-49.0322, 7.87278], [-49.03489, 7.86958], [-49.03759, 7.86638], [-49.04029, 7.86319], [-49.04299, 7.86], [-49.04569, 7.8568], [-49.04839, 7.8536], [-49.05109, 7.85041], [-49.05379, 7.84721], [-49.05649, 7.84402], [-49.05919, 7.84082], [-49.06189, 7.83763], [-49.06459, 7.83443], [-49.06729, 7.83123], [-49.06999, 7.82804], [-49.07269, 7.82485], [-49.07539, 7.82165], [-49.07809, 7.81845], [-49.08078, 7.81525], [-49.08349, 7.81206], [-49.08618, 7.80886], [-49.08889, 7.80567], [-49.09158, 7.80247], [-49.09429, 7.79928], [-49.09698, 7.79608], [-49.09969, 7.79288], [-49.10238, 7.78969], [-49.10508, 7.78649], [-49.10778, 7.7833], [-49.11048, 7.7801], [-49.11318, 7.7769], [-49.11588, 7.77371], [-49.11858, 7.77051], [-49.12128, 7.76731], [-49.12398, 7.76411], [-49.12668, 7.76092], [-49.12937, 7.75772], [-49.13208, 7.75453], [-49.13477, 7.75133], [-49.13748, 7.74814], [-49.14017, 7.74494], [-49.14288, 7.74174], [-49.14557, 7.73854], [-49.14828, 7.73534], [-49.15097, 7.73215], [-49.15367, 7.72895], [-49.15637, 7.72575], [-49.15907, 7.72256], [-49.16177, 7.71937], [-49.16447, 7.71617], [-49.16717, 7.71297], [-49.16987, 7.70977], [-49.17257, 7.70657], [-49.17528, 7.70337], [-49.17798, 7.70017], [-49.18068, 7.69697], [-49.18338, 7.69377], [-49.18609, 7.69057], [-49.18879, 7.68737], [-49.19149, 7.68417], [-49.1942, 7.68097], [-49.1969, 7.67777], [-49.1996, 7.67457], [-49.2023, 7.67137], [-49.205, 7.66817], [-49.20771, 7.66497], [-49.21041, 7.66177], [-49.21312, 7.65856], [-49.21582, 7.65536], [-49.21852, 7.65216], [-49.22122, 7.64897], [-49.22392, 7.64577], [-49.22663, 7.64257], [-49.22933, 7.63937], [-49.23203, 7.63617], [-49.23474, 7.63297], [-49.23744, 7.62976], [-49.24014, 7.62656], [-49.24284, 7.62336], [-49.24554, 7.62016], [-49.24825, 7.61696], [-49.25095, 7.61376], [-49.25366, 7.61056], [-49.25636, 7.60736], [-49.25906, 7.60415], [-49.26176, 7.60095], [-49.26446, 7.59775], [-49.26717, 7.59455], [-49.26987, 7.59135], [-49.27257, 7.58816], [-49.27526, 7.58496], [-49.27797, 7.58177], [-49.28066, 7.57858], [-49.28336, 7.57538], [-49.28605, 7.57219], [-49.28874, 7.569], [-49.29144, 7.5658], [-49.29414, 7.56261], [-49.29684, 7.55941], [-49.29953, 7.55621], [-49.30223, 7.55302], [-49.30492, 7.54983], [-49.30762, 7.54663], [-49.31032, 7.54344], [-49.31302, 7.54025], [-49.31571, 7.53705], [-49.31841, 7.53386], [-49.3211, 7.53067], [-49.3238, 7.52747], [-49.3265, 7.52427], [-49.3292, 7.52108], [-49.33189, 7.51788], [-49.33459, 7.51469], [-49.33728, 7.5115], [-49.33998, 7.5083], [-49.34268, 7.50511], [-49.34537, 7.50192], [-49.34807, 7.49871], [-49.35076, 7.49552], [-49.35346, 7.49233], [-49.35615, 7.48913], [-49.35886, 7.48594], [-49.36155, 7.48275], [-49.36425, 7.47955], [-49.36695, 7.47635], [-49.36966, 7.47314], [-49.37236, 7.46994], [-49.37506, 7.46674], [-49.37776, 7.46354], [-49.38046, 7.46033], [-49.38317, 7.45713], [-49.38587, 7.45393], [-49.38857, 7.45073], [-49.39128, 7.44753], [-49.39397, 7.44433], [-49.39668, 7.44112], [-49.39938, 7.43792], [-49.40209, 7.43472], [-49.40479, 7.43151], [-49.40749, 7.42831], [-49.4102, 7.42511], [-49.41289, 7.42191], [-49.4156, 7.4187], [-49.4183, 7.4155], [-49.421, 7.4123], [-49.42371, 7.4091], [-49.42641, 7.4059], [-49.42912, 7.40269], [-49.43181, 7.39949], [-49.43451, 7.39628], [-49.43722, 7.39308], [-49.43992, 7.38988], [-49.44263, 7.38668], [-49.44533, 7.38348], [-49.44803, 7.38028], [-49.45073, 7.37707], [-49.45343, 7.37386], [-49.45614, 7.37066], [-49.45884, 7.36746], [-49.46154, 7.36426], [-49.46424, 7.36107], [-49.46694, 7.35786], [-49.46964, 7.35466], [-49.47234, 7.35146], [-49.47504, 7.34827], [-49.47774, 7.34507], [-49.48044, 7.34186], [-49.48314, 7.33866], [-49.48584, 7.33547], [-49.48854, 7.33227], [-49.49123, 7.32907], [-49.49394, 7.32586], [-49.49663, 7.32267], [-49.49934, 7.31947], [-49.50203, 7.31627], [-49.50474, 7.31307], [-49.50743, 7.30987], [-49.51013, 7.30667], [-49.51284, 7.30347], [-49.51553, 7.30028], [-49.51824, 7.29707], [-49.52093, 7.29387], [-49.52364, 7.29067], [-49.52633, 7.28748], [-49.52904, 7.28427], [-49.53173, 7.28107], [-49.53443, 7.27787], [-49.53713, 7.27468], [-49.53983, 7.27147], [-49.54253, 7.26827], [-49.54523, 7.26507], [-49.54793, 7.26188], [-49.55063, 7.25867], [-49.55333, 7.25547], [-49.55603, 7.25227], [-49.55872, 7.24908], [-49.56143, 7.24587], [-49.56413, 7.24267], [-49.56683, 7.23947], [-49.56953, 7.23627], [-49.57223, 7.23307], [-49.57493, 7.22987], [-49.57763, 7.22667], [-49.58033, 7.22347], [-49.58302, 7.22027], [-49.58573, 7.21707], [-49.58842, 7.21386], [-49.59113, 7.21067], [-49.59382, 7.20747], [-49.59653, 7.20427], [-49.59922, 7.20106], [-49.60192, 7.19786], [-49.60462, 7.19467], [-49.60731, 7.19146], [-49.61002, 7.18826], [-49.61271, 7.18506], [-49.61542, 7.18186], [-49.61811, 7.17866], [-49.62082, 7.17546], [-49.62351, 7.17225], [-49.62622, 7.16906], [-49.62891, 7.16586], [-49.63161, 7.16265], [-49.66502, 7.12314], [-47.8827, 9.22897]]]}}, {"type": "Feature", "properties": {"ssGmStId": 486, "ssGmStNm": "s4-s3_complete_pstm_rel", "cmpnntGmId": 4, "ss2dUqLnId": "s4-s3_complete_pstm_rel", "district": "LANDMARK", "project": "NEOGENO_FOZAMAZONAS", "subprj": "ALL_DATA", "owtype": "Seis2DLine", "Shape_Leng": 0.0, "OBJECTID": 227}, "geometry": {"type": "MultiLineString", "coordinates": [[[-42.11174, -2.00854], [-42.27157, -1.96239]], [[-42.27157, -1.96239], [-42.48369, -1.90115]], [[-42.48369, -1.90115], [-42.51493, -1.89213]], [[-42.51493, -1.89213], [-42.54371, -1.88382]], [[-42.11174, -2.00854], [-42.18373, -1.98775], [-42.25573, -1.96696], [-42.27157, -1.96239]], [[-42.27157, -1.96239], [-42.32773, -1.94619], [-42.39972, -1.9254], [-42.47171, -1.90461], [-42.48369, -1.90115]], [[-42.48369, -1.90115], [-42.53663, -1.88586]], [[-42.53663, -1.88586], [-45.56752, -1.01055], [-42.54291, -1.88405], [-42.53663, -1.88586]], [[-42.53663, -1.88586], [-42.51493, -1.89213]], [[-42.51493, -1.89213], [-42.39148, -1.92779]], [[-42.39148, -1.92779], [-42.26606, -1.96403], [-42.26626, -1.96396], [-42.26645, -1.9639], [-42.26665, -1.96384], [-42.26685, -1.96377], [-42.39148, -1.92779]], [[-42.39148, -1.92779], [-42.97524, -1.75926]]]}}]}